"synthetic_id","synthetic","disease","facility_id","age","sex","race_ethnicity","comorbidity","stage","diagnosis_year","insurance","income","facility_type","treatment","chemo_day","adjunct_day","exit_day","event"
"SYN-DLBCL-000001",TRUE,"DLBCL","SIM-F002",78,"Female","Black",0,"I",2015,"Public","Lower","Academic",1,14,190,630.092801333696,1
"SYN-DLBCL-000002",TRUE,"DLBCL","SIM-F001",72,"Female","Black",0,"III",2022,"Private","Middle","Community",0,19,NA,744.438535095556,1
"SYN-DLBCL-000003",TRUE,"DLBCL","SIM-F001",71,"Male","Hispanic",0,"IV",2013,"Public","Higher","Community",0,16,NA,2019.85909511109,1
"SYN-DLBCL-000004",TRUE,"DLBCL","SIM-F043",78,"Female","Other",1,"II",2010,"Public","Higher","Integrated",0,23,NA,783.226981108161,1
"SYN-DLBCL-000005",TRUE,"DLBCL","SIM-F033",64,"Male","Other",0,"II",2013,"Private",NA,"Community",1,44,112,2467.47344315308,1
"SYN-DLBCL-000006",TRUE,"DLBCL","SIM-F011",44,"Male","Black",0,"I",2020,"Private","Higher","Integrated",0,13,NA,1237.33212513547,1
"SYN-DLBCL-000007",TRUE,"DLBCL","SIM-F023",73,"Male","Hispanic",1,"II",2015,"Public","Middle","Integrated",1,39,132,599.787533823598,1
"SYN-DLBCL-000008",TRUE,"DLBCL","SIM-F036",64,"Male","Other",1,"I",2012,"Private","Middle","Academic",1,13,NA,79.9910221427778,1
"SYN-DLBCL-000009",TRUE,"DLBCL","SIM-F004",60,"Male","Other",0,"IV",2017,"Private","Middle","Community",0,15,NA,904.042581795756,1
"SYN-DLBCL-000010",TRUE,"DLBCL","SIM-F032",60,"Female","Hispanic",0,"I",2022,"Public","Middle","Academic",1,27,165,959.646977641568,1
"SYN-DLBCL-000011",TRUE,"DLBCL","SIM-F026",63,"Female","Hispanic",1,"I",2011,"Private","Higher","Academic",1,14,204,605.330435874299,1
"SYN-DLBCL-000012",TRUE,"DLBCL","SIM-F008",79,"Male","Hispanic",1,"III",2013,"Public","Middle","Academic",0,24,NA,522.656224935618,1
"SYN-DLBCL-000013",TRUE,"DLBCL","SIM-F003",66,"Female","Other",1,"I",2012,"Private","Lower","Integrated",1,32,64,306.072340897133,1
"SYN-DLBCL-000014",TRUE,"DLBCL","SIM-F025",70,"Male","Other",1,"III",2019,"Private","Higher","Integrated",0,33,NA,2701.96482332773,0
"SYN-DLBCL-000015",TRUE,"DLBCL","SIM-F021",70,"Male","Hispanic",1,"I",2019,"Private","Lower","Community",0,40,NA,2084.07173583986,1
"SYN-DLBCL-000016",TRUE,"DLBCL","SIM-F054",66,"Male","Black",1,"II",2021,"Private","Higher","Integrated",1,31,196,2547.65638390323,0
"SYN-DLBCL-000017",TRUE,"DLBCL","SIM-F001",49,"Male","Black",0,"II",2019,"Private","Middle","Community",0,32,NA,1036.83584589511,NA
"SYN-DLBCL-000018",TRUE,"DLBCL","SIM-F024",71,"Male","Other",1,"I",2018,"Public","Higher","Integrated",0,40,NA,179.427174255252,0
"SYN-DLBCL-000019",TRUE,"DLBCL","SIM-F056",50,"Female","Black",1,"I",2010,"Private","Lower","Academic",0,13,NA,3065.88729509618,0
"SYN-DLBCL-000020",TRUE,"DLBCL","SIM-F027",43,"Male","Other",0,"II",2010,"Private","Higher","Integrated",0,23,NA,243.581420184981,1
"SYN-DLBCL-000021",TRUE,"DLBCL","SIM-F042",61,"Female","Black",1,"III",2021,"Private","Middle","Academic",0,43,NA,1550.03905283287,0
"SYN-DLBCL-000022",TRUE,"DLBCL","SIM-F029",64,"Female","Other",1,"I",2015,"Private","Higher","Integrated",1,28,83,1647.62139368337,0
"SYN-DLBCL-000023",TRUE,"DLBCL","SIM-F015",68,"Female","Other",1,"IV",2011,"Public","Lower","Academic",0,9,NA,2430.9402125515,0
"SYN-DLBCL-000024",TRUE,"DLBCL","SIM-F056",75,"Male","Hispanic",0,"II",2019,NA,"Lower","Academic",0,44,NA,435.76752284561,1
"SYN-DLBCL-000025",TRUE,"DLBCL","SIM-F060",63,"Male","Hispanic",1,"II",2021,"Private","Higher","Academic",1,8,149,2395.86545533035,0
"SYN-DLBCL-000026",TRUE,"DLBCL","SIM-F015",68,"Female","Black",1,"IV",2014,"Private","Lower","Academic",0,14,NA,2514.2772625864,0
"SYN-DLBCL-000027",TRUE,"DLBCL","SIM-F047",79,"Female","Other",2,"II",2010,"Private","Lower","Integrated",0,6,NA,2778.80832050811,0
"SYN-DLBCL-000028",TRUE,"DLBCL","SIM-F055",57,"Female","Black",1,"I",2017,NA,"Higher","Academic",1,32,61,1007.1872587711,1
"SYN-DLBCL-000029",TRUE,"DLBCL","SIM-F019",52,"Male","Other",1,"II",2019,"Private","Lower",NA,0,29,NA,553.524141133476,1
"SYN-DLBCL-000030",TRUE,"DLBCL","SIM-F017",83,"Female","Other",0,"III",2019,"Private","Lower","Academic",1,25,NA,192.156799690506,1
"SYN-DLBCL-000031",TRUE,"DLBCL","SIM-F036",68,"Female","Hispanic",0,"I",2019,"Public","Higher","Academic",1,27,65,2165.78238496091,0
"SYN-DLBCL-000032",TRUE,"DLBCL","SIM-F035",60,"Male","Other",2,"I",2014,"Private","Higher","Integrated",1,21,60,260.928620853567,0
"SYN-DLBCL-000033",TRUE,"DLBCL","SIM-F060",48,"Female","Black",1,"II",2017,"Private","Middle","Academic",0,9,NA,2529.2661378358,0
"SYN-DLBCL-000034",TRUE,"DLBCL","SIM-F045",78,"Male","Black",1,"II",2021,"Public","Higher","Community",0,35,NA,600.031984948016,1
"SYN-DLBCL-000035",TRUE,"DLBCL","SIM-F040",55,"Female","Other",1,"II",2010,"Public","Lower","Community",0,19,NA,2305.23734472941,1
"SYN-DLBCL-000036",TRUE,"DLBCL","SIM-F004",61,"Female","Hispanic",0,"I",2021,"Private","Higher","Community",0,12,NA,604.489618667088,1
"SYN-DLBCL-000037",TRUE,"DLBCL","SIM-F024",47,"Male","Hispanic",0,"I",2021,"Private",NA,"Integrated",1,15,265,2524.22534322483,0
"SYN-DLBCL-000038",TRUE,"DLBCL","SIM-F032",58,"Female","Black",1,"II",2019,"Public","Higher","Academic",0,42,NA,1958.04612458016,1
"SYN-DLBCL-000039",TRUE,"DLBCL","SIM-F003",51,"Female","Hispanic",1,"I",2013,"Private","Lower","Integrated",1,35,118,737.728850785643,0
"SYN-DLBCL-000040",TRUE,"DLBCL","SIM-F049",49,"Male","Hispanic",1,"I",2015,NA,"Higher","Academic",1,26,280,628.389622220982,1
"SYN-DLBCL-000041",TRUE,"DLBCL","SIM-F022",55,"Female","Hispanic",1,"I",2015,"Private","Lower","Integrated",1,9,111,255.827678988561,0
"SYN-DLBCL-000042",TRUE,"DLBCL","SIM-F014",66,"Female","Black",0,"II",2017,"Private","Higher","Integrated",0,25,NA,3261.0904580995,0
"SYN-DLBCL-000043",TRUE,"DLBCL","SIM-F018",70,"Male","Hispanic",0,"II",2010,"Private","Higher","Integrated",1,34,229,2839.11862375331,0
"SYN-DLBCL-000044",TRUE,"DLBCL","SIM-F002",50,"Male","Hispanic",0,"II",2019,"Private","Higher",NA,1,18,286,365.429904685506,0
"SYN-DLBCL-000045",TRUE,"DLBCL","SIM-F050",66,"Female","Other",2,"I",2010,"Private","Higher","Academic",0,16,NA,3148.7347467884,0
"SYN-DLBCL-000046",TRUE,"DLBCL","SIM-F035",60,"Female","Other",1,"I",2010,"Public","Lower","Integrated",0,34,NA,100.977163914392,1
"SYN-DLBCL-000047",TRUE,"DLBCL","SIM-F056",75,"Male","Other",0,"IV",2013,"Public","Higher","Academic",1,36,125,3191.54162049759,0
"SYN-DLBCL-000048",TRUE,"DLBCL","SIM-F029",66,"Female","Other",1,"II",2022,"Public","Lower","Integrated",0,19,NA,919.282178938462,1
"SYN-DLBCL-000049",TRUE,"DLBCL","SIM-F005",76,"Male","Black",1,"I",2012,"Public","Middle",NA,1,21,41,1419.70427548968,1
"SYN-DLBCL-000050",TRUE,"DLBCL","SIM-F019",79,"Female","Other",0,"II",2020,"Public","Lower","Academic",1,7,NA,50.8109099320724,1
"SYN-DLBCL-000051",TRUE,"DLBCL","SIM-F022",66,"Female","Black",0,"I",2016,"Private","Middle","Integrated",0,36,NA,775.080941219348,1
"SYN-DLBCL-000052",TRUE,"DLBCL","SIM-F017",71,"Female","Hispanic",0,"II",2017,"Public","Middle",NA,0,40,NA,1227.47725397885,1
"SYN-DLBCL-000053",TRUE,"DLBCL","SIM-F012",55,"Female","Black",2,"II",2019,"Private","Lower","Community",1,23,286,1976.50532549829,0
"SYN-DLBCL-000054",TRUE,"DLBCL","SIM-F003",71,"Male","Black",0,"II",2010,"Public","Higher","Integrated",1,43,63,1359.14080524472,1
"SYN-DLBCL-000055",TRUE,"DLBCL","SIM-F015",60,"Male","Other",1,"II",2015,"Private",NA,"Academic",0,30,NA,923.247396845048,0
"SYN-DLBCL-000056",TRUE,"DLBCL","SIM-F025",37,"Female","Black",0,"I",2019,"Private","Higher","Integrated",1,19,168,629.665912070802,1
"SYN-DLBCL-000057",TRUE,"DLBCL","SIM-F058",53,"Female","Other",1,"II",2021,"Private","Higher","Academic",0,13,NA,2448.76909753308,0
"SYN-DLBCL-000058",TRUE,"DLBCL","SIM-F029",69,"Female","Other",1,"I",2015,"Private","Lower","Integrated",0,29,NA,1590.68068391876,0
"SYN-DLBCL-000059",TRUE,"DLBCL","SIM-F016",46,"Female","Other",1,"II",2010,"Private","Lower","Academic",0,37,NA,1827.6972778223,0
"SYN-DLBCL-000060",TRUE,"DLBCL","SIM-F005",73,"Male","Black",1,"II",2011,"Private","Lower","Community",1,41,236,837.315439892104,1
"SYN-DLBCL-000061",TRUE,"DLBCL","SIM-F051",56,"Female","Other",1,"II",2013,"Private","Higher","Community",1,40,99,1843.08828856979,1
"SYN-DLBCL-000062",TRUE,"DLBCL","SIM-F057",64,"Male","Black",0,"II",2019,"Private","Lower","Community",0,16,NA,2981.19593859534,0
"SYN-DLBCL-000063",TRUE,"DLBCL","SIM-F013",61,"Male","Black",1,"II",2021,"Private","Higher","Integrated",0,25,NA,79.8935090332863,1
"SYN-DLBCL-000064",TRUE,"DLBCL","SIM-F038",55,"Female","Hispanic",0,"III",2020,"Private","Lower","Community",0,41,NA,1664.95477354128,1
"SYN-DLBCL-000065",TRUE,"DLBCL","SIM-F025",68,"Female","Other",0,"I",2017,"Private","Middle","Integrated",1,42,NA,3000.39087939309,0
"SYN-DLBCL-000066",TRUE,"DLBCL","SIM-F013",51,"Male","Black",0,"I",2010,"Private","Middle","Integrated",0,32,NA,474.74351613169,1
"SYN-DLBCL-000067",TRUE,"DLBCL","SIM-F042",62,"Female","Other",1,"I",2013,"Private","Lower","Academic",0,19,NA,541.906692422926,0
"SYN-DLBCL-000068",TRUE,"DLBCL","SIM-F041",65,"Female","Other",1,"I",2010,"Public","Higher","Academic",NA,37,NA,321.817340382135,1
"SYN-DLBCL-000069",TRUE,"DLBCL","SIM-F030",61,"Male","Hispanic",0,"I",2015,"Private",NA,"Academic",0,19,NA,507.617424025723,0
"SYN-DLBCL-000070",TRUE,"DLBCL","SIM-F039",79,"Female","Hispanic",1,"II",2018,"Private","Lower","Integrated",0,16,NA,1698.1778041206,1
"SYN-DLBCL-000071",TRUE,"DLBCL","SIM-F057",42,"Female","Other",1,"III",2022,"Private","Lower","Community",1,20,148,2507.96706296401,1
"SYN-DLBCL-000072",TRUE,"DLBCL","SIM-F040",90,"Female","Other",0,"II",2010,NA,"Higher","Community",1,28,283,2067.54598244873,1
"SYN-DLBCL-000073",TRUE,"DLBCL","SIM-F020",57,"Male","Other",0,"I",2010,"Private","Lower","Community",0,16,NA,1520.90733795792,1
"SYN-DLBCL-000074",TRUE,"DLBCL","SIM-F048",64,"Female","Hispanic",0,"II",2016,"Public","Lower","Community",1,26,228,1630.44523991934,1
"SYN-DLBCL-000075",TRUE,"DLBCL","SIM-F005",76,"Female","Black",1,"I",2010,"Public","Middle","Community",0,9,NA,2312.27030160604,0
"SYN-DLBCL-000076",TRUE,"DLBCL","SIM-F030",52,"Female","Other",1,"II",2018,"Private","Lower","Academic",1,20,247,276.747665569063,0
"SYN-DLBCL-000077",TRUE,"DLBCL","SIM-F036",73,"Male","Black",1,"I",2015,"Public","Middle","Academic",0,36,NA,2768.58993594315,1
"SYN-DLBCL-000078",TRUE,"DLBCL","SIM-F039",72,"Male","Black",0,"II",2020,"Private",NA,"Integrated",0,42,NA,2099.99044052956,1
"SYN-DLBCL-000079",TRUE,"DLBCL","SIM-F033",77,"Male","Hispanic",0,"I",2018,"Public","Middle","Community",0,38,NA,1149.23476402268,1
"SYN-DLBCL-000080",TRUE,"DLBCL","SIM-F020",63,"Male","Hispanic",0,"III",2022,"Private",NA,"Community",0,23,NA,2937.04303704086,0
"SYN-DLBCL-000081",TRUE,"DLBCL","SIM-F060",59,"Male","Other",1,"I",2012,"Private","Lower","Academic",1,34,293,347.180753011773,1
"SYN-DLBCL-000082",TRUE,"DLBCL","SIM-F014",77,"Female","Black",0,"II",2021,"Public","Middle","Integrated",0,10,NA,2078.554918105,1
"SYN-DLBCL-000083",TRUE,"DLBCL","SIM-F058",52,"Male","Hispanic",1,"I",2018,"Public","Middle","Academic",1,28,69,1910.02245557844,0
"SYN-DLBCL-000084",TRUE,"DLBCL","SIM-F034",78,"Female","Black",0,"II",2020,"Public","Middle","Community",0,36,NA,305.418230462819,0
"SYN-DLBCL-000085",TRUE,"DLBCL","SIM-F037",47,"Male","Hispanic",1,"I",2017,"Private","Higher","Community",1,25,80,780.631989200197,1
"SYN-DLBCL-000086",TRUE,"DLBCL","SIM-F049",43,"Male","Hispanic",0,"I",2022,"Public",NA,"Academic",1,8,170,1583.14887281391,0
"SYN-DLBCL-000087",TRUE,"DLBCL","SIM-F041",65,"Male","Other",1,"II",2013,"Private","Middle","Academic",0,12,NA,477.716419843848,0
"SYN-DLBCL-000088",TRUE,"DLBCL","SIM-F006",53,"Male","Hispanic",0,"I",2014,"Private","Middle","Integrated",1,27,165,1470.34415309575,1
"SYN-DLBCL-000089",TRUE,"DLBCL","SIM-F030",66,"Female","Black",0,"II",2021,"Public","Lower","Academic",0,32,NA,858.225039529131,1
"SYN-DLBCL-000090",TRUE,"DLBCL","SIM-F042",79,"Male","Black",1,"II",2018,"Private","Middle","Academic",0,11,NA,2082.6953558973,0
"SYN-DLBCL-000091",TRUE,"DLBCL","SIM-F018",47,"Male","Other",1,"I",2013,"Public","Lower",NA,1,45,133,377.400053534657,0
"SYN-DLBCL-000092",TRUE,"DLBCL","SIM-F039",45,"Male","Other",0,"I",2015,"Private",NA,"Integrated",1,44,235,790.377059821039,0
"SYN-DLBCL-000093",TRUE,"DLBCL","SIM-F036",70,"Male","Black",0,"II",2020,"Private","Middle","Academic",1,30,198,1110.15631338581,0
"SYN-DLBCL-000094",TRUE,"DLBCL","SIM-F041",61,"Female","Black",0,"I",2018,"Private","Lower","Academic",1,9,124,1970.47810174059,0
"SYN-DLBCL-000095",TRUE,"DLBCL","SIM-F019",43,"Male","Hispanic",1,"I",2019,"Private","Higher",NA,1,35,89,1474.050993538,0
"SYN-DLBCL-000096",TRUE,"DLBCL","SIM-F030",51,"Female","Black",0,"II",2010,"Public","Higher","Academic",1,14,174,3199.71471769037,0
"SYN-DLBCL-000097",TRUE,"DLBCL","SIM-F058",83,"Male","Hispanic",1,"III",2018,"Public","Higher","Academic",0,35,NA,69.9530480057001,0
"SYN-DLBCL-000098",TRUE,"DLBCL","SIM-F051",62,"Female","Hispanic",0,"II",2010,NA,"Higher","Community",1,14,155,858.897722661495,0
"SYN-DLBCL-000099",TRUE,"DLBCL","SIM-F052",65,"Female","Other",0,"II",2016,"Private","Higher","Academic",0,43,NA,438.842582821663,1
"SYN-DLBCL-000100",TRUE,"DLBCL","SIM-F007",47,"Female","Black",1,"II",2019,"Private","Lower","Academic",0,35,NA,2133.55442164699,0
"SYN-DLBCL-000101",TRUE,"DLBCL","SIM-F016",58,"Female","Black",1,"IV",2016,"Private","Lower","Academic",1,25,203,873.777044046763,1
"SYN-DLBCL-000102",TRUE,"DLBCL","SIM-F018",79,"Male","Black",1,"II",2013,"Private","Higher",NA,0,8,NA,1613.45562339062,0
"SYN-DLBCL-000103",TRUE,"DLBCL","SIM-F007",61,"Male","Black",0,"I",2016,"Private","Higher","Academic",1,9,227,1967.98754130208,1
"SYN-DLBCL-000104",TRUE,"DLBCL","SIM-F054",71,"Male","Hispanic",1,"III",2013,"Public","Middle",NA,0,29,NA,2768.31640782417,0
"SYN-DLBCL-000105",TRUE,"DLBCL","SIM-F008",82,"Female","Other",0,"I",2014,"Private","Middle","Academic",0,25,NA,1214.25504136776,1
"SYN-DLBCL-000106",TRUE,"DLBCL","SIM-F011",59,"Female","Hispanic",1,"I",2011,"Private","Lower",NA,1,17,131,2409.46218066034,0
"SYN-DLBCL-000107",TRUE,"DLBCL","SIM-F024",55,"Female","Other",0,"I",2015,"Public","Higher","Integrated",1,45,311,2164.75264413399,0
"SYN-DLBCL-000108",TRUE,"DLBCL","SIM-F002",56,"Male","Hispanic",0,"I",2016,"Public","Higher","Academic",1,10,171,2112.94407273177,0
"SYN-DLBCL-000109",TRUE,"DLBCL","SIM-F046",72,"Male","Black",1,"I",2016,"Public","Higher","Academic",1,19,NA,88.298390727458,1
"SYN-DLBCL-000110",TRUE,"DLBCL","SIM-F054",65,"Male","Black",1,"II",2017,"Public","Lower",NA,1,NA,NA,8.53645443005827,1
"SYN-DLBCL-000111",TRUE,"DLBCL","SIM-F060",50,"Female","Hispanic",0,"II",2013,"Private","Middle","Academic",1,43,196,2126.69278921327,0
"SYN-DLBCL-000112",TRUE,"DLBCL","SIM-F041",59,"Female","Black",1,"I",2011,"Private",NA,"Academic",0,40,NA,730.115337586756,1
"SYN-DLBCL-000113",TRUE,"DLBCL","SIM-F052",80,"Female","Other",0,"III",2012,"Private","Higher",NA,1,15,124,1868.13278369226,0
"SYN-DLBCL-000114",TRUE,"DLBCL","SIM-F009",62,"Female","Hispanic",1,"III",2010,"Private","Higher","Community",NA,8,63,641.694199966354,1
"SYN-DLBCL-000115",TRUE,"DLBCL","SIM-F012",79,"Male","Hispanic",0,"I",2014,"Public","Middle","Community",0,20,NA,447.912328535039,1
"SYN-DLBCL-000116",TRUE,"DLBCL","SIM-F050",39,"Female","Hispanic",1,"II",2013,"Private","Middle","Academic",1,14,184,3002.84737231792,0
"SYN-DLBCL-000117",TRUE,"DLBCL","SIM-F015",90,"Female","Hispanic",NA,"I",2012,"Public","Middle","Academic",0,5,NA,2191.48016712885,1
"SYN-DLBCL-000118",TRUE,"DLBCL","SIM-F007",60,"Male","Black",0,"I",2016,"Private","Lower","Academic",0,25,NA,178.366521255602,1
"SYN-DLBCL-000119",TRUE,"DLBCL","SIM-F055",52,"Female","Other",0,"II",2011,"Private",NA,"Academic",0,20,NA,3072.64954521903,0
"SYN-DLBCL-000120",TRUE,"DLBCL","SIM-F042",38,"Male","Other",0,"I",2016,"Private",NA,"Academic",1,29,274,2243.44292365364,0
"SYN-DLBCL-000121",TRUE,"DLBCL","SIM-F052",53,"Female","Other",1,"II",2021,"Private","Middle","Academic",0,12,NA,321.223411020143,1
"SYN-DLBCL-000122",TRUE,"DLBCL","SIM-F026",62,"Male","Black",1,"III",2012,"Public","Middle","Academic",0,9,NA,146.705898187598,1
"SYN-DLBCL-000123",TRUE,"DLBCL","SIM-F029",78,"Female","Black",2,"I",2021,"Public","Higher","Integrated",0,16,NA,592.848446324973,1
"SYN-DLBCL-000124",TRUE,"DLBCL","SIM-F006",54,"Male","Other",0,"I",2017,"Private","Higher","Integrated",0,43,NA,2173.33830610598,0
"SYN-DLBCL-000125",TRUE,"DLBCL","SIM-F008",60,"Male","Other",1,"II",2022,"Private","Middle","Academic",0,26,NA,1968.11166592175,0
"SYN-DLBCL-000126",TRUE,"DLBCL","SIM-F001",46,"Male","Other",1,"I",2011,"Private","Lower","Community",1,16,37,2240.66403809353,0
"SYN-DLBCL-000127",TRUE,"DLBCL","SIM-F035",47,"Female","Hispanic",0,"I",2011,"Private","Middle","Integrated",1,8,60,1201.91240581194,1
"SYN-DLBCL-000128",TRUE,"DLBCL","SIM-F028",50,"Female","Black",1,"II",2021,"Public","Middle",NA,0,36,NA,1455.75075866889,1
"SYN-DLBCL-000129",TRUE,"DLBCL","SIM-F047",62,"Female","Other",0,"I",2014,"Private","Lower","Integrated",1,21,140,1142.65094162005,1
"SYN-DLBCL-000130",TRUE,"DLBCL","SIM-F028",59,"Male","Other",0,"II",2022,"Public","Middle","Community",0,41,NA,1694.7304174793,0
"SYN-DLBCL-000131",TRUE,"DLBCL","SIM-F041",67,"Male","Black",0,"III",2015,"Private","Lower","Academic",1,34,NA,47.8853252094472,0
"SYN-DLBCL-000132",TRUE,"DLBCL","SIM-F025",62,"Male","Hispanic",0,"I",2017,"Public","Higher","Integrated",1,6,153,1564.06466298155,0
"SYN-DLBCL-000133",TRUE,"DLBCL","SIM-F027",52,"Male","Hispanic",0,"II",2011,"Private","Higher","Integrated",0,45,NA,1707.24841674862,1
"SYN-DLBCL-000134",TRUE,"DLBCL","SIM-F034",63,"Male","Black",0,"II",2022,"Public",NA,"Community",0,28,NA,248.245682032656,1
"SYN-DLBCL-000135",TRUE,"DLBCL","SIM-F018",50,"Female","Hispanic",1,"IV",2012,"Private","Higher","Integrated",0,16,NA,1085.83480423795,1
"SYN-DLBCL-000136",TRUE,"DLBCL","SIM-F057",54,"Male","Black",1,"II",2017,"Private","Lower",NA,0,36,NA,1288.42020815127,1
"SYN-DLBCL-000137",TRUE,"DLBCL","SIM-F025",20,"Male","Black",0,"I",2011,"Private","Higher","Integrated",1,7,88,2210.50898122718,0
"SYN-DLBCL-000138",TRUE,"DLBCL","SIM-F005",65,"Female","Other",2,"IV",2014,"Public","Middle","Community",0,31,NA,806.319579510671,1
"SYN-DLBCL-000139",TRUE,"DLBCL","SIM-F013",71,"Female","Other",1,"I",2013,"Private","Lower","Integrated",0,13,NA,615.892818416262,0
"SYN-DLBCL-000140",TRUE,"DLBCL","SIM-F037",68,"Male","Hispanic",0,"II",2018,NA,"Middle","Community",1,40,66,202.706702911138,1
"SYN-DLBCL-000141",TRUE,"DLBCL","SIM-F013",63,"Female","Black",0,"I",2020,"Private","Higher","Integrated",0,39,NA,1066.53972163159,1
"SYN-DLBCL-000142",TRUE,"DLBCL","SIM-F029",73,"Male","Hispanic",0,"II",2014,"Public","Lower","Integrated",0,17,NA,1558.59701046855,1
"SYN-DLBCL-000143",TRUE,"DLBCL","SIM-F003",81,"Female","Hispanic",2,"III",2012,"Private",NA,"Integrated",0,12,NA,316.718452725433,1
"SYN-DLBCL-000144",TRUE,"DLBCL","SIM-F038",65,"Female","Hispanic",0,"I",2010,"Private","Lower","Community",0,41,NA,1542.56101926672,0
"SYN-DLBCL-000145",TRUE,"DLBCL","SIM-F048",54,"Male","Other",0,"I",2014,"Private",NA,"Community",1,23,289,2080.7648685202,0
"SYN-DLBCL-000146",TRUE,"DLBCL","SIM-F055",66,"Male","Other",1,"II",2018,"Private",NA,"Academic",0,17,NA,203.48186825107,1
"SYN-DLBCL-000147",TRUE,"DLBCL","SIM-F033",79,"Male","Black",2,"III",2012,"Public","Lower","Community",0,45,NA,236.707263843781,1
"SYN-DLBCL-000148",TRUE,"DLBCL","SIM-F001",59,"Male","Black",0,"III",2013,"Private","Higher","Community",0,26,NA,820.484306955845,1
"SYN-DLBCL-000149",TRUE,"DLBCL","SIM-F015",67,"Female","Black",1,"II",2016,"Private","Higher","Academic",1,34,100,1006.42095505042,1
"SYN-DLBCL-000150",TRUE,"DLBCL","SIM-F055",67,"Male","Black",0,"III",2012,"Public","Lower","Academic",0,19,NA,1672.70657724235,0
"SYN-DLBCL-000151",TRUE,"DLBCL","SIM-F005",54,"Male","Black",0,"I",2021,"Private","Lower","Community",0,23,NA,586.017752598,1
"SYN-DLBCL-000152",TRUE,"DLBCL","SIM-F045",85,"Male","Other",0,"IV",2011,"Public","Lower","Community",0,30,NA,2135.12027699348,1
"SYN-DLBCL-000153",TRUE,"DLBCL","SIM-F039",64,"Male","Black",2,"I",2017,"Public","Higher","Integrated",1,37,92,1077.03413478603,1
"SYN-DLBCL-000154",TRUE,"DLBCL","SIM-F020",51,"Male","Black",0,"I",2010,"Private","Lower","Community",0,17,NA,1512.82697292278,0
"SYN-DLBCL-000155",TRUE,"DLBCL","SIM-F042",57,"Male","Hispanic",0,"II",2018,"Private","Lower",NA,1,42,261,2241.83994426078,1
"SYN-DLBCL-000156",TRUE,"DLBCL","SIM-F058",52,"Female","Black",0,"I",2022,"Private","Higher","Academic",1,25,236,2239.73366296986,1
"SYN-DLBCL-000157",TRUE,"DLBCL","SIM-F036",57,"Female","Hispanic",2,"III",2022,"Private","Lower","Academic",0,7,NA,2613.23266722844,0
"SYN-DLBCL-000158",TRUE,"DLBCL","SIM-F032",55,"Male","Black",1,"II",2010,"Private","Middle","Academic",1,32,91,2283.95115900435,0
"SYN-DLBCL-000159",TRUE,"DLBCL","SIM-F049",56,"Female","Black",0,"I",2014,"Public","Lower","Academic",1,42,297,2049.38125564018,0
"SYN-DLBCL-000160",TRUE,"DLBCL","SIM-F006",49,"Female","Hispanic",0,"II",2013,"Private","Higher","Integrated",1,13,283,1270.9373555705,0
"SYN-DLBCL-000161",TRUE,"DLBCL","SIM-F022",74,"Female","Hispanic",1,"II",2022,"Public","Middle","Integrated",0,9,NA,551.564619119478,1
"SYN-DLBCL-000162",TRUE,"DLBCL","SIM-F032",50,"Male","Black",1,"I",2012,"Public","Lower","Academic",0,11,NA,1168.6521140163,1
"SYN-DLBCL-000163",TRUE,"DLBCL","SIM-F013",56,"Female","Other",0,"II",2011,"Private","Lower","Integrated",1,27,48,2697.31957152289,1
"SYN-DLBCL-000164",TRUE,"DLBCL","SIM-F055",68,"Male","Black",0,"I",2017,"Public","Lower","Academic",1,NA,NA,12.0912043485882,1
"SYN-DLBCL-000165",TRUE,"DLBCL","SIM-F008",64,"Female","Black",1,"II",2010,"Public","Lower","Academic",0,26,NA,315.693459371281,1
"SYN-DLBCL-000166",TRUE,"DLBCL","SIM-F055",90,"Male","Hispanic",0,"I",2022,"Public","Lower","Academic",0,375,NA,66.3954419289576,1
"SYN-DLBCL-000167",TRUE,"DLBCL","SIM-F015",57,"Male","Other",2,"I",2011,"Private","Middle","Academic",0,28,NA,1460.8816236339,0
"SYN-DLBCL-000168",TRUE,"DLBCL","SIM-F042",74,"Female","Hispanic",1,"III",2017,"Private","Higher","Academic",1,30,141,278.665309246972,1
"SYN-DLBCL-000169",TRUE,"DLBCL","SIM-F048",75,"Female","Other",1,"I",2014,"Private","Middle","Community",0,37,NA,1605.64923246508,0
"SYN-DLBCL-000170",TRUE,"DLBCL","SIM-F003",60,"Female","Black",0,"I",2016,"Public","Middle","Integrated",0,26,NA,2346.95072751725,0
"SYN-DLBCL-000171",TRUE,"DLBCL","SIM-F050",44,"Female","Other",0,"II",2013,"Private","Middle","Academic",1,40,127,1882.89160098298,0
"SYN-DLBCL-000172",TRUE,"DLBCL","SIM-F026",66,"Male","Black",2,"I",2021,"Private","Lower","Academic",1,22,260,2178.60189307673,1
"SYN-DLBCL-000173",TRUE,"DLBCL","SIM-F018",49,"Male","Other",0,"II",2011,"Public","Middle","Integrated",1,36,NA,115.168842903568,1
"SYN-DLBCL-000174",TRUE,"DLBCL","SIM-F054",54,"Male","Hispanic",1,"I",2018,"Private","Lower","Integrated",1,21,50,543.267710579652,1
"SYN-DLBCL-000175",TRUE,"DLBCL","SIM-F043",69,"Male","Black",0,"I",2015,"Public","Higher","Integrated",0,28,NA,3121.27442938159,0
"SYN-DLBCL-000176",TRUE,"DLBCL","SIM-F034",89,"Female","Hispanic",0,"I",2020,"Public","Middle","Community",0,10,NA,2191.30738615262,1
"SYN-DLBCL-000177",TRUE,"DLBCL","SIM-F048",41,"Male","Other",0,"IV",2010,"Private",NA,NA,1,18,101,424.192503638576,1
"SYN-DLBCL-000178",TRUE,"DLBCL","SIM-F045",61,"Female","Black",1,"II",2015,"Private","Higher","Community",0,9,NA,315.406491849571,0
"SYN-DLBCL-000179",TRUE,"DLBCL","SIM-F047",61,"Male","Other",1,"I",2011,"Public","Higher","Integrated",0,14,NA,982.247650512114,1
"SYN-DLBCL-000180",TRUE,"DLBCL","SIM-F032",90,"Male","Black",2,"IV",2010,"Public","Lower","Academic",0,45,NA,126.001117363089,1
"SYN-DLBCL-000181",TRUE,"DLBCL","SIM-F038",74,"Male","Other",1,"II",2019,"Public","Lower","Community",0,23,NA,468.802693076707,1
"SYN-DLBCL-000182",TRUE,"DLBCL","SIM-F006",52,"Female","Black",1,"III",2021,"Private","Higher","Integrated",1,11,261,1507.84820413915,0
"SYN-DLBCL-000183",TRUE,"DLBCL","SIM-F055",66,"Male","Black",0,"I",2014,"Public","Higher","Academic",1,45,317,2019.56746900454,0
"SYN-DLBCL-000184",TRUE,"DLBCL","SIM-F051",54,"Male","Other",0,"II",2020,"Private","Higher","Community",1,38,249,2448.82533732802,0
"SYN-DLBCL-000185",TRUE,"DLBCL","SIM-F040",64,"Female","Hispanic",0,"III",2016,"Private","Lower","Community",1,12,241,1825.73294649028,1
"SYN-DLBCL-000186",TRUE,"DLBCL","SIM-F023",66,"Male","Black",1,"I",2015,"Public","Middle","Integrated",0,37,NA,1185.38916426846,1
"SYN-DLBCL-000187",TRUE,"DLBCL","SIM-F020",51,"Male","Black",1,"II",2018,NA,"Middle","Community",1,25,74,2756.17101130425,0
"SYN-DLBCL-000188",TRUE,"DLBCL","SIM-F050",76,"Male","Black",0,"I",2017,"Public","Lower","Academic",1,41,296,1457.83522908822,1
"SYN-DLBCL-000189",TRUE,"DLBCL","SIM-F001",75,"Male","Black",0,"III",2010,"Private","Higher","Community",0,6,NA,1067.73427524732,1
"SYN-DLBCL-000190",TRUE,"DLBCL","SIM-F018",50,"Male","Hispanic",0,"II",2012,"Public","Lower","Integrated",1,42,303,2462.41242084303,0
"SYN-DLBCL-000191",TRUE,"DLBCL","SIM-F048",57,"Male","Other",0,"I",2018,"Private","Lower","Community",1,375,72,2469.84813848627,0
"SYN-DLBCL-000192",TRUE,"DLBCL","SIM-F037",68,"Male","Hispanic",1,"I",2016,"Public",NA,"Community",1,22,246,869.992744603075,1
"SYN-DLBCL-000193",TRUE,"DLBCL","SIM-F008",36,"Female","Other",0,"II",2020,"Private","Lower","Academic",1,22,152,795.009658112432,1
"SYN-DLBCL-000194",TRUE,"DLBCL","SIM-F044",57,"Male","Black",0,"I",2013,"Public","Middle","Academic",1,9,48,615.005922341135,0
"SYN-DLBCL-000195",TRUE,"DLBCL","SIM-F034",70,"Male","Hispanic",0,"III",2012,"Public",NA,"Community",0,19,NA,676.973229727058,0
"SYN-DLBCL-000196",TRUE,"DLBCL","SIM-F056",69,"Female","Other",2,"I",2019,"Public","Higher","Academic",0,9,NA,588.067624728787,1
"SYN-DLBCL-000197",TRUE,"DLBCL","SIM-F028",64,"Male","Other",0,"IV",2010,"Private","Lower","Community",0,17,NA,2627.86951280665,0
"SYN-DLBCL-000198",TRUE,"DLBCL","SIM-F043",53,"Female","Black",1,"I",2014,"Private","Lower","Integrated",0,25,NA,1604.72104059532,0
"SYN-DLBCL-000199",TRUE,"DLBCL","SIM-F005",61,"Female","Hispanic",1,"II",2022,NA,"Middle","Community",1,44,220,2235.95495788381,0
"SYN-DLBCL-000200",TRUE,"DLBCL","SIM-F026",66,"Female","Black",0,"III",2012,"Private","Middle","Academic",0,40,NA,3245.30525258975,0
"SYN-DLBCL-000201",TRUE,"DLBCL","SIM-F017",44,"Male","Black",0,"II",2020,"Private","Higher","Academic",1,43,241,1985.00322898322,1
"SYN-DLBCL-000202",TRUE,"DLBCL","SIM-F044",72,"Male","Hispanic",2,"I",2014,"Public","Middle","Academic",1,8,123,972.656375675619,1
"SYN-DLBCL-000203",TRUE,"DLBCL","SIM-F038",70,"Male","Hispanic",0,"I",2022,"Public","Lower","Community",0,43,NA,1819.45618999567,1
"SYN-DLBCL-000204",TRUE,"DLBCL","SIM-F003",52,"Male","Black",1,"I",2017,"Private",NA,"Integrated",1,38,225,2146.00025273912,1
"SYN-DLBCL-000205",TRUE,"DLBCL","SIM-F017",70,"Female","Hispanic",2,"I",2016,"Public","Higher","Academic",0,7,NA,1483.18802083225,1
"SYN-DLBCL-000206",TRUE,"DLBCL","SIM-F055",59,"Female","Hispanic",0,"I",2011,"Public","Middle","Academic",1,15,143,1366.00211556816,1
"SYN-DLBCL-000207",TRUE,"DLBCL","SIM-F033",64,"Female","Other",1,"II",2011,"Public","Higher","Community",1,36,148,841.065151226077,1
"SYN-DLBCL-000208",TRUE,"DLBCL","SIM-F043",70,"Female","Other",2,"II",2015,"Public","Higher","Integrated",0,NA,NA,17.0213780201015,1
"SYN-DLBCL-000209",TRUE,"DLBCL","SIM-F030",84,"Female","Black",0,"I",2011,"Public","Middle","Academic",0,23,NA,2982.69162364134,1
"SYN-DLBCL-000210",TRUE,"DLBCL","SIM-F010",72,"Male","Hispanic",1,"I",2014,"Private","Lower","Integrated",0,15,NA,898.17767623812,0
"SYN-DLBCL-000211",TRUE,"DLBCL","SIM-F037",59,"Male","Black",1,"II",2015,"Public","Higher","Community",0,36,NA,2283.11366523045,1
"SYN-DLBCL-000212",TRUE,"DLBCL","SIM-F035",55,"Female","Black",1,"II",2020,"Private","Higher","Integrated",1,15,101,2844.80473520467,0
"SYN-DLBCL-000213",TRUE,"DLBCL","SIM-F054",54,"Female","Other",1,"I",2016,"Public","Middle","Integrated",1,32,NA,39.4077158217796,1
"SYN-DLBCL-000214",TRUE,"DLBCL","SIM-F013",76,"Female","Hispanic",1,"IV",2015,"Private","Higher","Integrated",1,28,166,514.072982045902,1
"SYN-DLBCL-000215",TRUE,"DLBCL","SIM-F052",56,"Male","Other",0,"II",2013,"Public","Lower","Academic",1,11,247,940.252021680235,1
"SYN-DLBCL-000216",TRUE,"DLBCL","SIM-F048",78,"Female","Other",2,"II",2011,"Public","Higher","Community",1,32,300,1594.79441608652,0
"SYN-DLBCL-000217",TRUE,"DLBCL","SIM-F051",72,"Male","Black",1,"II",2011,"Private","Lower","Community",0,11,NA,1908.00425163064,1
"SYN-DLBCL-000218",TRUE,"DLBCL","SIM-F031",60,"Male","Black",0,"I",2022,"Private","Higher","Academic",1,32,159,207.829561054601,0
"SYN-DLBCL-000219",TRUE,"DLBCL","SIM-F010",66,"Male","Hispanic",0,"IV",2011,"Private","Higher","Integrated",0,31,NA,910.886183716357,0
"SYN-DLBCL-000220",TRUE,"DLBCL","SIM-F027",58,"Female","Other",1,"III",2018,"Private","Higher","Integrated",0,37,NA,255.229206710443,1
"SYN-DLBCL-000221",TRUE,"DLBCL","SIM-F052",59,"Female","Other",0,"IV",2021,"Public","Lower","Academic",1,5,172,1925.89937451645,0
"SYN-DLBCL-000222",TRUE,"DLBCL","SIM-F012",78,"Female","Black",2,"I",2020,"Public","Lower","Community",0,8,NA,2594.90423538373,1
"SYN-DLBCL-000223",TRUE,"DLBCL","SIM-F049",86,"Female","Other",0,"III",2019,"Public","Lower","Academic",0,6,NA,3144.07312122872,0
"SYN-DLBCL-000224",TRUE,"DLBCL","SIM-F035",90,"Male","Other",0,"II",2017,"Public","Lower",NA,1,37,304,2272.66752756268,1
"SYN-DLBCL-000225",TRUE,"DLBCL","SIM-F007",54,"Male","Other",0,"II",2018,"Private","Lower","Academic",1,42,273,844.773086935531,1
"SYN-DLBCL-000226",TRUE,"DLBCL","SIM-F026",62,"Female","Other",0,"II",2010,"Private","Middle","Academic",0,375,NA,1975.22244440857,0
"SYN-DLBCL-000227",TRUE,"DLBCL","SIM-F030",57,"Female","Other",0,"I",2019,"Private","Higher","Academic",0,18,NA,901.300864828385,1
"SYN-DLBCL-000228",TRUE,"DLBCL","SIM-F040",29,"Female","Other",0,"I",2019,"Private","Higher","Community",0,7,NA,1923.78396620974,0
"SYN-DLBCL-000229",TRUE,"DLBCL","SIM-F004",56,"Female","Other",0,"III",2017,"Private","Lower","Community",1,20,117,1680.4797053244,0
"SYN-DLBCL-000230",TRUE,"DLBCL","SIM-F048",73,"Female","Black",0,"IV",2019,"Private","Higher","Community",0,12,NA,3178.59877533861,0
"SYN-DLBCL-000231",TRUE,"DLBCL","SIM-F054",59,"Male","Hispanic",0,"III",2021,"Public","Middle","Integrated",1,15,235,1095.18910860918,1
"SYN-DLBCL-000232",TRUE,"DLBCL","SIM-F007",77,"Male","Hispanic",0,"II",2011,"Public","Middle","Academic",1,17,258,1139.4118208997,0
"SYN-DLBCL-000233",TRUE,"DLBCL","SIM-F004",70,"Female","Hispanic",1,"I",2014,"Public","Higher","Community",0,18,NA,509.425068857861,1
"SYN-DLBCL-000234",TRUE,"DLBCL","SIM-F014",48,"Male","Hispanic",1,"I",2011,"Private","Higher","Integrated",0,37,NA,1336.51310101125,1
"SYN-DLBCL-000235",TRUE,"DLBCL","SIM-F032",51,"Female","Hispanic",1,"II",2010,NA,"Higher","Academic",1,20,145,2215.85544080823,0
"SYN-DLBCL-000236",TRUE,"DLBCL","SIM-F017",36,"Male","Hispanic",0,"I",2011,"Private","Higher","Academic",1,6,NA,201.740657848123,1
"SYN-DLBCL-000237",TRUE,"DLBCL","SIM-F060",57,"Female","Other",2,"IV",2011,"Private","Higher",NA,0,14,NA,806.93091052552,NA
"SYN-DLBCL-000238",TRUE,"DLBCL","SIM-F057",79,"Male","Other",0,"II",2022,"Public","Higher",NA,0,23,NA,1409.72441380612,1
"SYN-DLBCL-000239",TRUE,"DLBCL","SIM-F056",74,"Female","Hispanic",1,"I",2022,"Public","Lower","Academic",1,32,155,275.911988054193,0
"SYN-DLBCL-000240",TRUE,"DLBCL","SIM-F005",47,"Male","Black",0,"I",2010,NA,"Higher",NA,1,29,255,2714.45335177938,0
"SYN-DLBCL-000241",TRUE,"DLBCL","SIM-F014",62,"Male","Other",1,"III",2011,"Private","Higher","Integrated",0,11,NA,1576.711933224,0
"SYN-DLBCL-000242",TRUE,"DLBCL","SIM-F043",68,"Female","Black",0,"II",2020,"Public","Lower","Integrated",1,14,133,237.445329153859,1
"SYN-DLBCL-000243",TRUE,"DLBCL","SIM-F013",46,"Female","Hispanic",1,"I",2013,"Private","Higher","Integrated",1,8,53,2201.25631204224,0
"SYN-DLBCL-000244",TRUE,"DLBCL","SIM-F019",64,"Female","Black",0,"I",2022,"Private","Higher","Academic",0,44,NA,1498.57360996306,0
"SYN-DLBCL-000245",TRUE,"DLBCL","SIM-F048",90,"Male","Black",1,"I",2022,"Public","Higher","Community",1,44,313,1115.21782791806,1
"SYN-DLBCL-000246",TRUE,"DLBCL","SIM-F056",51,"Male","Hispanic",1,"I",2021,"Private","Higher","Academic",1,5,194,3199.23748101806,0
"SYN-DLBCL-000247",TRUE,"DLBCL","SIM-F022",50,"Male","Black",1,"II",2014,"Private","Higher","Integrated",1,26,187,2914.76176998927,0
"SYN-DLBCL-000248",TRUE,"DLBCL","SIM-F023",75,"Female","Black",0,"II",2014,"Private",NA,"Integrated",0,32,NA,1396.19523326455,1
"SYN-DLBCL-000249",TRUE,"DLBCL","SIM-F006",67,"Male","Hispanic",1,"I",2011,"Private","Higher","Integrated",1,22,217,253.574827113272,1
"SYN-DLBCL-000250",TRUE,"DLBCL","SIM-F014",68,"Male","Other",0,"II",2022,"Public","Lower","Integrated",0,18,NA,1492.62178056741,0
"SYN-DLBCL-000251",TRUE,"DLBCL","SIM-F007",73,"Female","Other",0,"III",2020,"Private","Lower","Academic",1,NA,NA,22.1977001018135,1
"SYN-DLBCL-000252",TRUE,"DLBCL","SIM-F052",86,"Female","Black",1,"II",2011,"Private","Lower","Academic",0,12,NA,1635.55903125904,0
"SYN-DLBCL-000253",TRUE,"DLBCL","SIM-F031",46,"Female","Other",0,"II",2014,"Private","Lower","Academic",1,27,253,871.313291735203,1
"SYN-DLBCL-000254",TRUE,"DLBCL","SIM-F059",61,"Male","Hispanic",0,"I",2017,"Public","Lower","Academic",0,7,NA,552.903847175513,1
"SYN-DLBCL-000255",TRUE,"DLBCL","SIM-F045",41,"Male","Black",0,"I",2012,"Public","Higher","Community",0,35,NA,1886.50868759374,0
"SYN-DLBCL-000256",TRUE,"DLBCL","SIM-F046",46,"Female","Other",0,"I",2018,NA,"Middle","Academic",1,9,67,1614.68093729578,0
"SYN-DLBCL-000257",TRUE,"DLBCL","SIM-F052",86,"Male","Black",1,"II",2017,"Private","Higher","Academic",0,20,NA,105.658466059851,1
"SYN-DLBCL-000258",TRUE,"DLBCL","SIM-F043",78,"Male","Other",1,"I",2019,"Private","Middle","Integrated",1,375,285,540.498253961443,1
"SYN-DLBCL-000259",TRUE,"DLBCL","SIM-F018",65,"Male","Black",0,"III",2016,"Public","Middle","Integrated",1,41,195,2979.49131107691,1
"SYN-DLBCL-000260",TRUE,"DLBCL","SIM-F057",43,"Male","Black",0,"II",2012,NA,"Higher","Community",1,20,81,1579.73090327731,1
"SYN-DLBCL-000261",TRUE,"DLBCL","SIM-F041",82,"Male","Black",1,"I",2014,"Private","Higher","Academic",0,29,NA,2817.37950523035,0
"SYN-DLBCL-000262",TRUE,"DLBCL","SIM-F046",60,"Male","Other",1,"I",2012,"Private","Middle","Academic",0,33,NA,1051.31831622239,1
"SYN-DLBCL-000263",TRUE,"DLBCL","SIM-F010",41,"Male","Other",1,"II",2014,"Public","Middle","Integrated",0,13,NA,2444.03268337133,0
"SYN-DLBCL-000264",TRUE,"DLBCL","SIM-F035",60,"Male","Black",1,"I",2012,"Private",NA,"Integrated",1,24,270,2688.65291956696,0
"SYN-DLBCL-000265",TRUE,"DLBCL","SIM-F003",76,"Male","Black",0,"I",2022,"Public","Lower","Integrated",0,26,NA,2945.38728909334,0
"SYN-DLBCL-000266",TRUE,"DLBCL","SIM-F027",48,"Male","Other",0,"I",2016,"Private","Middle","Integrated",1,22,238,1142.57965102473,1
"SYN-DLBCL-000267",TRUE,"DLBCL","SIM-F005",67,"Male","Hispanic",0,"I",2012,"Private","Middle","Community",0,20,NA,1703.79366806825,0
"SYN-DLBCL-000268",TRUE,"DLBCL","SIM-F021",63,"Male","Black",0,"I",2017,"Private","Higher","Community",0,38,NA,1472.62856126393,1
"SYN-DLBCL-000269",TRUE,"DLBCL","SIM-F026",71,"Male","Other",0,"I",2020,"Public","Higher","Academic",1,5,34,1054.51765503734,0
"SYN-DLBCL-000270",TRUE,"DLBCL","SIM-F054",62,"Female","Other",0,"II",2022,"Public","Higher","Integrated",0,40,NA,1431.08448280022,0
"SYN-DLBCL-000271",TRUE,"DLBCL","SIM-F050",85,"Female","Black",1,"I",2014,"Private","Middle","Academic",0,42,NA,207.730286383637,1
"SYN-DLBCL-000272",TRUE,"DLBCL","SIM-F040",53,"Female","Black",1,"I",2022,"Private","Higher","Community",1,21,150,2583.83470856003,0
"SYN-DLBCL-000273",TRUE,"DLBCL","SIM-F002",53,"Male","Other",2,"II",2010,"Public","Higher","Academic",0,25,NA,136.94887267824,1
"SYN-DLBCL-000274",TRUE,"DLBCL","SIM-F031",65,"Male","Other",NA,"I",2018,"Public","Lower","Academic",0,35,NA,NA,0
"SYN-DLBCL-000275",TRUE,"DLBCL","SIM-F039",63,"Male","Other",2,"II",2022,"Private","Higher","Integrated",1,25,189,1353.51455007074,1
"SYN-DLBCL-000276",TRUE,"DLBCL","SIM-F015",54,"Female","Black",0,"II",2016,"Private","Higher","Academic",0,41,NA,706.278315837883,1
"SYN-DLBCL-000277",TRUE,"DLBCL","SIM-F018",42,"Female","Black",1,"II",2014,"Private","Higher","Integrated",1,40,256,2776.16647968185,0
"SYN-DLBCL-000278",TRUE,"DLBCL","SIM-F010",53,"Male","Black",1,"III",2021,"Private","Lower","Integrated",1,14,39,3230.36331780255,0
"SYN-DLBCL-000279",TRUE,"DLBCL","SIM-F060",54,"Male","Black",0,"III",2020,"Private","Higher","Academic",1,32,299,827.3668571916,1
"SYN-DLBCL-000280",TRUE,"DLBCL","SIM-F003",79,"Female","Other",1,"II",2010,"Public","Lower","Integrated",0,31,NA,1543.30847403638,1
"SYN-DLBCL-000281",TRUE,"DLBCL","SIM-F002",88,"Male","Other",0,"II",2010,"Public","Lower",NA,0,NA,NA,5.25875998141218,1
"SYN-DLBCL-000282",TRUE,"DLBCL","SIM-F021",61,"Female","Hispanic",0,"II",2016,"Public","Higher","Community",0,23,NA,2942.2319875122,0
"SYN-DLBCL-000283",TRUE,"DLBCL","SIM-F026",39,"Female","Hispanic",0,"IV",2010,"Public","Lower",NA,1,31,145,2219.5154791954,0
"SYN-DLBCL-000284",TRUE,"DLBCL","SIM-F012",45,"Female","Black",1,"II",2015,"Private","Higher",NA,0,8,NA,19.6672850630821,1
"SYN-DLBCL-000285",TRUE,"DLBCL","SIM-F033",57,"Female","Hispanic",1,"I",2010,"Private","Middle","Community",1,24,245,1557.55868331299,1
"SYN-DLBCL-000286",TRUE,"DLBCL","SIM-F021",80,"Male","Black",0,"I",2015,"Private","Higher","Community",0,17,NA,20.8242050651526,1
"SYN-DLBCL-000287",TRUE,"DLBCL","SIM-F025",76,"Male","Other",0,"II",2022,"Private","Higher","Integrated",1,45,119,2428.53512979578,0
"SYN-DLBCL-000288",TRUE,"DLBCL","SIM-F016",46,"Female","Black",0,"IV",2018,"Private","Higher","Academic",1,13,283,1231.14026790485,0
"SYN-DLBCL-000289",TRUE,"DLBCL","SIM-F048",64,"Male","Other",1,"I",2011,"Private",NA,"Community",0,29,NA,422.611644546233,1
"SYN-DLBCL-000290",TRUE,"DLBCL","SIM-F006",87,"Female","Hispanic",NA,"II",2014,"Public","Higher","Integrated",0,26,NA,941.982131279006,1
"SYN-DLBCL-000291",TRUE,"DLBCL","SIM-F052",44,"Male","Hispanic",0,"II",2014,"Private","Middle","Academic",1,36,210,1691.43306437996,0
"SYN-DLBCL-000292",TRUE,"DLBCL","SIM-F049",43,"Male","Other",0,"IV",2021,"Private","Higher","Academic",1,32,272,1656.95486716926,0
"SYN-DLBCL-000293",TRUE,"DLBCL","SIM-F053",82,"Female","Hispanic",2,"II",2012,"Public","Middle","Academic",0,16,NA,1735.80721753184,0
"SYN-DLBCL-000294",TRUE,"DLBCL","SIM-F026",71,"Female","Hispanic",1,"III",2013,"Private","Higher","Academic",1,37,NA,520.17679744056,1
"SYN-DLBCL-000295",TRUE,"DLBCL","SIM-F006",52,"Female","Hispanic",0,"II",2018,"Public","Lower","Integrated",0,18,NA,3225.15220286674,0
"SYN-DLBCL-000296",TRUE,"DLBCL","SIM-F041",73,"Male","Black",0,"II",2020,"Public","Higher","Academic",0,41,NA,624.679589878375,1
"SYN-DLBCL-000297",TRUE,"DLBCL","SIM-F038",67,"Female","Black",1,"III",2019,"Public","Middle","Community",0,27,NA,1990.57433043141,0
"SYN-DLBCL-000298",TRUE,"DLBCL","SIM-F033",53,"Female","Hispanic",0,"I",2021,"Private","Lower","Community",1,25,106,2720.09249982308,0
"SYN-DLBCL-000299",TRUE,"DLBCL","SIM-F018",90,"Male","Hispanic",0,"II",2010,"Public","Higher",NA,1,16,92,1794.76067320578,0
"SYN-DLBCL-000300",TRUE,"DLBCL","SIM-F042",63,"Male","Black",2,"I",2013,"Public","Higher","Academic",0,38,NA,2577.71122473138,1
"SYN-DLBCL-000301",TRUE,"DLBCL","SIM-F043",45,"Female","Black",1,"II",2021,"Private","Lower",NA,0,21,NA,347.477903167196,0
"SYN-DLBCL-000302",TRUE,"DLBCL","SIM-F027",60,"Female","Black",1,"III",2010,"Private","Lower","Integrated",0,9,NA,2303.69495647843,0
"SYN-DLBCL-000303",TRUE,"DLBCL","SIM-F018",63,"Female","Other",2,"I",2014,"Public","Middle","Integrated",0,28,NA,446.945989587966,1
"SYN-DLBCL-000304",TRUE,"DLBCL","SIM-F019",50,"Male","Other",1,"II",2017,"Private","Middle","Academic",1,30,NA,91.9565715374355,1
"SYN-DLBCL-000305",TRUE,"DLBCL","SIM-F013",40,"Female","Black",1,"II",2021,"Public","Higher","Integrated",1,12,251,2740.44330286793,0
"SYN-DLBCL-000306",TRUE,"DLBCL","SIM-F042",56,"Male","Hispanic",1,"IV",2012,"Private","Higher",NA,1,21,300,2360.34584893729,0
"SYN-DLBCL-000307",TRUE,"DLBCL","SIM-F018",60,"Male","Other",1,"I",2017,"Private","Lower","Integrated",0,40,NA,686.779042009394,1
"SYN-DLBCL-000308",TRUE,"DLBCL","SIM-F023",63,"Female","Hispanic",1,"III",2017,"Private","Higher","Integrated",1,7,160,2407.9625886248,0
"SYN-DLBCL-000309",TRUE,"DLBCL","SIM-F022",59,"Female","Black",0,"II",2012,"Public","Lower","Integrated",1,35,226,301.116821227676,0
"SYN-DLBCL-000310",TRUE,"DLBCL","SIM-F021",51,"Female","Black",0,"I",2015,"Private","Middle","Community",0,35,NA,838.210282544592,1
"SYN-DLBCL-000311",TRUE,"DLBCL","SIM-F011",69,"Male","Hispanic",1,"IV",2013,"Private","Higher","Integrated",0,13,NA,1031.441668442,1
"SYN-DLBCL-000312",TRUE,"DLBCL","SIM-F009",48,"Male","Black",1,"II",2011,"Private",NA,"Community",1,43,252,900.950917449086,0
"SYN-DLBCL-000313",TRUE,"DLBCL","SIM-F030",49,"Male","Black",0,"I",2017,"Public","Middle","Academic",1,12,181,1810.00298880041,0
"SYN-DLBCL-000314",TRUE,"DLBCL","SIM-F042",57,"Female","Other",1,"I",2014,"Private","Middle","Academic",1,20,129,1433.50613349832,1
"SYN-DLBCL-000315",TRUE,"DLBCL","SIM-F021",50,"Male","Other",1,"II",2014,"Private","Middle","Community",0,24,NA,2535.10204277351,0
"SYN-DLBCL-000316",TRUE,"DLBCL","SIM-F011",70,"Female","Hispanic",0,"I",2011,"Public","Middle","Integrated",0,11,NA,261.417303475153,1
"SYN-DLBCL-000317",TRUE,"DLBCL","SIM-F045",90,"Male","Other",0,"II",2018,"Public","Middle","Community",0,22,NA,515.778939818062,1
"SYN-DLBCL-000318",TRUE,"DLBCL","SIM-F040",42,"Male","Black",0,"I",2018,"Private","Higher","Community",1,44,82,2923.13083160785,0
"SYN-DLBCL-000319",TRUE,"DLBCL","SIM-F058",66,"Female","Black",1,"III",2021,"Public","Higher","Academic",0,16,NA,754.874792285264,0
"SYN-DLBCL-000320",TRUE,"DLBCL","SIM-F047",58,"Male","Hispanic",0,"III",2012,"Public","Lower","Integrated",NA,16,260,1322.19781297163,1
"SYN-DLBCL-000321",TRUE,"DLBCL","SIM-F050",57,"Male","Hispanic",NA,"III",2017,"Private","Higher","Academic",0,38,NA,98.7223132946171,1
"SYN-DLBCL-000322",TRUE,"DLBCL","SIM-F054",59,"Male","Black",0,"II",2013,"Public","Lower",NA,1,37,281,1134.18480252328,0
"SYN-DLBCL-000323",TRUE,"DLBCL","SIM-F057",48,"Female","Black",1,"I",2019,"Public","Lower","Community",1,42,174,1405.80591592938,0
"SYN-DLBCL-000324",TRUE,"DLBCL","SIM-F051",79,"Male","Other",1,"I",2016,"Public","Lower","Community",0,37,NA,359.26203283891,1
"SYN-DLBCL-000325",TRUE,"DLBCL","SIM-F046",55,"Male","Black",0,"I",2020,NA,"Lower","Academic",1,10,152,2751.36080411845,0
"SYN-DLBCL-000326",TRUE,"DLBCL","SIM-F007",64,"Male","Other",0,"III",2021,"Private","Middle","Academic",1,11,239,2890.15786660253,0
"SYN-DLBCL-000327",TRUE,"DLBCL","SIM-F019",68,"Female","Hispanic",0,"II",2017,"Private","Lower","Academic",1,38,299,1893.22380391764,0
"SYN-DLBCL-000328",TRUE,"DLBCL","SIM-F052",86,"Female","Black",1,"II",2013,"Public","Higher","Academic",1,41,166,2952.20535188913,0
"SYN-DLBCL-000329",TRUE,"DLBCL","SIM-F005",71,"Male","Other",2,"I",2022,"Private","Higher","Community",1,43,306,808.510322459042,0
"SYN-DLBCL-000330",TRUE,"DLBCL","SIM-F002",60,"Male","Other",0,"I",2017,"Private","Middle","Academic",1,375,181,2696.89649558845,1
"SYN-DLBCL-000331",TRUE,"DLBCL","SIM-F025",57,"Female","Hispanic",NA,"III",2020,"Private","Higher",NA,1,39,176,664.407236809193,0
"SYN-DLBCL-000332",TRUE,"DLBCL","SIM-F037",67,"Female","Black",0,"IV",2015,"Private","Higher","Community",0,11,NA,1935.14333547442,0
"SYN-DLBCL-000333",TRUE,"DLBCL","SIM-F018",63,"Female","Hispanic",0,"II",2020,"Private","Higher","Integrated",0,12,NA,227.396275671362,1
"SYN-DLBCL-000334",TRUE,"DLBCL","SIM-F057",65,"Female","Other",0,"I",2014,"Public","Higher","Community",1,19,195,1019.90223922761,0
"SYN-DLBCL-000335",TRUE,"DLBCL","SIM-F012",71,"Female","Other",0,"II",2018,"Public","Higher","Community",0,11,NA,848.571289382353,0
"SYN-DLBCL-000336",TRUE,"DLBCL","SIM-F035",64,"Female","Hispanic",0,"II",2015,"Public","Lower","Integrated",1,24,NA,245.171057276425,1
"SYN-DLBCL-000337",TRUE,"DLBCL","SIM-F006",86,"Male","Other",1,"I",2010,"Public","Higher","Integrated",0,25,NA,2489.7581644915,0
"SYN-DLBCL-000338",TRUE,"DLBCL","SIM-F032",60,"Female","Other",0,"I",2016,"Private","Lower",NA,0,30,NA,1646.4152698312,0
"SYN-DLBCL-000339",TRUE,"DLBCL","SIM-F004",45,"Male","Hispanic",1,"II",2012,"Private","Middle","Community",0,40,NA,2229.04587834857,1
"SYN-DLBCL-000340",TRUE,"DLBCL","SIM-F038",65,"Male","Other",1,"III",2011,"Private","Middle","Community",0,43,NA,2335.79870114569,0
"SYN-DLBCL-000341",TRUE,"DLBCL","SIM-F030",60,"Female","Black",0,"I",2021,"Private","Lower","Academic",0,13,NA,2049.31417841231,0
"SYN-DLBCL-000342",TRUE,"DLBCL","SIM-F021",89,"Female","Hispanic",0,"I",2010,"Public","Lower","Community",0,32,NA,483.879391865081,1
"SYN-DLBCL-000343",TRUE,"DLBCL","SIM-F038",61,"Male","Other",0,"II",2012,"Private",NA,"Community",1,15,233,679.351788117685,0
"SYN-DLBCL-000344",TRUE,"DLBCL","SIM-F018",41,"Male","Black",1,"I",2010,"Private","Middle","Integrated",1,8,76,1976.96601721924,0
"SYN-DLBCL-000345",TRUE,"DLBCL","SIM-F055",78,"Male","Other",0,"II",2015,"Private","Lower","Academic",1,5,NA,124.832700502234,1
"SYN-DLBCL-000346",TRUE,"DLBCL","SIM-F039",53,"Female","Hispanic",0,"I",2021,"Private","Higher","Integrated",NA,21,75,3230.73832225287,0
"SYN-DLBCL-000347",TRUE,"DLBCL","SIM-F056",76,"Male","Black",0,"I",2014,"Public",NA,"Academic",0,NA,NA,17.295757860676,1
"SYN-DLBCL-000348",TRUE,"DLBCL","SIM-F006",82,"Male","Other",2,"I",2022,"Private","Lower","Integrated",0,13,NA,590.525465811452,1
"SYN-DLBCL-000349",TRUE,"DLBCL","SIM-F015",74,"Male","Black",1,"II",2014,"Private","Lower","Academic",0,44,NA,272.845005056961,1
"SYN-DLBCL-000350",TRUE,"DLBCL","SIM-F017",59,"Male","Hispanic",1,"I",2014,"Private","Middle","Academic",1,29,55,1454.98236481955,1
"SYN-DLBCL-000351",TRUE,"DLBCL","SIM-F018",81,"Male","Black",2,"II",2014,"Public","Middle","Integrated",0,5,NA,403.552804242696,1
"SYN-DLBCL-000352",TRUE,"DLBCL","SIM-F040",81,"Female","Black",0,"I",2019,"Private","Higher","Community",0,6,NA,433.911915041612,1
"SYN-DLBCL-000353",TRUE,"DLBCL","SIM-F034",72,"Female","Black",1,"I",2018,"Private","Middle","Community",1,40,214,1935.35266421068,1
"SYN-DLBCL-000354",TRUE,"DLBCL","SIM-F007",78,"Male","Other",0,"I",2019,"Public","Higher","Academic",0,42,NA,182.324697767415,0
"SYN-DLBCL-000355",TRUE,"DLBCL","SIM-F026",61,"Female","Hispanic",0,"II",2013,"Private","Higher","Academic",1,11,153,2737.36925540958,0
"SYN-DLBCL-000356",TRUE,"DLBCL","SIM-F011",52,"Female","Black",0,"IV",2018,"Private","Lower","Integrated",0,18,NA,2929.9015668768,0
"SYN-DLBCL-000357",TRUE,"DLBCL","SIM-F021",71,"Male","Black",1,"II",2020,"Public","Middle","Community",0,6,NA,830.624185822069,1
"SYN-DLBCL-000358",TRUE,"DLBCL","SIM-F037",47,"Female","Hispanic",0,"III",2013,"Public","Higher","Community",1,12,267,2641.72881960636,0
"SYN-DLBCL-000359",TRUE,"DLBCL","SIM-F029",57,"Female","Other",1,"I",2018,"Private","Lower","Integrated",0,36,NA,2254.18302760459,0
"SYN-DLBCL-000360",TRUE,"DLBCL","SIM-F009",55,"Male","Hispanic",0,"II",2021,"Private","Middle","Community",0,10,NA,1941.35562796379,0
"SYN-DLBCL-000361",TRUE,"DLBCL","SIM-F036",79,"Male","Other",0,"II",2019,"Private","Higher","Academic",1,35,219,1910.60151230257,1
"SYN-DLBCL-000362",TRUE,"DLBCL","SIM-F044",78,"Female","Black",1,"I",2012,"Public","Lower","Academic",1,45,96,2821.40072308506,1
"SYN-DLBCL-000363",TRUE,"DLBCL","SIM-F027",51,"Male","Other",1,"II",2018,"Private","Higher","Integrated",1,44,148,3148.90847663861,0
"SYN-DLBCL-000364",TRUE,"DLBCL","SIM-F057",90,"Male","Black",0,"IV",2015,"Public","Lower","Community",0,22,NA,368.789648456999,1
"SYN-DLBCL-000365",TRUE,"DLBCL","SIM-F022",71,"Male","Other",2,"II",2017,"Public","Higher","Integrated",0,10,NA,184.348298731976,1
"SYN-DLBCL-000366",TRUE,"DLBCL","SIM-F056",43,"Male","Other",1,"II",2018,"Public","Lower","Academic",1,32,240,904.525944873998,1
"SYN-DLBCL-000367",TRUE,"DLBCL","SIM-F036",66,"Female","Hispanic",1,"I",2021,"Private","Higher","Academic",0,17,NA,2051.65822800484,1
"SYN-DLBCL-000368",TRUE,"DLBCL","SIM-F043",45,"Male","Hispanic",0,"III",2020,"Private","Lower","Integrated",0,33,NA,1853.68250299594,0
"SYN-DLBCL-000369",TRUE,"DLBCL","SIM-F034",66,"Female","Black",1,"II",2021,NA,"Middle","Community",0,15,NA,871.543961633884,1
"SYN-DLBCL-000370",TRUE,"DLBCL","SIM-F024",25,"Male","Other",1,"II",2022,"Private","Higher","Integrated",1,14,242,2812.74296245771,0
"SYN-DLBCL-000371",TRUE,"DLBCL","SIM-F027",64,"Female","Black",1,"II",2013,"Private","Lower","Integrated",0,20,NA,527.933665886521,0
"SYN-DLBCL-000372",TRUE,"DLBCL","SIM-F053",64,"Female","Other",1,"IV",2019,"Private","Lower","Academic",0,20,NA,2894.32632554321,0
"SYN-DLBCL-000373",TRUE,"DLBCL","SIM-F021",68,"Male","Black",1,"I",2016,"Public","Middle","Community",1,24,190,2520.83231563098,0
"SYN-DLBCL-000374",TRUE,"DLBCL","SIM-F039",75,"Male","Other",0,"I",2018,"Private","Middle","Integrated",1,20,89,1684.8127374507,0
"SYN-DLBCL-000375",TRUE,"DLBCL","SIM-F018",74,"Male","Other",1,"II",2010,"Public","Higher","Integrated",0,12,NA,199.054816623919,1
"SYN-DLBCL-000376",TRUE,"DLBCL","SIM-F036",47,"Female","Other",1,"I",2018,"Public","Lower","Academic",1,NA,NA,0.820093977562948,1
"SYN-DLBCL-000377",TRUE,"DLBCL","SIM-F030",69,"Male","Black",2,"I",2014,"Public","Middle","Academic",1,33,258,1424.94938818617,1
"SYN-DLBCL-000378",TRUE,"DLBCL","SIM-F011",82,"Female","Other",0,"I",2014,"Public","Lower","Integrated",0,15,NA,286.03630202699,1
"SYN-DLBCL-000379",TRUE,"DLBCL","SIM-F021",65,"Male","Other",0,"I",2022,"Private","Middle","Community",1,45,101,259.656979809558,1
"SYN-DLBCL-000380",TRUE,"DLBCL","SIM-F039",54,"Male","Hispanic",1,"II",2018,"Public","Middle","Integrated",0,17,NA,750.101181763491,1
"SYN-DLBCL-000381",TRUE,"DLBCL","SIM-F015",66,"Female","Black",0,"III",2021,"Private","Middle","Academic",1,375,298,1830.47034458374,0
"SYN-DLBCL-000382",TRUE,"DLBCL","SIM-F048",69,"Male","Hispanic",0,"II",2010,"Private","Higher","Community",0,21,NA,1309.26237468013,1
"SYN-DLBCL-000383",TRUE,"DLBCL","SIM-F030",58,"Female","Other",0,"II",2013,"Private","Higher","Academic",0,39,NA,2358.49636045388,1
"SYN-DLBCL-000384",TRUE,"DLBCL","SIM-F020",49,"Female","Hispanic",1,"IV",2011,"Private","Middle","Community",1,12,120,3128.70132789481,0
"SYN-DLBCL-000385",TRUE,"DLBCL","SIM-F012",66,"Female","Other",0,"III",2018,"Public","Higher","Community",0,17,NA,217.894845977426,0
"SYN-DLBCL-000386",TRUE,"DLBCL","SIM-F052",70,"Female","Black",0,"I",2010,"Private","Lower","Academic",0,34,NA,1468.71562919603,1
"SYN-DLBCL-000387",TRUE,"DLBCL","SIM-F031",38,"Female","Hispanic",0,"I",2022,"Private","Lower","Academic",1,10,57,3076.65668850183,0
"SYN-DLBCL-000388",TRUE,"DLBCL","SIM-F051",60,"Male","Black",0,"I",2022,"Public","Lower","Community",1,14,86,676.374294262201,1
"SYN-DLBCL-000389",TRUE,"DLBCL","SIM-F053",62,"Female","Hispanic",0,"II",2011,"Private","Higher","Academic",0,12,NA,1251.76971179039,1
"SYN-DLBCL-000390",TRUE,"DLBCL","SIM-F012",84,"Male","Other",1,"I",2012,"Public","Lower","Community",0,38,NA,774.98916530925,1
"SYN-DLBCL-000391",TRUE,"DLBCL","SIM-F040",72,"Female","Hispanic",0,"II",2021,"Public","Higher","Community",1,23,259,263.856283823563,1
"SYN-DLBCL-000392",TRUE,"DLBCL","SIM-F042",86,"Female","Hispanic",0,"II",2015,"Public","Higher","Academic",1,36,293,1597.42374823778,0
"SYN-DLBCL-000393",TRUE,"DLBCL","SIM-F041",51,"Female","Other",0,"II",2016,"Private","Lower","Academic",0,40,NA,3040.31979584484,0
"SYN-DLBCL-000394",TRUE,"DLBCL","SIM-F013",69,"Female","Black",1,"I",2014,"Public","Lower","Integrated",0,33,NA,418.935358396038,1
"SYN-DLBCL-000395",TRUE,"DLBCL","SIM-F048",51,"Female","Other",1,"II",2022,"Private","Middle",NA,0,8,NA,1263.06911819376,1
"SYN-DLBCL-000396",TRUE,"DLBCL","SIM-F017",90,"Male","Other",2,"I",2019,"Public","Higher","Academic",0,30,NA,103.371194466312,1
"SYN-DLBCL-000397",TRUE,"DLBCL","SIM-F021",71,"Female","Hispanic",1,"II",2016,"Public","Higher","Community",1,44,283,1528.19055008236,0
"SYN-DLBCL-000398",TRUE,"DLBCL","SIM-F021",70,"Male","Other",1,"II",2011,"Private","Higher","Community",0,16,NA,1741.18990332005,0
"SYN-DLBCL-000399",TRUE,"DLBCL","SIM-F011",63,"Male","Hispanic",1,"I",2013,"Private","Lower","Integrated",1,24,276,2128.934589118,0
"SYN-DLBCL-000400",TRUE,"DLBCL","SIM-F005",78,"Male","Hispanic",1,"II",2012,"Private","Middle","Community",1,31,233,1928.78569964319,0
"SYN-DLBCL-000401",TRUE,"DLBCL","SIM-F054",79,"Male","Hispanic",2,"I",2019,"Private","Middle","Integrated",0,29,NA,769.935163387826,1
"SYN-DLBCL-000402",TRUE,"DLBCL","SIM-F034",53,"Female","Hispanic",1,"III",2017,"Private","Higher","Community",1,35,183,247.743337154354,1
"SYN-DLBCL-000403",TRUE,"DLBCL","SIM-F044",45,"Female","Black",0,"I",2016,"Private","Middle","Academic",0,36,NA,856.086955494103,1
"SYN-DLBCL-000404",TRUE,"DLBCL","SIM-F032",68,"Male","Black",1,"III",2011,"Private","Lower","Academic",0,18,NA,1403.96831427877,1
"SYN-DLBCL-000405",TRUE,"DLBCL","SIM-F051",58,"Female","Black",0,"II",2015,"Public","Lower",NA,0,27,NA,2150.51507717813,0
"SYN-DLBCL-000406",TRUE,"DLBCL","SIM-F006",65,"Female","Black",0,"I",2011,"Private","Middle",NA,0,41,NA,2320.77459569206,0
"SYN-DLBCL-000407",TRUE,"DLBCL","SIM-F052",65,"Female","Other",1,"I",2015,"Public",NA,"Academic",0,28,NA,274.138594052732,1
"SYN-DLBCL-000408",TRUE,"DLBCL","SIM-F008",66,"Female","Black",0,"II",2015,"Private","Middle","Academic",1,6,256,2263.17705601212,1
"SYN-DLBCL-000409",TRUE,"DLBCL","SIM-F006",75,"Male","Other",1,"I",2016,"Private","Higher","Integrated",0,20,NA,2011.7173594737,0
"SYN-DLBCL-000410",TRUE,"DLBCL","SIM-F007",55,"Male","Other",0,"IV",2021,"Private","Middle","Academic",1,36,106,1934.91988408729,0
"SYN-DLBCL-000411",TRUE,"DLBCL","SIM-F044",63,"Female","Black",0,"II",2011,"Public",NA,NA,0,35,NA,618.169063150533,1
"SYN-DLBCL-000412",TRUE,"DLBCL","SIM-F042",64,"Female","Black",2,"I",2022,"Private","Higher","Academic",0,21,NA,1959.70015222789,0
"SYN-DLBCL-000413",TRUE,"DLBCL","SIM-F018",62,"Female","Other",1,"III",2015,"Public","Higher","Integrated",0,31,NA,528.617728497241,1
"SYN-DLBCL-000414",TRUE,"DLBCL","SIM-F021",70,"Female","Other",0,"I",2021,"Public","Middle","Community",0,44,NA,1907.87151493552,1
"SYN-DLBCL-000415",TRUE,"DLBCL","SIM-F040",63,"Male","Hispanic",1,"I",2011,"Private","Middle","Community",0,5,NA,2111.81736991508,0
"SYN-DLBCL-000416",TRUE,"DLBCL","SIM-F046",52,"Male","Black",0,"I",2012,"Public","Lower","Academic",0,25,NA,1695.15992751636,1
"SYN-DLBCL-000417",TRUE,"DLBCL","SIM-F052",55,"Female","Other",0,"I",2012,"Private","Higher","Academic",0,20,NA,33.2071197101206,0
"SYN-DLBCL-000418",TRUE,"DLBCL","SIM-F009",23,"Male","Hispanic",1,"III",2020,"Private","Higher","Community",1,35,73,469.600912984461,0
"SYN-DLBCL-000419",TRUE,"DLBCL","SIM-F023",68,"Male","Black",0,"II",2013,"Private","Higher","Integrated",1,22,104,1976.58548758714,0
"SYN-DLBCL-000420",TRUE,"DLBCL","SIM-F020",63,"Female","Hispanic",0,"II",2015,"Private","Higher","Community",1,9,276,1695.89270234766,1
"SYN-DLBCL-000421",TRUE,"DLBCL","SIM-F040",53,"Female","Hispanic",0,"III",2010,"Private","Middle","Community",0,20,NA,2908.53247278952,0
"SYN-DLBCL-000422",TRUE,"DLBCL","SIM-F035",61,"Male","Black",0,"II",2014,NA,"Higher","Integrated",0,33,NA,2670.90552752721,0
"SYN-DLBCL-000423",TRUE,"DLBCL","SIM-F038",77,"Male","Black",0,"II",2017,"Public","Lower","Community",1,NA,NA,37.8900512559604,1
"SYN-DLBCL-000424",TRUE,"DLBCL","SIM-F052",65,"Female","Black",1,"II",2017,"Public","Higher","Academic",1,41,122,2625.68498349516,0
"SYN-DLBCL-000425",TRUE,"DLBCL","SIM-F051",51,"Male","Other",1,"IV",2016,"Private","Higher","Community",1,31,239,1800.13460459792,1
"SYN-DLBCL-000426",TRUE,"DLBCL","SIM-F057",59,"Female","Black",0,"II",2015,"Public","Higher",NA,0,45,NA,2284.54711744819,1
"SYN-DLBCL-000427",TRUE,"DLBCL","SIM-F005",39,"Female","Black",0,"II",2021,"Private","Higher","Community",1,14,245,2302.1842087002,0
"SYN-DLBCL-000428",TRUE,"DLBCL","SIM-F004",73,"Male","Hispanic",0,"I",2016,"Private","Middle","Community",1,NA,NA,18.5466827668201,1
"SYN-DLBCL-000429",TRUE,"DLBCL","SIM-F057",49,"Female","Black",0,"IV",2014,"Private","Lower","Community",0,13,NA,1964.86069027102,0
"SYN-DLBCL-000430",TRUE,"DLBCL","SIM-F015",57,"Female","Hispanic",0,"I",2015,"Public","Middle","Academic",0,13,NA,1641.28449969809,0
"SYN-DLBCL-000431",TRUE,"DLBCL","SIM-F011",62,"Male","Black",0,"II",2022,"Private","Lower","Integrated",0,8,NA,1811.61743815988,0
"SYN-DLBCL-000432",TRUE,"DLBCL","SIM-F016",59,"Male","Other",0,"II",2022,"Private","Higher","Academic",0,32,NA,1196.90603563562,0
"SYN-DLBCL-000433",TRUE,"DLBCL","SIM-F014",56,"Male","Black",1,"II",2014,"Private","Middle","Integrated",1,35,132,1290.82108256734,1
"SYN-DLBCL-000434",TRUE,"DLBCL","SIM-F015",62,"Female","Black",2,"II",2010,"Private","Higher","Academic",1,41,317,3030.8757169079,0
"SYN-DLBCL-000435",TRUE,"DLBCL","SIM-F025",67,"Male","Other",1,"I",2022,"Public","Middle","Integrated",0,38,NA,38.889989601766,1
"SYN-DLBCL-000436",TRUE,"DLBCL","SIM-F033",65,"Male","Black",2,"II",2014,"Public","Middle","Community",0,32,NA,1779.44069973542,0
"SYN-DLBCL-000437",TRUE,"DLBCL","SIM-F005",56,"Male","Other",0,"II",2020,NA,"Higher","Community",1,19,125,2205.52384507842,0
"SYN-DLBCL-000438",TRUE,"DLBCL","SIM-F049",52,"Male","Hispanic",1,"II",2012,"Private","Higher","Academic",1,17,107,940.250590105963,1
"SYN-DLBCL-000439",TRUE,"DLBCL","SIM-F020",61,"Female","Hispanic",1,"II",2010,"Public","Higher","Community",0,22,NA,663.312967093654,1
"SYN-DLBCL-000440",TRUE,"DLBCL","SIM-F022",75,"Male","Other",0,"III",2021,"Private","Middle","Integrated",0,36,NA,72.4264088657288,1
"SYN-DLBCL-000441",TRUE,"DLBCL","SIM-F014",72,"Male","Black",2,"III",2011,"Private","Middle","Integrated",0,10,NA,1602.57845906115,1
"SYN-DLBCL-000442",TRUE,"DLBCL","SIM-F018",50,"Male","Hispanic",1,"I",2015,"Private","Higher","Integrated",0,41,NA,NA,0
"SYN-DLBCL-000443",TRUE,"DLBCL","SIM-F003",61,"Female","Other",1,"I",2018,"Private","Middle","Integrated",0,37,NA,1628.00062466646,0
"SYN-DLBCL-000444",TRUE,"DLBCL","SIM-F028",53,"Male","Hispanic",0,"II",2022,"Private","Middle","Community",1,24,258,1552.55521093146,0
"SYN-DLBCL-000445",TRUE,"DLBCL","SIM-F055",66,"Male","Black",0,"I",2022,"Public","Middle","Academic",0,27,NA,2904.2660407105,0
"SYN-DLBCL-000446",TRUE,"DLBCL","SIM-F002",85,"Female","Other",1,"III",2017,"Public","Middle","Academic",0,37,NA,1022.52411883681,1
"SYN-DLBCL-000447",TRUE,"DLBCL","SIM-F052",56,"Male","Other",2,"I",2011,"Private","Lower","Academic",0,18,NA,785.036505663832,1
"SYN-DLBCL-000448",TRUE,"DLBCL","SIM-F031",49,"Male","Black",1,"I",2022,"Private","Lower",NA,0,41,NA,1882.61632090085,0
"SYN-DLBCL-000449",TRUE,"DLBCL","SIM-F028",66,"Male","Hispanic",0,"I",2018,"Private","Lower","Community",1,375,NA,198.64090193063,0
"SYN-DLBCL-000450",TRUE,"DLBCL","SIM-F011",74,"Male","Other",1,"IV",2013,"Public","Lower","Integrated",0,29,NA,676.788332907914,1
"SYN-DLBCL-000451",TRUE,"DLBCL","SIM-F035",51,"Male","Hispanic",1,"I",2022,"Private","Lower","Integrated",1,45,187,875.590965952724,0
"SYN-DLBCL-000452",TRUE,"DLBCL","SIM-F027",55,"Female","Other",1,"II",2010,"Public","Higher",NA,1,37,137,1726.21625386723,1
"SYN-DLBCL-000453",TRUE,"DLBCL","SIM-F053",70,"Female","Other",1,"I",2017,"Private","Higher","Academic",0,375,NA,2004.78782037622,0
"SYN-DLBCL-000454",TRUE,"DLBCL","SIM-F053",40,"Female","Other",1,"II",2022,"Private",NA,"Academic",1,45,253,2205.78413922573,0
"SYN-DLBCL-000455",TRUE,"DLBCL","SIM-F026",43,"Male","Black",1,"IV",2016,"Public","Middle","Academic",1,16,220,631.790354780122,0
"SYN-DLBCL-000456",TRUE,"DLBCL","SIM-F056",69,"Male","Black",0,"II",2017,"Public","Higher","Academic",1,12,146,332.834696400624,1
"SYN-DLBCL-000457",TRUE,"DLBCL","SIM-F051",61,"Female","Hispanic",1,"IV",2010,"Private","Lower","Community",0,12,NA,1622.55199575098,0
"SYN-DLBCL-000458",TRUE,"DLBCL","SIM-F005",50,"Male","Black",0,"I",2017,"Public","Middle","Community",1,14,54,2737.91415739339,0
"SYN-DLBCL-000459",TRUE,"DLBCL","SIM-F033",63,"Female","Other",1,"II",2017,"Private","Higher","Community",0,24,NA,408.818373983418,0
"SYN-DLBCL-000460",TRUE,"DLBCL","SIM-F029",80,"Male","Other",1,"II",2020,"Public","Middle","Integrated",NA,24,NA,205.293949677985,1
"SYN-DLBCL-000461",TRUE,"DLBCL","SIM-F057",68,"Male","Black",1,"I",2017,"Public","Higher","Community",0,7,NA,514.771546771134,1
"SYN-DLBCL-000462",TRUE,"DLBCL","SIM-F028",57,"Male","Black",0,"II",2013,"Private","Higher","Community",1,14,153,1277.36779898852,1
"SYN-DLBCL-000463",TRUE,"DLBCL","SIM-F029",76,"Female","Other",1,"II",2012,"Public","Middle","Integrated",0,33,NA,2746.22159685474,0
"SYN-DLBCL-000464",TRUE,"DLBCL","SIM-F005",48,"Male","Other",0,"III",2018,"Private","Middle","Community",1,7,30,42.3847151150897,1
"SYN-DLBCL-000465",TRUE,"DLBCL","SIM-F032",62,"Male","Other",0,"I",2014,"Private","Lower","Academic",1,5,135,1787.44297817699,0
"SYN-DLBCL-000466",TRUE,"DLBCL","SIM-F018",59,"Male","Black",0,"I",2022,"Private","Middle","Integrated",0,29,NA,263.025472079124,0
"SYN-DLBCL-000467",TRUE,"DLBCL","SIM-F052",62,"Female","Black",2,"I",2019,"Public","Lower","Academic",0,15,NA,241.250512335239,1
"SYN-DLBCL-000468",TRUE,"DLBCL","SIM-F011",57,"Male","Black",0,"II",2020,"Public","Higher","Integrated",0,22,NA,2673.54028373025,0
"SYN-DLBCL-000469",TRUE,"DLBCL","SIM-F008",64,"Female","Hispanic",1,"I",2011,"Private","Lower","Academic",1,22,285,1860.23102521662,1
"SYN-DLBCL-000470",TRUE,"DLBCL","SIM-F002",51,"Male","Other",0,"I",2016,"Private","Middle","Academic",0,21,NA,411.709973483295,0
"SYN-DLBCL-000471",TRUE,"DLBCL","SIM-F054",72,"Male","Black",0,"I",2016,"Private","Higher","Integrated",1,12,NA,57.0040091385962,1
"SYN-DLBCL-000472",TRUE,"DLBCL","SIM-F011",76,"Male","Black",0,"II",2016,NA,NA,"Integrated",0,11,NA,838.862790341074,1
"SYN-DLBCL-000473",TRUE,"DLBCL","SIM-F041",74,"Male","Black",2,"I",2014,"Public","Lower","Academic",0,32,NA,183.360010810113,1
"SYN-DLBCL-000474",TRUE,"DLBCL","SIM-F010",76,"Female","Black",0,"I",2013,"Public","Higher","Integrated",0,33,NA,2214.73432303904,1
"SYN-DLBCL-000475",TRUE,"DLBCL","SIM-F005",63,"Male","Hispanic",1,"II",2011,"Public","Higher","Community",0,44,NA,2222.24343475769,0
"SYN-DLBCL-000476",TRUE,"DLBCL","SIM-F003",72,"Female","Hispanic",0,"I",2013,"Private","Lower","Integrated",0,NA,NA,13.3512130306981,1
"SYN-DLBCL-000477",TRUE,"DLBCL","SIM-F051",55,"Female","Hispanic",1,"I",2019,"Public","Higher","Community",1,31,228,2589.21308315126,0
"SYN-DLBCL-000478",TRUE,"DLBCL","SIM-F058",51,"Male","Other",1,"II",2022,"Private","Middle","Academic",1,18,211,563.209317038354,1
"SYN-DLBCL-000479",TRUE,"DLBCL","SIM-F039",57,"Female","Black",0,"I",2017,"Private","Lower","Integrated",0,28,NA,204.322572314476,1
"SYN-DLBCL-000480",TRUE,"DLBCL","SIM-F049",67,"Female","Black",1,"I",2018,"Private",NA,"Academic",0,35,NA,2307.17627352802,0
"SYN-DLBCL-000481",TRUE,"DLBCL","SIM-F008",76,"Male","Hispanic",0,"I",2010,"Private","Lower","Academic",1,37,84,655.169673421231,1
"SYN-DLBCL-000482",TRUE,"DLBCL","SIM-F027",64,"Female","Other",0,"I",2022,"Public","Higher","Integrated",0,18,NA,1553.09560455731,0
"SYN-DLBCL-000483",TRUE,"DLBCL","SIM-F013",59,"Female","Black",1,"I",2013,"Public","Middle","Integrated",0,17,NA,120.971135324098,1
"SYN-DLBCL-000484",TRUE,"DLBCL","SIM-F024",70,"Male","Hispanic",NA,"III",2010,"Public","Lower","Integrated",0,24,NA,1600.71235486266,1
"SYN-DLBCL-000485",TRUE,"DLBCL","SIM-F010",88,"Male","Black",NA,"II",2018,"Private","Lower",NA,1,23,44,410.389035001068,1
"SYN-DLBCL-000486",TRUE,"DLBCL","SIM-F022",63,"Female","Hispanic",0,"I",2018,NA,"Lower","Integrated",1,10,67,2197.70312003908,0
"SYN-DLBCL-000487",TRUE,"DLBCL","SIM-F022",52,"Female","Black",1,"I",2011,"Public","Higher","Integrated",0,22,NA,2817.81919930596,0
"SYN-DLBCL-000488",TRUE,"DLBCL","SIM-F024",69,"Male","Other",2,"III",2015,"Public","Middle","Integrated",1,31,113,2116.30606701598,0
"SYN-DLBCL-000489",TRUE,"DLBCL","SIM-F017",56,"Female","Black",0,"II",2017,"Private","Lower","Academic",0,9,NA,2716.86011865735,0
"SYN-DLBCL-000490",TRUE,"DLBCL","SIM-F010",84,"Female","Hispanic",2,"I",2016,"Public","Middle","Integrated",1,43,111,118.462059542517,1
"SYN-DLBCL-000491",TRUE,"DLBCL","SIM-F035",54,"Male","Hispanic",1,"I",2015,"Public","Middle","Integrated",0,37,NA,1088.14930030696,1
"SYN-DLBCL-000492",TRUE,"DLBCL","SIM-F060",64,"Female","Black",1,"I",2012,"Private","Lower","Academic",0,23,NA,1163.00754468888,0
"SYN-DLBCL-000493",TRUE,"DLBCL","SIM-F011",59,"Female","Other",0,"III",2010,"Public","Lower","Integrated",1,7,39,2431.91995567323,1
"SYN-DLBCL-000494",TRUE,"DLBCL","SIM-F046",62,"Male","Hispanic",0,"I",2019,"Public","Middle","Academic",1,24,71,2505.11985190329,0
"SYN-DLBCL-000495",TRUE,"DLBCL","SIM-F014",61,"Male","Other",1,"II",2011,"Public","Higher","Integrated",0,375,NA,733.841082503519,1
"SYN-DLBCL-000496",TRUE,"DLBCL","SIM-F040",68,"Female","Other",0,"IV",2015,"Public","Middle","Community",0,30,NA,540.049981569691,1
"SYN-DLBCL-000497",TRUE,"DLBCL","SIM-F031",57,"Male","Black",1,"I",2019,"Private","Lower","Academic",0,36,NA,2011.81743184803,0
"SYN-DLBCL-000498",TRUE,"DLBCL","SIM-F010",76,"Male","Black",1,"I",2022,"Private","Higher","Integrated",0,5,NA,878.854877893663,0
"SYN-DLBCL-000499",TRUE,"DLBCL","SIM-F043",71,"Female","Black",0,"II",2015,"Public","Lower","Integrated",0,43,NA,2193.41867959825,0
"SYN-DLBCL-000500",TRUE,"DLBCL","SIM-F032",62,"Male","Black",2,"IV",2016,"Public","Higher","Academic",1,26,296,598.323500106052,1
"SYN-DLBCL-000501",TRUE,"DLBCL","SIM-F005",44,"Female","Hispanic",1,"II",2012,"Private","Middle","Community",1,35,235,772.581455446896,1
"SYN-DLBCL-000502",TRUE,"DLBCL","SIM-F021",90,"Female","Other",1,"I",2016,"Private","Middle","Community",0,20,NA,2002.42533075158,0
"SYN-DLBCL-000503",TRUE,"DLBCL","SIM-F020",81,"Female","Other",1,"I",2013,"Public","Middle","Community",0,16,NA,664.754822096606,1
"SYN-DLBCL-000504",TRUE,"DLBCL","SIM-F021",66,"Female","Hispanic",1,"I",2018,"Private","Middle","Community",0,29,NA,1752.35772806569,0
"SYN-DLBCL-000505",TRUE,"DLBCL","SIM-F015",56,"Female","Other",0,"I",2022,"Public","Middle","Academic",0,22,NA,2607.0058625855,0
"SYN-DLBCL-000506",TRUE,"DLBCL","SIM-F008",64,"Male","Other",0,"I",2010,"Private","Higher","Academic",1,42,255,2749.26607398898,0
"SYN-DLBCL-000507",TRUE,"DLBCL","SIM-F036",61,"Male","Black",0,"I",2016,"Private",NA,"Academic",1,43,101,591.709232758731,0
"SYN-DLBCL-000508",TRUE,"DLBCL","SIM-F036",54,"Female","Black",1,"II",2016,"Public","Middle","Academic",1,35,153,1564.76788906381,0
"SYN-DLBCL-000509",TRUE,"DLBCL","SIM-F004",37,"Female","Other",0,"IV",2021,"Private","Higher","Community",1,39,235,3156.54747066088,0
"SYN-DLBCL-000510",TRUE,"DLBCL","SIM-F007",64,"Female","Other",2,"II",2014,"Private","Higher","Academic",0,16,NA,161.981539327276,1
"SYN-DLBCL-000511",TRUE,"DLBCL","SIM-F023",90,"Male","Other",2,"I",2018,"Public","Middle","Integrated",0,24,NA,705.967350138652,1
"SYN-DLBCL-000512",TRUE,"DLBCL","SIM-F002",65,"Male","Other",1,"II",2012,"Private","Lower",NA,0,35,NA,1628.17447107285,0
"SYN-DLBCL-000513",TRUE,"DLBCL","SIM-F003",76,"Male","Other",1,"II",2021,"Private","Lower","Integrated",0,13,NA,435.113429975263,1
"SYN-DLBCL-000514",TRUE,"DLBCL","SIM-F020",59,"Male","Other",1,"I",2018,"Public","Middle","Community",1,39,110,1321.46867236802,1
"SYN-DLBCL-000515",TRUE,"DLBCL","SIM-F014",59,"Female","Black",0,"III",2015,"Private","Lower","Integrated",1,24,84,1235.08603458187,1
"SYN-DLBCL-000516",TRUE,"DLBCL","SIM-F035",64,"Female","Other",1,"II",2014,"Private","Middle","Integrated",1,33,55,2880.85371417925,0
"SYN-DLBCL-000517",TRUE,"DLBCL","SIM-F055",45,"Female","Black",0,"II",2013,"Private","Middle","Academic",0,NA,NA,11.2792553218103,1
"SYN-DLBCL-000518",TRUE,"DLBCL","SIM-F013",59,"Male","Hispanic",0,"I",2015,"Private","Middle","Integrated",1,21,150,3156.1811285466,0
"SYN-DLBCL-000519",TRUE,"DLBCL","SIM-F024",72,"Female","Hispanic",0,"I",2011,"Private","Middle","Integrated",1,23,101,254.075636662281,1
"SYN-DLBCL-000520",TRUE,"DLBCL","SIM-F014",73,"Male","Black",0,"II",2016,"Public","Higher","Integrated",1,19,244,2914.89503509598,0
"SYN-DLBCL-000521",TRUE,"DLBCL","SIM-F034",60,"Male","Other",0,"I",2021,"Private","Middle","Community",1,14,187,2368.61586525546,1
"SYN-DLBCL-000522",TRUE,"DLBCL","SIM-F008",67,"Female","Hispanic",0,"I",2020,"Private","Middle","Academic",1,41,291,2404.84313188121,0
"SYN-DLBCL-000523",TRUE,"DLBCL","SIM-F010",74,"Male","Hispanic",0,"III",2021,"Public","Lower","Integrated",0,12,NA,3263.61121488386,0
"SYN-DLBCL-000524",TRUE,"DLBCL","SIM-F028",82,"Male","Other",0,"IV",2014,"Public","Middle","Community",0,38,NA,1659.68703426057,1
"SYN-DLBCL-000525",TRUE,"DLBCL","SIM-F029",41,"Male","Other",0,"III",2016,"Private",NA,"Integrated",1,32,266,1190.326068333,1
"SYN-DLBCL-000526",TRUE,"DLBCL","SIM-F006",45,"Female","Other",0,"I",2019,"Private","Middle","Integrated",1,43,302,1812.1118199639,0
"SYN-DLBCL-000527",TRUE,"DLBCL","SIM-F053",58,"Male","Black",0,"I",2021,"Private","Middle","Academic",1,43,205,943.103233604206,1
"SYN-DLBCL-000528",TRUE,"DLBCL","SIM-F006",53,"Female","Black",1,"III",2018,"Public","Lower","Integrated",0,44,NA,912.360720185848,1
"SYN-DLBCL-000529",TRUE,"DLBCL","SIM-F051",85,"Female","Hispanic",1,"I",2010,"Public","Higher","Community",0,39,NA,120.095547933107,1
"SYN-DLBCL-000530",TRUE,"DLBCL","SIM-F027",56,"Male","Other",1,"I",2010,"Private","Higher","Integrated",1,375,NA,185.718106078616,1
"SYN-DLBCL-000531",TRUE,"DLBCL","SIM-F002",73,"Female","Black",1,"III",2012,"Private","Higher","Academic",0,33,NA,1776.43700795105,1
"SYN-DLBCL-000532",TRUE,"DLBCL","SIM-F041",61,"Male","Other",1,"IV",2015,"Private","Lower","Academic",1,25,247,2672.48295226251,0
"SYN-DLBCL-000533",TRUE,"DLBCL","SIM-F010",72,"Female","Black",0,"I",2020,"Private","Middle","Integrated",0,12,NA,2780.69062454393,0
"SYN-DLBCL-000534",TRUE,"DLBCL","SIM-F022",43,"Female","Hispanic",0,"III",2017,"Private","Higher","Integrated",0,28,NA,1531.23812060454,0
"SYN-DLBCL-000535",TRUE,"DLBCL","SIM-F014",62,"Female","Black",0,"I",2015,"Private","Middle","Integrated",1,11,218,1495.23052079254,0
"SYN-DLBCL-000536",TRUE,"DLBCL","SIM-F058",44,"Male","Black",0,"III",2011,"Private","Middle","Academic",0,36,NA,1981.46052249591,0
"SYN-DLBCL-000537",TRUE,"DLBCL","SIM-F060",83,"Female","Black",1,"II",2020,"Public","Lower","Academic",0,20,NA,1524.55210728049,1
"SYN-DLBCL-000538",TRUE,"DLBCL","SIM-F023",58,"Male","Hispanic",0,"I",2020,"Private","Middle","Integrated",0,41,NA,934.696358033945,0
"SYN-DLBCL-000539",TRUE,"DLBCL","SIM-F024",76,"Female","Other",0,"II",2020,"Private","Middle","Integrated",0,34,NA,1440.33616688824,1
"SYN-DLBCL-000540",TRUE,"DLBCL","SIM-F027",43,"Male","Black",2,"I",2012,"Private","Higher","Integrated",0,24,NA,1623.25920414529,0
"SYN-DLBCL-000541",TRUE,"DLBCL","SIM-F026",48,"Female","Other",0,"II",2012,"Public","Middle","Academic",1,30,268,786.03407597713,1
"SYN-DLBCL-000542",TRUE,"DLBCL","SIM-F041",32,"Female","Hispanic",0,"I",2015,"Private","Higher","Academic",1,19,122,2268.6880863586,0
"SYN-DLBCL-000543",TRUE,"DLBCL","SIM-F015",50,"Female","Other",0,"I",2013,"Private","Middle","Academic",1,32,182,1605.19603498629,0
"SYN-DLBCL-000544",TRUE,"DLBCL","SIM-F008",48,"Female","Other",1,"I",2016,"Private","Middle","Academic",0,33,NA,767.921199873636,1
"SYN-DLBCL-000545",TRUE,"DLBCL","SIM-F030",74,"Female","Black",0,"III",2014,"Public","Middle","Academic",0,39,NA,2445.12455455493,0
"SYN-DLBCL-000546",TRUE,"DLBCL","SIM-F034",80,"Male","Hispanic",1,"IV",2021,"Private","Lower","Community",1,22,285,429.031264442001,1
"SYN-DLBCL-000547",TRUE,"DLBCL","SIM-F019",70,"Female","Hispanic",0,"IV",2016,"Public","Higher","Academic",0,28,NA,1685.0523390423,0
"SYN-DLBCL-000548",TRUE,"DLBCL","SIM-F005",40,"Male","Other",0,"II",2010,"Private","Lower","Community",1,32,74,1489.50431590389,1
"SYN-DLBCL-000549",TRUE,"DLBCL","SIM-F039",60,"Male","Other",1,"II",2014,"Private",NA,"Integrated",0,22,NA,305.083453309203,1
"SYN-DLBCL-000550",TRUE,"DLBCL","SIM-F027",63,"Female","Black",1,"III",2017,"Public","Lower","Integrated",0,32,NA,NA,0
"SYN-DLBCL-000551",TRUE,"DLBCL","SIM-F030",79,"Male","Black",1,"I",2020,"Private","Higher","Academic",1,25,227,1102.63706804943,1
"SYN-DLBCL-000552",TRUE,"DLBCL","SIM-F030",73,"Male","Black",1,"II",2012,"Private","Higher","Academic",0,44,NA,1997.27524181595,0
"SYN-DLBCL-000553",TRUE,"DLBCL","SIM-F011",57,"Male","Hispanic",1,"II",2014,"Public","Higher","Integrated",1,9,38,366.237005962193,1
"SYN-DLBCL-000554",TRUE,"DLBCL","SIM-F060",77,"Male","Black",1,"II",2015,"Public","Middle","Academic",0,25,NA,129.132893587358,1
"SYN-DLBCL-000555",TRUE,"DLBCL","SIM-F040",47,"Female","Hispanic",0,"III",2011,"Private","Lower","Community",NA,14,202,1408.02107158301,1
"SYN-DLBCL-000556",TRUE,"DLBCL","SIM-F024",71,"Male","Other",0,"II",2022,"Public","Higher","Integrated",1,40,287,1825.26679294163,1
"SYN-DLBCL-000557",TRUE,"DLBCL","SIM-F025",75,"Female","Black",0,"I",2020,"Public","Lower","Integrated",0,10,NA,1558.24925811263,0
"SYN-DLBCL-000558",TRUE,"DLBCL","SIM-F031",86,"Female","Other",1,"I",2013,"Public","Lower","Academic",0,19,NA,475.395435064193,1
"SYN-DLBCL-000559",TRUE,"DLBCL","SIM-F004",70,"Male","Black",2,"I",2020,"Public","Lower","Community",0,41,NA,247.438102454225,1
"SYN-DLBCL-000560",TRUE,"DLBCL","SIM-F029",62,"Female","Hispanic",2,"I",2011,"Public","Middle","Integrated",0,18,NA,107.777929254451,1
"SYN-DLBCL-000561",TRUE,"DLBCL","SIM-F058",58,"Male","Hispanic",1,"IV",2013,"Private","Higher","Academic",1,19,117,818.405355949093,1
"SYN-DLBCL-000562",TRUE,"DLBCL","SIM-F017",39,"Female","Black",1,"II",2019,"Private","Middle","Academic",1,30,204,1645.90446565067,0
"SYN-DLBCL-000563",TRUE,"DLBCL","SIM-F024",45,"Male","Other",NA,"II",2012,"Private","Middle","Integrated",1,22,92,3193.84251515963,0
"SYN-DLBCL-000564",TRUE,"DLBCL","SIM-F010",76,"Male","Other",0,"I",2016,"Private","Middle","Integrated",1,7,71,305.543381876973,1
"SYN-DLBCL-000565",TRUE,"DLBCL","SIM-F047",44,"Male","Hispanic",0,"II",2022,"Private","Lower","Integrated",1,30,302,913.957434479194,1
"SYN-DLBCL-000566",TRUE,"DLBCL","SIM-F031",61,"Male","Other",1,"I",2017,"Private","Lower","Academic",0,45,NA,1164.28317261671,1
"SYN-DLBCL-000567",TRUE,"DLBCL","SIM-F018",54,"Female","Hispanic",0,"II",2020,"Public","Lower","Integrated",1,21,194,1587.91048024083,0
"SYN-DLBCL-000568",TRUE,"DLBCL","SIM-F011",67,"Female","Black",0,"I",2020,"Public","Higher","Integrated",0,32,NA,1709.88667475991,0
"SYN-DLBCL-000569",TRUE,"DLBCL","SIM-F028",60,"Female","Hispanic",1,"IV",2018,"Private","Middle","Community",1,26,213,2547.05781377012,1
"SYN-DLBCL-000570",TRUE,"DLBCL","SIM-F021",63,"Male","Black",1,"I",2011,"Public","Higher","Community",0,36,NA,2875.78087337067,1
"SYN-DLBCL-000571",TRUE,"DLBCL","SIM-F054",64,"Male","Black",0,"I",2010,NA,"Lower","Integrated",0,33,NA,379.245897023027,1
"SYN-DLBCL-000572",TRUE,"DLBCL","SIM-F058",86,"Female","Black",1,"II",2010,"Public","Higher","Academic",0,14,NA,1491.4584206033,0
"SYN-DLBCL-000573",TRUE,"DLBCL","SIM-F022",53,"Female","Other",0,"I",2016,NA,NA,"Integrated",0,16,NA,1875.73216877296,0
"SYN-DLBCL-000574",TRUE,"DLBCL","SIM-F059",48,"Female","Other",0,"I",2018,"Public","Lower","Academic",1,42,240,1955.81679297819,1
"SYN-DLBCL-000575",TRUE,"DLBCL","SIM-F052",65,"Female","Hispanic",2,"II",2016,"Public","Lower","Academic",1,10,133,2851.54102041502,0
"SYN-DLBCL-000576",TRUE,"DLBCL","SIM-F057",64,"Male","Other",1,"II",2011,"Private","Lower","Community",0,28,NA,2129.18130748778,1
"SYN-DLBCL-000577",TRUE,"DLBCL","SIM-F055",48,"Male","Other",NA,"I",2011,"Private","Lower","Academic",0,36,NA,597.51951401316,1
"SYN-DLBCL-000578",TRUE,"DLBCL","SIM-F044",56,"Female","Black",1,"I",2015,"Public","Middle","Academic",0,21,NA,2246.52204800746,0
"SYN-DLBCL-000579",TRUE,"DLBCL","SIM-F049",78,"Male","Hispanic",2,"I",2021,"Public","Higher","Academic",1,36,204,354.748021814321,1
"SYN-DLBCL-000580",TRUE,"DLBCL","SIM-F019",70,"Male","Hispanic",0,"II",2010,"Private","Middle","Academic",0,27,NA,691.937885116786,0
"SYN-DLBCL-000581",TRUE,"DLBCL","SIM-F055",59,"Male","Other",0,"II",2011,NA,"Lower","Academic",0,29,NA,597.460610479632,1
"SYN-DLBCL-000582",TRUE,"DLBCL","SIM-F059",60,"Female","Other",0,"II",2016,"Private","Lower","Academic",0,40,NA,1794.9702850447,1
"SYN-DLBCL-000583",TRUE,"DLBCL","SIM-F043",73,"Male","Hispanic",0,"II",2012,"Private",NA,"Integrated",1,27,168,889.090464684974,1
"SYN-DLBCL-000584",TRUE,"DLBCL","SIM-F004",78,"Male","Hispanic",2,"I",2020,"Private","Lower","Community",0,6,NA,261.385198249913,1
"SYN-DLBCL-000585",TRUE,"DLBCL","SIM-F041",67,"Male","Black",0,"III",2014,NA,"Lower","Academic",0,27,NA,352.592253247599,1
"SYN-DLBCL-000586",TRUE,"DLBCL","SIM-F052",49,"Female","Other",2,"I",2015,NA,"Higher","Academic",0,26,NA,2164.07099528238,0
"SYN-DLBCL-000587",TRUE,"DLBCL","SIM-F018",61,"Male","Other",0,"III",2012,"Public","Middle","Integrated",0,31,NA,2193.10223117232,1
"SYN-DLBCL-000588",TRUE,"DLBCL","SIM-F035",69,"Male","Hispanic",1,"III",2016,"Private","Middle","Integrated",1,19,284,649.884515822803,1
"SYN-DLBCL-000589",TRUE,"DLBCL","SIM-F028",30,"Female","Hispanic",0,"I",2020,"Private","Higher","Community",1,375,235,3083.00502759754,0
"SYN-DLBCL-000590",TRUE,"DLBCL","SIM-F048",60,"Male","Hispanic",1,"I",2011,NA,"Lower","Community",1,14,288,565.92434493164,1
"SYN-DLBCL-000591",TRUE,"DLBCL","SIM-F013",73,"Female","Other",0,"I",2020,"Private","Middle","Integrated",0,21,NA,1175.70599108422,1
"SYN-DLBCL-000592",TRUE,"DLBCL","SIM-F012",64,"Female","Black",2,"I",2016,"Public","Higher","Community",0,6,NA,845.941311300244,1
"SYN-DLBCL-000593",TRUE,"DLBCL","SIM-F053",52,"Female","Other",1,"II",2016,"Public","Higher","Academic",1,38,190,598.524754201442,1
"SYN-DLBCL-000594",TRUE,"DLBCL","SIM-F006",59,"Male","Other",0,"II",2017,"Public","Higher","Integrated",1,43,167,423.918950881699,1
"SYN-DLBCL-000595",TRUE,"DLBCL","SIM-F027",64,"Female","Black",0,"I",2022,"Private",NA,"Integrated",0,26,NA,1539.31059855619,0
"SYN-DLBCL-000596",TRUE,"DLBCL","SIM-F027",51,"Female","Other",2,"III",2010,"Public",NA,"Integrated",0,NA,NA,3.83272824842463,1
"SYN-DLBCL-000597",TRUE,"DLBCL","SIM-F056",70,"Male","Black",1,"I",2013,"Private","Higher","Academic",1,40,235,1560.74871726101,0
"SYN-DLBCL-000598",TRUE,"DLBCL","SIM-F007",35,"Male","Black",0,"I",2021,"Private","Middle","Academic",1,35,234,2094.46773742326,0
"SYN-DLBCL-000599",TRUE,"DLBCL","SIM-F028",75,"Male","Black",0,"I",2021,"Public","Middle","Community",0,16,NA,904.651032881965,1
"SYN-DLBCL-000600",TRUE,"DLBCL","SIM-F059",59,"Female","Hispanic",0,"II",2020,"Private","Lower","Academic",1,34,261,3195.63423094456,0
"SYN-DLBCL-000601",TRUE,"DLBCL","SIM-F055",40,"Male","Hispanic",0,"II",2022,"Private","Higher","Academic",1,40,147,1841.76237914711,0
"SYN-DLBCL-000602",TRUE,"DLBCL","SIM-F013",77,"Female","Other",0,"IV",2015,"Public","Higher","Integrated",0,41,NA,353.36969768025,1
"SYN-DLBCL-000603",TRUE,"DLBCL","SIM-F004",69,"Female","Black",0,"I",2016,"Private","Higher","Community",0,45,NA,1726.85946827693,1
"SYN-DLBCL-000604",TRUE,"DLBCL","SIM-F010",76,"Male","Black",0,"I",2021,"Public","Lower","Integrated",0,14,NA,210.080879087403,1
"SYN-DLBCL-000605",TRUE,"DLBCL","SIM-F029",37,"Female","Black",1,"II",2013,NA,"Middle","Integrated",0,21,NA,2892.69314616336,0
"SYN-DLBCL-000606",TRUE,"DLBCL","SIM-F050",41,"Male","Black",0,"II",2018,"Private","Middle","Academic",1,37,228,2868.87960551772,0
"SYN-DLBCL-000607",TRUE,"DLBCL","SIM-F015",43,"Female","Black",1,"II",2017,"Private","Higher","Academic",0,45,NA,1584.51565100346,0
"SYN-DLBCL-000608",TRUE,"DLBCL","SIM-F055",62,"Female","Other",0,"II",2021,"Private","Lower","Academic",1,19,196,2767.90705741965,0
"SYN-DLBCL-000609",TRUE,"DLBCL","SIM-F005",39,"Male","Other",1,"I",2014,"Private","Lower","Community",1,31,NA,78.7191189453006,0
"SYN-DLBCL-000610",TRUE,"DLBCL","SIM-F050",37,"Male","Black",0,"III",2010,"Private","Middle",NA,1,11,182,2977.10329033085,0
"SYN-DLBCL-000611",TRUE,"DLBCL","SIM-F041",68,"Male","Other",1,"I",2014,"Private","Middle","Academic",0,13,NA,877.903065675224,1
"SYN-DLBCL-000612",TRUE,"DLBCL","SIM-F004",40,"Male","Black",0,"III",2017,"Private","Lower","Community",0,27,NA,639.148508068174,0
"SYN-DLBCL-000613",TRUE,"DLBCL","SIM-F034",63,"Female","Black",1,"II",2015,"Private","Higher","Community",0,16,NA,1085.91977214441,0
"SYN-DLBCL-000614",TRUE,"DLBCL","SIM-F052",81,"Female","Black",0,"II",2016,"Private","Higher","Academic",1,22,182,220.590021796525,0
"SYN-DLBCL-000615",TRUE,"DLBCL","SIM-F043",89,"Male","Other",2,"I",2010,"Private","Middle","Integrated",0,37,NA,638.465091088671,1
"SYN-DLBCL-000616",TRUE,"DLBCL","SIM-F047",52,"Female","Black",0,"III",2010,"Private","Lower","Integrated",1,10,242,1728.93897935515,0
"SYN-DLBCL-000617",TRUE,"DLBCL","SIM-F050",71,"Female","Hispanic",0,"I",2012,"Private","Lower","Academic",1,18,270,1934.31027378188,0
"SYN-DLBCL-000618",TRUE,"DLBCL","SIM-F043",73,"Male","Hispanic",2,"I",2021,"Private",NA,"Integrated",NA,38,NA,345.329956841599,0
"SYN-DLBCL-000619",TRUE,"DLBCL","SIM-F059",86,"Female","Hispanic",0,"II",2010,"Public",NA,NA,1,13,257,692.128352445119,1
"SYN-DLBCL-000620",TRUE,"DLBCL","SIM-F050",56,"Male","Black",1,"I",2017,"Public","Higher","Academic",1,26,162,2785.30261864886,0
"SYN-DLBCL-000621",TRUE,"DLBCL","SIM-F004",50,"Female","Other",0,"II",2014,"Public","Lower","Community",1,15,87,1685.74845798081,0
"SYN-DLBCL-000622",TRUE,"DLBCL","SIM-F052",63,"Male","Black",0,"II",2010,"Public","Higher","Academic",1,22,NA,1568.38901365059,0
"SYN-DLBCL-000623",TRUE,"DLBCL","SIM-F054",76,"Male","Hispanic",1,"II",2014,"Private","Middle","Integrated",1,7,134,2463.02143456647,0
"SYN-DLBCL-000624",TRUE,"DLBCL","SIM-F027",85,"Female","Other",2,"I",2020,NA,"Middle","Integrated",0,20,NA,80.6474272990564,1
"SYN-DLBCL-000625",TRUE,"DLBCL","SIM-F040",61,"Female","Hispanic",1,"III",2015,"Private","Lower","Community",0,34,NA,38.9334014329723,1
"SYN-DLBCL-000626",TRUE,"DLBCL","SIM-F012",62,"Male","Black",1,"I",2010,"Private",NA,"Community",1,22,66,358.737654521601,1
"SYN-DLBCL-000627",TRUE,"DLBCL","SIM-F055",76,"Female","Black",1,"III",2015,NA,"Lower","Academic",1,43,NA,200.53953156237,0
"SYN-DLBCL-000628",TRUE,"DLBCL","SIM-F014",71,"Female","Black",1,"I",2021,"Private","Middle","Integrated",0,31,NA,2578.44541108003,0
"SYN-DLBCL-000629",TRUE,"DLBCL","SIM-F051",74,"Male","Other",1,"II",2017,NA,"Middle",NA,1,12,183,1697.86611689242,1
"SYN-DLBCL-000630",TRUE,"DLBCL","SIM-F050",45,"Male","Hispanic",0,"III",2020,"Public","Lower","Academic",1,19,267,808.700245232716,0
"SYN-DLBCL-000631",TRUE,"DLBCL","SIM-F003",74,"Male","Hispanic",1,"I",2011,"Public","Lower","Integrated",0,45,NA,948.923117816448,0
"SYN-DLBCL-000632",TRUE,"DLBCL","SIM-F027",70,"Male","Black",2,"II",2015,"Public",NA,"Integrated",0,16,NA,1043.57856775414,1
"SYN-DLBCL-000633",TRUE,"DLBCL","SIM-F002",58,"Female","Other",2,"III",2021,"Private","Middle","Academic",1,29,194,902.583657546175,1
"SYN-DLBCL-000634",TRUE,"DLBCL","SIM-F011",90,"Female","Other",1,"II",2015,"Public","Higher","Integrated",0,37,NA,503.129946055776,1
"SYN-DLBCL-000635",TRUE,"DLBCL","SIM-F028",65,"Male","Other",1,"I",2015,"Private","Higher","Community",1,27,119,329.20922272337,1
"SYN-DLBCL-000636",TRUE,"DLBCL","SIM-F011",46,"Male","Other",1,"II",2022,"Private","Higher","Integrated",1,22,162,913.229227621083,1
"SYN-DLBCL-000637",TRUE,"DLBCL","SIM-F041",56,"Male","Other",0,"I",2014,"Private","Middle","Academic",0,25,NA,642.108714388381,1
"SYN-DLBCL-000638",TRUE,"DLBCL","SIM-F006",63,"Female","Hispanic",2,"III",2013,"Public","Middle","Integrated",0,36,NA,1263.43473036587,1
"SYN-DLBCL-000639",TRUE,"DLBCL","SIM-F020",52,"Female","Other",0,"II",2012,"Private","Middle","Community",0,22,NA,2105.36149989581,0
"SYN-DLBCL-000640",TRUE,"DLBCL","SIM-F017",61,"Male","Other",1,"II",2011,NA,"Middle","Academic",0,27,NA,1660.09544524946,0
"SYN-DLBCL-000641",TRUE,"DLBCL","SIM-F059",50,"Female","Other",0,"IV",2017,"Private","Lower","Academic",0,23,NA,1334.6143348605,0
"SYN-DLBCL-000642",TRUE,"DLBCL","SIM-F023",50,"Female","Black",2,"I",2013,"Public","Lower","Integrated",0,35,NA,1696.33835142563,1
"SYN-DLBCL-000643",TRUE,"DLBCL","SIM-F032",63,"Female","Other",0,"I",2022,"Public","Lower","Academic",0,42,NA,2599.44369293749,0
"SYN-DLBCL-000644",TRUE,"DLBCL","SIM-F031",32,"Male","Hispanic",1,"III",2014,"Private","Higher",NA,1,39,167,1986.2713938253,0
"SYN-DLBCL-000645",TRUE,"DLBCL","SIM-F022",74,"Female","Black",1,"I",2022,"Public","Higher","Integrated",1,43,101,745.176562161068,1
"SYN-DLBCL-000646",TRUE,"DLBCL","SIM-F051",61,"Male","Hispanic",1,"II",2013,NA,"Higher","Community",1,19,142,1862.33188929851,0
"SYN-DLBCL-000647",TRUE,"DLBCL","SIM-F059",77,"Female","Other",0,"II",2021,"Public","Higher","Academic",0,16,NA,2664.81613142761,1
"SYN-DLBCL-000648",TRUE,"DLBCL","SIM-F038",62,"Female","Black",1,"II",2010,"Public","Middle","Community",0,8,NA,1130.53183112931,0
"SYN-DLBCL-000649",TRUE,"DLBCL","SIM-F057",72,"Female","Other",0,"II",2014,"Public","Lower",NA,1,18,267,665.470446211731,1
"SYN-DLBCL-000650",TRUE,"DLBCL","SIM-F050",63,"Male","Black",0,"I",2016,"Private","Higher","Academic",1,7,286,2840.42286749114,0
"SYN-DLBCL-000651",TRUE,"DLBCL","SIM-F059",80,"Male","Other",1,"I",2018,"Public","Middle","Academic",1,34,248,2069.71184161026,0
"SYN-DLBCL-000652",TRUE,"DLBCL","SIM-F027",71,"Male","Hispanic",0,"III",2014,"Public","Lower","Integrated",1,31,174,289.215860983498,1
"SYN-DLBCL-000653",TRUE,"DLBCL","SIM-F041",45,"Male","Hispanic",0,"II",2020,"Private","Lower",NA,1,9,115,2923.10075648362,0
"SYN-DLBCL-000654",TRUE,"DLBCL","SIM-F027",56,"Female","Black",0,"I",2013,"Public",NA,"Integrated",0,32,NA,2141.79357293344,0
"SYN-DLBCL-000655",TRUE,"DLBCL","SIM-F051",78,"Male","Black",2,"II",2011,"Private","Middle","Community",1,42,297,1134.79747667764,1
"SYN-DLBCL-000656",TRUE,"DLBCL","SIM-F040",36,"Female","Hispanic",0,"III",2020,"Private","Middle","Community",1,6,61,300.412409868049,1
"SYN-DLBCL-000657",TRUE,"DLBCL","SIM-F056",56,"Male","Hispanic",0,"II",2019,"Private","Lower","Academic",0,12,NA,1943.37665770086,0
"SYN-DLBCL-000658",TRUE,"DLBCL","SIM-F043",71,"Male","Black",0,"II",2021,"Public","Middle","Integrated",1,26,193,2748.90632062103,0
"SYN-DLBCL-000659",TRUE,"DLBCL","SIM-F015",40,"Female","Hispanic",0,"IV",2011,"Private","Lower","Academic",1,32,243,1752.51941087986,1
"SYN-DLBCL-000660",TRUE,"DLBCL","SIM-F059",59,"Male","Other",0,"I",2011,"Public","Higher","Academic",1,24,274,1755.04582622568,1
"SYN-DLBCL-000661",TRUE,"DLBCL","SIM-F051",77,"Male","Hispanic",0,"I",2010,"Public","Middle","Community",1,36,175,2378.52368351072,0
"SYN-DLBCL-000662",TRUE,"DLBCL","SIM-F044",69,"Male","Other",1,"III",2017,"Public",NA,"Academic",1,17,157,1459.12815064849,1
"SYN-DLBCL-000663",TRUE,"DLBCL","SIM-F037",42,"Female","Other",0,"I",2013,"Private","Middle","Community",1,36,291,1769.55778420321,0
"SYN-DLBCL-000664",TRUE,"DLBCL","SIM-F012",52,"Male","Hispanic",1,"I",2022,"Public","Lower","Community",1,15,108,1463.83253021725,1
"SYN-DLBCL-000665",TRUE,"DLBCL","SIM-F053",58,"Female","Black",1,"I",2015,"Private","Higher","Academic",1,38,264,2514.26558906214,1
"SYN-DLBCL-000666",TRUE,"DLBCL","SIM-F001",56,"Male","Other",1,"III",2018,"Public","Higher","Community",1,19,217,2658.42468155548,0
"SYN-DLBCL-000667",TRUE,"DLBCL","SIM-F030",83,"Male","Hispanic",0,"II",2022,"Public","Middle","Academic",1,17,176,2364.27450599964,0
"SYN-DLBCL-000668",TRUE,"DLBCL","SIM-F057",49,"Female","Black",0,"II",2010,"Private","Lower","Community",1,25,216,1530.37185768131,0
"SYN-DLBCL-000669",TRUE,"DLBCL","SIM-F048",29,"Male","Black",0,"II",2020,"Public","Higher",NA,1,30,219,1686.70765299117,0
"SYN-DLBCL-000670",TRUE,"DLBCL","SIM-F013",73,"Female","Other",0,"I",2011,"Public","Higher","Integrated",0,45,NA,2474.82302396325,0
"SYN-DLBCL-000671",TRUE,"DLBCL","SIM-F033",58,"Female","Hispanic",1,"I",2012,"Public","Middle","Community",1,17,181,1805.18889278406,0
"SYN-DLBCL-000672",TRUE,"DLBCL","SIM-F053",71,"Female","Hispanic",0,"II",2021,"Public","Lower","Academic",1,41,85,130.070810300219,0
"SYN-DLBCL-000673",TRUE,"DLBCL","SIM-F009",72,"Female","Hispanic",0,"III",2012,"Private","Lower","Community",0,34,NA,1459.3164495106,0
"SYN-DLBCL-000674",TRUE,"DLBCL","SIM-F013",77,"Male","Hispanic",0,"I",2012,"Private","Higher","Integrated",0,15,NA,2269.1180141666,0
"SYN-DLBCL-000675",TRUE,"DLBCL","SIM-F017",52,"Female","Black",0,"IV",2015,NA,"Middle","Academic",1,30,281,2707.00086482917,0
"SYN-DLBCL-000676",TRUE,"DLBCL","SIM-F044",38,"Male","Other",0,"IV",2020,"Private","Lower","Academic",1,37,305,1526.62390248966,0
"SYN-DLBCL-000677",TRUE,"DLBCL","SIM-F046",54,"Female","Other",1,"III",2013,"Public","Middle","Academic",0,17,NA,290.917906013788,1
"SYN-DLBCL-000678",TRUE,"DLBCL","SIM-F033",57,"Female","Hispanic",0,"II",2021,"Private","Higher","Community",1,34,94,1786.02587039582,0
"SYN-DLBCL-000679",TRUE,"DLBCL","SIM-F032",43,"Male","Other",0,"IV",2015,"Private","Higher","Academic",1,19,200,2698.64494033623,0
"SYN-DLBCL-000680",TRUE,"DLBCL","SIM-F046",59,"Male","Hispanic",1,"II",2018,NA,"Middle","Academic",1,33,109,805.613843363619,1
"SYN-DLBCL-000681",TRUE,"DLBCL","SIM-F005",43,"Male","Other",0,"II",2018,"Public","Lower","Community",1,26,261,2846.85034701023,0
"SYN-DLBCL-000682",TRUE,"DLBCL","SIM-F049",61,"Female","Other",0,"I",2018,"Public","Lower","Academic",1,43,168,1893.77358436119,0
"SYN-DLBCL-000683",TRUE,"DLBCL","SIM-F054",80,"Male","Other",1,"I",2021,"Public","Higher","Integrated",1,20,233,1332.62696849182,0
"SYN-DLBCL-000684",TRUE,"DLBCL","SIM-F041",51,"Male","Black",1,"IV",2020,"Public","Lower","Academic",1,42,204,1636.52245885693,0
"SYN-DLBCL-000685",TRUE,"DLBCL","SIM-F047",71,"Female","Black",0,"I",2011,"Public","Higher","Integrated",1,15,201,488.010049031407,1
"SYN-DLBCL-000686",TRUE,"DLBCL","SIM-F019",67,"Female","Other",1,"III",2020,"Private","Higher","Academic",1,19,NA,84.5022350644406,1
"SYN-DLBCL-000687",TRUE,"DLBCL","SIM-F014",82,"Male","Other",0,"III",2016,"Public",NA,"Integrated",0,25,NA,1260.77138643017,1
"SYN-DLBCL-000688",TRUE,"DLBCL","SIM-F051",48,"Female","Other",0,"I",2022,"Private","Higher","Community",1,35,253,2620.87003382272,0
"SYN-DLBCL-000689",TRUE,"DLBCL","SIM-F006",53,"Female","Hispanic",1,"II",2019,"Private","Middle","Integrated",1,25,162,2213.01963517959,NA
"SYN-DLBCL-000690",TRUE,"DLBCL","SIM-F023",68,"Female","Other",0,"I",2022,"Private","Higher","Integrated",1,28,142,931.120504203434,1
"SYN-DLBCL-000691",TRUE,"DLBCL","SIM-F052",40,"Male","Hispanic",1,"II",2021,NA,"Lower","Academic",1,27,159,1725.0263396278,0
"SYN-DLBCL-000692",TRUE,"DLBCL","SIM-F060",67,"Female","Other",0,"I",2012,"Private","Middle","Academic",1,11,254,1824.70187635277,0
"SYN-DLBCL-000693",TRUE,"DLBCL","SIM-F008",61,"Male","Black",1,"II",2020,"Public","Middle","Academic",1,24,247,1903.46032598405,0
"SYN-DLBCL-000694",TRUE,"DLBCL","SIM-F031",75,"Male","Other",2,"II",2016,"Public","Higher",NA,0,28,NA,71.3468294162852,1
"SYN-DLBCL-000695",TRUE,"DLBCL","SIM-F008",79,"Female","Other",1,"II",2012,"Private","Middle","Academic",0,5,NA,1817.45512806679,1
"SYN-DLBCL-000696",TRUE,"DLBCL","SIM-F060",42,"Female","Hispanic",0,"II",2020,"Private","Higher","Academic",1,21,43,1185.38034677779,1
"SYN-DLBCL-000697",TRUE,"DLBCL","SIM-F012",65,"Male","Other",1,"I",2020,"Public",NA,NA,0,13,NA,227.488298585436,1
"SYN-DLBCL-000698",TRUE,"DLBCL","SIM-F002",48,"Male","Hispanic",0,"I",2014,"Private","Lower","Academic",1,16,105,2377.65243234695,0
"SYN-DLBCL-000699",TRUE,"DLBCL","SIM-F046",56,"Female","Black",0,"II",2013,"Private","Lower","Academic",1,23,205,288.411160334945,0
"SYN-DLBCL-000700",TRUE,"DLBCL","SIM-F050",59,"Male","Other",0,"I",2010,"Private","Higher","Academic",1,38,291,1002.96163467595,1
"SYN-DLBCL-000701",TRUE,"DLBCL","SIM-F013",71,"Female","Hispanic",0,"III",2013,"Private","Lower","Integrated",1,22,172,2199.37753948267,0
"SYN-DLBCL-000702",TRUE,"DLBCL","SIM-F029",37,"Male","Other",0,"I",2011,"Private","Lower","Integrated",1,41,128,2497.46961970464,0
"SYN-DLBCL-000703",TRUE,"DLBCL","SIM-F033",90,"Male","Hispanic",1,"II",2011,"Public","Higher","Community",0,41,NA,289.141522789436,1
"SYN-DLBCL-000704",TRUE,"DLBCL","SIM-F005",65,"Male","Hispanic",0,"II",2014,"Public","Lower","Community",0,16,NA,168.534038600301,1
"SYN-DLBCL-000705",TRUE,"DLBCL","SIM-F017",70,"Male","Black",0,"IV",2011,"Public","Higher","Academic",0,27,NA,1601.62231676702,1
"SYN-DLBCL-000706",TRUE,"DLBCL","SIM-F047",68,"Male","Hispanic",0,"I",2012,"Public","Middle","Integrated",0,18,NA,945.550467564109,0
"SYN-DLBCL-000707",TRUE,"DLBCL","SIM-F043",48,"Male","Hispanic",0,"II",2014,"Public","Middle","Integrated",0,9,NA,1463.61205135705,0
"SYN-DLBCL-000708",TRUE,"DLBCL","SIM-F011",62,"Male","Hispanic",2,"III",2012,"Private",NA,"Integrated",0,44,NA,1532.86500498139,0
"SYN-DLBCL-000709",TRUE,"DLBCL","SIM-F043",47,"Male","Hispanic",0,"I",2020,"Private","Higher",NA,1,11,89,2692.23926903447,0
"SYN-DLBCL-000710",TRUE,"DLBCL","SIM-F018",57,"Male","Other",1,"II",2011,"Public","Lower","Integrated",0,375,NA,2888.29047924024,0
"SYN-DLBCL-000711",TRUE,"DLBCL","SIM-F006",55,"Female","Black",1,"I",2021,"Private","Higher","Integrated",1,19,172,2335.12811583001,0
"SYN-DLBCL-000712",TRUE,"DLBCL","SIM-F047",79,"Male","Black",1,"I",2016,NA,"Middle","Integrated",0,30,NA,315.865292083472,0
"SYN-DLBCL-000713",TRUE,"DLBCL","SIM-F020",42,"Female","Other",0,"II",2019,"Private",NA,"Community",1,23,51,1537.96512395144,0
"SYN-DLBCL-000714",TRUE,"DLBCL","SIM-F011",68,"Female","Black",0,"II",2021,"Public","Higher",NA,0,23,NA,596.662810150191,1
"SYN-DLBCL-000715",TRUE,"DLBCL","SIM-F027",60,"Female","Hispanic",0,"I",2014,"Public","Lower","Integrated",0,20,NA,2769.80926154298,0
"SYN-DLBCL-000716",TRUE,"DLBCL","SIM-F009",63,"Male","Other",0,"I",2011,"Public","Lower","Community",0,7,NA,2232.26278059534,0
"SYN-DLBCL-000717",TRUE,"DLBCL","SIM-F038",90,"Male","Black",1,"I",2011,"Public","Higher","Community",0,20,NA,409.971372818582,1
"SYN-DLBCL-000718",TRUE,"DLBCL","SIM-F007",56,"Male","Black",0,"II",2017,"Public","Higher","Academic",1,19,126,2131.96435523801,0
"SYN-DLBCL-000719",TRUE,"DLBCL","SIM-F028",39,"Female","Other",0,"I",2015,"Private","Lower","Community",0,44,NA,2535.9114808403,0
"SYN-DLBCL-000720",TRUE,"DLBCL","SIM-F019",61,"Male","Other",0,"IV",2018,NA,"Middle","Academic",0,20,NA,1630.01620570663,0
"SYN-DLBCL-000721",TRUE,"DLBCL","SIM-F014",66,"Female","Hispanic",1,"III",2015,"Public","Lower",NA,0,40,NA,2279.75691780803,1
"SYN-DLBCL-000722",TRUE,"DLBCL","SIM-F009",73,"Male","Black",1,"II",2019,NA,"Middle",NA,1,15,144,438.763514030725,0
"SYN-DLBCL-000723",TRUE,"DLBCL","SIM-F020",64,"Female","Black",0,"I",2012,"Private","Lower","Community",0,8,NA,607.476602149453,1
"SYN-DLBCL-000724",TRUE,"DLBCL","SIM-F020",74,"Female","Other",0,"I",2010,"Public","Lower","Community",0,17,NA,1701.47866662242,0
"SYN-DLBCL-000725",TRUE,"DLBCL","SIM-F018",62,"Female","Other",1,"III",2020,"Private","Middle","Integrated",0,36,NA,1731.5604875295,0
"SYN-DLBCL-000726",TRUE,"DLBCL","SIM-F034",72,"Female","Black",0,"II",2020,"Private","Middle","Community",0,15,NA,204.368859887064,1
"SYN-DLBCL-000727",TRUE,"DLBCL","SIM-F014",49,"Female","Hispanic",0,"II",2013,"Public","Middle","Integrated",0,6,NA,898.736030933093,1
"SYN-DLBCL-000728",TRUE,"DLBCL","SIM-F053",71,"Male","Black",0,"II",2022,"Public","Higher",NA,0,35,NA,1783.43169918749,0
"SYN-DLBCL-000729",TRUE,"DLBCL","SIM-F019",60,"Female","Black",0,"II",2012,"Private","Lower","Academic",1,13,81,1661.84115666198,0
"SYN-DLBCL-000730",TRUE,"DLBCL","SIM-F047",52,"Male","Hispanic",1,"II",2019,"Public","Lower","Integrated",1,35,88,1875.83415336907,0
"SYN-DLBCL-000731",TRUE,"DLBCL","SIM-F046",86,"Male","Other",1,"III",2020,"Public","Lower","Academic",1,15,75,1629.81371355081,1
"SYN-DLBCL-000732",TRUE,"DLBCL","SIM-F034",70,"Male","Other",1,"II",2019,"Private","Higher","Community",1,41,129,524.144554062525,1
"SYN-DLBCL-000733",TRUE,"DLBCL","SIM-F010",66,"Female","Black",1,"II",2012,NA,"Middle","Integrated",0,5,NA,661.559476155426,1
"SYN-DLBCL-000734",TRUE,"DLBCL","SIM-F008",74,"Male","Black",2,"II",2013,"Public","Higher","Academic",0,33,NA,231.752422716194,1
"SYN-DLBCL-000735",TRUE,"DLBCL","SIM-F024",66,"Female","Other",0,"I",2013,"Public","Higher","Integrated",1,21,69,1465.6449596188,0
"SYN-DLBCL-000736",TRUE,"DLBCL","SIM-F060",58,"Female","Hispanic",0,"I",2020,"Private","Middle","Academic",1,7,38,1744.31852955945,0
"SYN-DLBCL-000737",TRUE,"DLBCL","SIM-F044",52,"Female","Black",0,"II",2021,"Private","Higher","Academic",1,12,128,1465.98906418309,0
"SYN-DLBCL-000738",TRUE,"DLBCL","SIM-F045",69,"Female","Black",2,"II",2014,"Public","Higher","Community",0,12,NA,1688.89556633309,0
"SYN-DLBCL-000739",TRUE,"DLBCL","SIM-F003",54,"Male","Black",1,"II",2015,"Private","Middle","Integrated",1,42,161,2265.95865676296,0
"SYN-DLBCL-000740",TRUE,"DLBCL","SIM-F046",57,"Male","Hispanic",0,"I",2016,"Public","Middle","Academic",0,43,NA,2099.79282038628,1
"SYN-DLBCL-000741",TRUE,"DLBCL","SIM-F005",45,"Male","Other",1,"I",2022,"Private","Lower","Community",0,45,NA,1249.82665120352,1
"SYN-DLBCL-000742",TRUE,"DLBCL","SIM-F032",83,"Male","Black",1,"I",2019,"Public",NA,"Academic",0,13,NA,1357.37398795501,1
"SYN-DLBCL-000743",TRUE,"DLBCL","SIM-F059",61,"Female","Other",1,"II",2012,"Private","Higher","Academic",0,9,NA,664.141953423734,1
"SYN-DLBCL-000744",TRUE,"DLBCL","SIM-F056",76,"Male","Hispanic",0,"II",2015,"Public","Middle","Academic",0,19,NA,649.971521228216,1
"SYN-DLBCL-000745",TRUE,"DLBCL","SIM-F050",55,"Male","Black",1,"I",2019,"Public",NA,"Academic",0,27,NA,265.730388332158,0
"SYN-DLBCL-000746",TRUE,"DLBCL","SIM-F041",88,"Male","Hispanic",1,"III",2011,"Private","Higher","Academic",0,22,NA,1459.65738996374,1
"SYN-DLBCL-000747",TRUE,"DLBCL","SIM-F053",63,"Male","Black",1,"I",2013,"Private","Lower","Academic",0,41,NA,2001.53944351128,0
"SYN-DLBCL-000748",TRUE,"DLBCL","SIM-F056",87,"Male","Hispanic",0,"I",2017,"Public","Middle","Academic",0,17,NA,1669.83570601049,1
"SYN-DLBCL-000749",TRUE,"DLBCL","SIM-F025",54,"Female","Black",1,"II",2011,"Private","Middle","Integrated",0,25,NA,1899.4330125228,1
"SYN-DLBCL-000750",TRUE,"DLBCL","SIM-F041",51,"Male","Black",0,"II",2011,"Private","Middle","Academic",1,NA,NA,30.8713672803598,1
"SYN-DLBCL-000751",TRUE,"DLBCL","SIM-F041",56,"Female","Black",0,"II",2014,"Private","Higher","Academic",0,9,NA,1475.18617051188,0
"SYN-DLBCL-000752",TRUE,"DLBCL","SIM-F030",55,"Male","Other",1,"I",2020,"Private","Higher","Academic",1,43,NA,162.744374815375,0
"SYN-DLBCL-000753",TRUE,"DLBCL","SIM-F035",58,"Male","Black",0,"III",2014,"Private","Higher","Integrated",0,35,NA,2089.91698271951,1
"SYN-DLBCL-000754",TRUE,"DLBCL","SIM-F040",53,"Female","Black",1,"II",2016,NA,"Middle","Community",1,38,300,419.781395103782,0
"SYN-DLBCL-000755",TRUE,"DLBCL","SIM-F014",58,"Female","Other",1,"IV",2014,"Public","Middle","Integrated",0,21,NA,2558.31047467305,0
"SYN-DLBCL-000756",TRUE,"DLBCL","SIM-F001",53,"Female","Other",0,"IV",2014,"Private","Middle","Community",0,28,NA,3193.28211606713,0
"SYN-DLBCL-000757",TRUE,"DLBCL","SIM-F013",64,"Male","Black",0,"I",2021,NA,"Middle","Integrated",1,30,183,2821.88493890021,1
"SYN-DLBCL-000758",TRUE,"DLBCL","SIM-F041",63,"Male","Hispanic",1,"I",2010,"Public","Higher","Academic",0,19,NA,55.6941246780763,1
"SYN-DLBCL-000759",TRUE,"DLBCL","SIM-F041",46,"Female","Other",1,"II",2021,"Public","Higher","Academic",1,5,188,2644.78344118339,0
"SYN-DLBCL-000760",TRUE,"DLBCL","SIM-F053",43,"Female","Black",0,"I",2017,"Public","Higher","Academic",1,38,222,709.236642250741,0
"SYN-DLBCL-000761",TRUE,"DLBCL","SIM-F045",58,"Female","Other",0,"I",2021,"Private","Middle","Community",1,38,108,1207.70192211794,0
"SYN-DLBCL-000762",TRUE,"DLBCL","SIM-F042",57,"Male","Other",1,"I",2017,"Private","Higher","Academic",1,39,310,2011.82753493547,1
"SYN-DLBCL-000763",TRUE,"DLBCL","SIM-F040",40,"Female","Black",0,"II",2012,NA,"Middle","Community",1,22,265,1499.64971652022,0
"SYN-DLBCL-000764",TRUE,"DLBCL","SIM-F026",80,"Male","Hispanic",1,"II",2013,"Private","Lower","Academic",0,40,NA,230.788480896689,1
"SYN-DLBCL-000765",TRUE,"DLBCL","SIM-F057",77,"Male","Hispanic",1,"II",2022,"Private","Middle","Community",1,7,72,458.648727229276,0
"SYN-DLBCL-000766",TRUE,"DLBCL","SIM-F056",70,"Female","Black",1,"I",2010,"Private","Middle","Academic",0,29,NA,1946.19066959379,1
"SYN-DLBCL-000767",TRUE,"DLBCL","SIM-F009",73,"Female","Black",2,"I",2022,"Private","Higher","Community",0,10,NA,172.222045680683,1
"SYN-DLBCL-000768",TRUE,"DLBCL","SIM-F049",67,"Male","Hispanic",1,"I",2022,"Private","Higher","Academic",1,37,75,526.597365475676,0
"SYN-DLBCL-000769",TRUE,"DLBCL","SIM-F017",52,"Male","Other",1,"II",2021,"Private","Lower","Academic",1,11,240,2025.52848420688,0
"SYN-DLBCL-000770",TRUE,"DLBCL","SIM-F025",90,"Female","Hispanic",1,"II",2010,"Public","Middle","Integrated",0,42,NA,672.271850245073,1
"SYN-DLBCL-000771",TRUE,"DLBCL","SIM-F018",53,"Male","Hispanic",0,"I",2011,"Private",NA,"Integrated",1,26,202,356.4597424699,1
"SYN-DLBCL-000772",TRUE,"DLBCL","SIM-F028",69,"Male","Hispanic",0,"I",2015,"Private","Middle","Community",1,44,213,918.314456278644,1
"SYN-DLBCL-000773",TRUE,"DLBCL","SIM-F002",80,"Female","Black",1,"II",2010,"Private","Lower","Academic",1,NA,NA,26.8889994783361,1
"SYN-DLBCL-000774",TRUE,"DLBCL","SIM-F016",79,"Female","Other",0,"I",2013,"Public","Middle","Academic",0,37,NA,762.119489125907,0
"SYN-DLBCL-000775",TRUE,"DLBCL","SIM-F056",62,"Male","Other",0,"IV",2021,"Public","Middle","Academic",0,22,NA,108.746278596877,1
"SYN-DLBCL-000776",TRUE,"DLBCL","SIM-F006",76,"Male","Black",0,"III",2011,"Public","Lower","Integrated",1,24,100,1871.18871573126,0
"SYN-DLBCL-000777",TRUE,"DLBCL","SIM-F048",68,"Male","Hispanic",0,"I",2019,"Public","Middle","Community",1,44,293,2809.13186588674,0
"SYN-DLBCL-000778",TRUE,"DLBCL","SIM-F043",59,"Female","Hispanic",0,"IV",2015,"Private","Lower","Integrated",1,38,192,1596.61365877488,0
"SYN-DLBCL-000779",TRUE,"DLBCL","SIM-F050",55,"Male","Black",1,"IV",2011,NA,"Lower","Academic",0,37,NA,1658.69114570902,0
"SYN-DLBCL-000780",TRUE,"DLBCL","SIM-F052",73,"Female","Black",0,"II",2014,"Private","Higher","Academic",1,23,93,1634.46507416316,0
"SYN-DLBCL-000781",TRUE,"DLBCL","SIM-F016",55,"Female","Hispanic",1,"I",2018,"Private","Middle","Academic",0,8,NA,380.820535127987,1
"SYN-DLBCL-000782",TRUE,"DLBCL","SIM-F016",64,"Female","Other",1,"II",2018,NA,"Middle","Academic",0,42,NA,728.639115398837,0
"SYN-DLBCL-000783",TRUE,"DLBCL","SIM-F021",77,"Male","Black",0,"II",2017,"Private","Middle","Community",1,6,201,3087.18516095192,0
"SYN-DLBCL-000784",TRUE,"DLBCL","SIM-F020",63,"Male","Black",1,"I",2021,NA,"Lower","Community",1,38,227,1180.66911221071,1
"SYN-DLBCL-000785",TRUE,"DLBCL","SIM-F009",58,"Female","Black",1,"II",2021,"Private","Higher","Community",1,44,237,620.565505838963,0
"SYN-DLBCL-000786",TRUE,"DLBCL","SIM-F005",53,"Female","Black",0,"I",2020,"Private","Lower","Community",1,35,131,3068.14011434559,0
"SYN-DLBCL-000787",TRUE,"DLBCL","SIM-F006",37,"Female","Other",0,"I",2015,"Private","Higher","Integrated",1,45,278,2201.17726195836,0
"SYN-DLBCL-000788",TRUE,"DLBCL","SIM-F044",59,"Female","Black",2,"II",2020,"Public","Middle","Academic",1,20,131,1742.76834997814,0
"SYN-DLBCL-000789",TRUE,"DLBCL","SIM-F014",47,"Male","Black",1,"I",2015,"Public","Middle","Integrated",0,14,NA,1157.51585676979,1
"SYN-DLBCL-000790",TRUE,"DLBCL","SIM-F007",69,"Male","Other",0,"II",2017,"Private","Middle","Academic",0,41,NA,2703.75869813631,1
"SYN-DLBCL-000791",TRUE,"DLBCL","SIM-F039",64,"Male","Other",2,"II",2019,"Public","Middle","Integrated",0,12,NA,918.058375107884,1
"SYN-DLBCL-000792",TRUE,"DLBCL","SIM-F007",50,"Male","Other",0,"I",2010,"Private",NA,"Academic",0,5,NA,1993.16239219857,0
"SYN-DLBCL-000793",TRUE,"DLBCL","SIM-F002",70,"Female","Hispanic",0,"I",2018,"Public","Lower","Academic",1,27,171,2178.35944082122,0
"SYN-DLBCL-000794",TRUE,"DLBCL","SIM-F041",85,"Male","Hispanic",2,"II",2015,"Public","Lower","Academic",1,NA,NA,16.8742081583578,1
"SYN-DLBCL-000795",TRUE,"DLBCL","SIM-F041",52,"Male","Hispanic",0,"II",2015,"Private","Middle","Academic",1,17,192,1978.14002932515,0
"SYN-DLBCL-000796",TRUE,"DLBCL","SIM-F060",61,"Male","Black",0,"IV",2020,"Private","Middle","Academic",1,25,NA,66.1835199253581,1
"SYN-DLBCL-000797",TRUE,"DLBCL","SIM-F001",40,"Female","Black",0,"IV",2020,NA,"Middle","Community",1,35,130,306.201272048056,0
"SYN-DLBCL-000798",TRUE,"DLBCL","SIM-F056",86,"Male","Hispanic",0,"I",2019,"Public","Middle","Academic",0,23,NA,2204.70174026792,0
"SYN-DLBCL-000799",TRUE,"DLBCL","SIM-F033",84,"Male","Other",0,"II",2021,"Public","Higher","Community",0,375,NA,1977.51416088664,0
"SYN-DLBCL-000800",TRUE,"DLBCL","SIM-F005",66,"Male","Other",0,"I",2010,"Private","Higher","Community",0,18,NA,1101.34430255342,1
"SYN-DLBCL-000801",TRUE,"DLBCL","SIM-F002",83,"Female","Black",0,"IV",2017,"Public",NA,"Academic",1,18,215,1226.13388758822,1
"SYN-DLBCL-000802",TRUE,"DLBCL","SIM-F014",71,"Female","Hispanic",0,"I",2014,"Private","Lower","Integrated",NA,7,NA,1761.33569717873,0
"SYN-DLBCL-000803",TRUE,"DLBCL","SIM-F026",73,"Male","Hispanic",1,"III",2014,"Public","Middle","Academic",1,38,282,1105.14733049304,1
"SYN-DLBCL-000804",TRUE,"DLBCL","SIM-F008",66,"Male","Hispanic",0,"I",2022,"Public","Lower","Academic",1,14,55,2792.03496573842,0
"SYN-DLBCL-000805",TRUE,"DLBCL","SIM-F004",62,"Female","Hispanic",1,"II",2018,"Private","Middle","Community",0,35,NA,1712.92621904518,0
"SYN-DLBCL-000806",TRUE,"DLBCL","SIM-F009",59,"Male","Other",1,"II",2013,"Private","Middle","Community",0,44,NA,69.3457611457021,1
"SYN-DLBCL-000807",TRUE,"DLBCL","SIM-F038",56,"Male","Black",1,"I",2021,"Public","Higher","Community",0,19,NA,2325.77909097075,0
"SYN-DLBCL-000808",TRUE,"DLBCL","SIM-F041",35,"Male","Other",1,"II",2022,"Public","Higher","Academic",1,10,86,623.447388293548,0
"SYN-DLBCL-000809",TRUE,"DLBCL","SIM-F021",59,"Male","Black",1,"III",2012,"Public","Higher","Community",1,13,258,3256.80041684187,0
"SYN-DLBCL-000810",TRUE,"DLBCL","SIM-F019",46,"Female","Black",0,"II",2016,"Public","Lower","Academic",0,24,NA,94.9706149846315,0
"SYN-DLBCL-000811",TRUE,"DLBCL","SIM-F003",51,"Male","Black",1,"II",2014,"Private","Middle","Integrated",0,25,NA,NA,0
"SYN-DLBCL-000812",TRUE,"DLBCL","SIM-F013",46,"Female","Black",0,"II",2017,"Private",NA,"Integrated",0,30,NA,421.79743864188,0
"SYN-DLBCL-000813",TRUE,"DLBCL","SIM-F037",33,"Male","Other",0,"II",2014,"Private","Middle","Community",0,33,NA,2044.35839375597,0
"SYN-DLBCL-000814",TRUE,"DLBCL","SIM-F049",48,"Male","Hispanic",0,"IV",2017,"Private","Middle","Academic",1,43,178,2917.43349260301,0
"SYN-DLBCL-000815",TRUE,"DLBCL","SIM-F005",61,"Female","Hispanic",2,"II",2013,NA,"Lower","Community",1,18,NA,62.6330401259414,1
"SYN-DLBCL-000816",TRUE,"DLBCL","SIM-F060",50,"Female","Hispanic",0,"II",2022,NA,"Lower","Academic",1,41,300,717.220267245954,1
"SYN-DLBCL-000817",TRUE,"DLBCL","SIM-F020",49,"Male","Hispanic",1,"I",2013,"Private","Lower","Community",1,25,127,1019.73859699629,1
"SYN-DLBCL-000818",TRUE,"DLBCL","SIM-F027",65,"Female","Hispanic",1,"III",2020,"Public","Higher","Integrated",0,14,NA,3081.86559217516,0
"SYN-DLBCL-000819",TRUE,"DLBCL","SIM-F040",60,"Male","Black",1,"II",2014,"Public","Lower","Community",0,20,NA,965.929257553071,0
"SYN-DLBCL-000820",TRUE,"DLBCL","SIM-F020",59,"Male","Black",2,"I",2013,"Private","Higher","Community",1,16,238,3225.06626829505,0
"SYN-DLBCL-000821",TRUE,"DLBCL","SIM-F037",75,"Female","Other",1,"II",2021,"Private","Lower","Community",1,19,293,1709.08703342442,1
"SYN-DLBCL-000822",TRUE,"DLBCL","SIM-F034",32,"Female","Black",1,"III",2018,"Private","Lower",NA,1,27,201,1312.31392593631,1
"SYN-DLBCL-000823",TRUE,"DLBCL","SIM-F036",90,"Female","Hispanic",1,"II",2021,"Public","Higher","Academic",0,33,NA,204.98463424876,1
"SYN-DLBCL-000824",TRUE,"DLBCL","SIM-F007",35,"Male","Hispanic",0,"I",2019,"Private","Lower",NA,1,44,133,2584.79940750636,0
"SYN-DLBCL-000825",TRUE,"DLBCL","SIM-F051",65,"Male","Hispanic",0,"III",2014,"Private","Lower","Community",0,21,NA,2636.25816389918,0
"SYN-DLBCL-000826",TRUE,"DLBCL","SIM-F004",49,"Female","Black",1,"II",2010,"Private","Higher","Community",1,16,47,1863.74286299339,0
"SYN-DLBCL-000827",TRUE,"DLBCL","SIM-F048",71,"Female","Black",1,"II",2015,"Public","Lower","Community",0,38,NA,1263.64576550013,1
"SYN-DLBCL-000828",TRUE,"DLBCL","SIM-F008",52,"Female","Other",0,"II",2018,"Private","Lower",NA,1,24,154,285.792756638589,1
"SYN-DLBCL-000829",TRUE,"DLBCL","SIM-F033",53,"Female","Hispanic",0,"II",2015,"Public","Higher","Community",0,40,NA,922.148402184248,0
"SYN-DLBCL-000830",TRUE,"DLBCL","SIM-F041",63,"Male","Other",1,"I",2014,"Private","Middle","Academic",1,31,201,412.795819161521,0
"SYN-DLBCL-000831",TRUE,"DLBCL","SIM-F055",81,"Female","Other",0,"II",2013,"Public","Higher","Academic",0,21,NA,952.264827914396,1
"SYN-DLBCL-000832",TRUE,"DLBCL","SIM-F052",54,"Male","Other",0,"III",2020,"Private","Higher",NA,1,8,244,2202.53110896796,0
"SYN-DLBCL-000833",TRUE,"DLBCL","SIM-F053",31,"Male","Hispanic",1,"II",2018,"Private","Middle","Academic",1,32,268,1746.07920151985,0
"SYN-DLBCL-000834",TRUE,"DLBCL","SIM-F011",71,"Female","Black",1,"I",2015,"Public","Middle","Integrated",1,44,248,525.119543776706,0
"SYN-DLBCL-000835",TRUE,"DLBCL","SIM-F036",74,"Female","Other",1,"I",2014,"Private","Lower","Academic",1,33,213,700.367765448968,1
"SYN-DLBCL-000836",TRUE,"DLBCL","SIM-F042",50,"Male","Hispanic",1,"I",2022,"Public","Lower","Academic",0,9,NA,1373.2767220214,0
"SYN-DLBCL-000837",TRUE,"DLBCL","SIM-F021",57,"Male","Other",1,"IV",2020,"Public","Lower","Community",1,36,197,2379.66753833112,0
"SYN-DLBCL-000838",TRUE,"DLBCL","SIM-F019",77,"Male","Hispanic",0,"II",2014,"Public","Middle","Academic",1,27,70,1861.31607806543,0
"SYN-DLBCL-000839",TRUE,"DLBCL","SIM-F003",55,"Male","Black",1,"I",2014,"Public","Higher","Integrated",0,5,NA,1177.3861171191,1
"SYN-DLBCL-000840",TRUE,"DLBCL","SIM-F043",72,"Male","Black",0,"I",2015,"Public","Lower","Integrated",1,26,174,2439.30041862114,1
"SYN-DLBCL-000841",TRUE,"DLBCL","SIM-F033",59,"Female","Other",0,"III",2011,"Private","Lower","Community",0,20,NA,1229.32734041205,1
"SYN-DLBCL-000842",TRUE,"DLBCL","SIM-F041",72,"Male","Hispanic",0,"II",2018,NA,"Lower","Academic",0,23,NA,1806.60783450236,0
"SYN-DLBCL-000843",TRUE,"DLBCL","SIM-F023",72,"Male","Other",0,"II",2017,"Public","Middle","Integrated",1,42,251,984.249531680673,1
"SYN-DLBCL-000844",TRUE,"DLBCL","SIM-F020",68,"Male","Other",1,"II",2015,"Private","Lower","Community",0,36,NA,250.617897501448,0
"SYN-DLBCL-000845",TRUE,"DLBCL","SIM-F020",81,"Female","Black",1,"I",2011,"Private","Higher","Community",0,8,NA,1190.90686695201,1
"SYN-DLBCL-000846",TRUE,"DLBCL","SIM-F030",50,"Female","Hispanic",0,"I",2022,"Private","Higher","Academic",0,14,NA,2924.9581855163,0
"SYN-DLBCL-000847",TRUE,"DLBCL","SIM-F032",65,"Female","Other",0,"I",2020,"Public","Higher","Academic",1,11,50,2479.16295708303,1
"SYN-DLBCL-000848",TRUE,"DLBCL","SIM-F060",43,"Male","Black",0,"II",2018,"Private","Lower","Academic",1,16,159,2578.21686240146,0
"SYN-DLBCL-000849",TRUE,"DLBCL","SIM-F031",63,"Female","Hispanic",0,"II",2014,"Public","Higher","Academic",1,21,66,2102.60320321191,0
"SYN-DLBCL-000850",TRUE,"DLBCL","SIM-F009",62,"Male","Black",0,"IV",2012,"Private","Lower","Community",0,36,NA,2954.94548472576,0
"SYN-DLBCL-000851",TRUE,"DLBCL","SIM-F019",40,"Female","Other",0,"I",2018,"Private","Middle","Academic",0,17,NA,1632.63614595117,1
"SYN-DLBCL-000852",TRUE,"DLBCL","SIM-F025",54,"Female","Black",1,"I",2021,"Public","Middle","Integrated",1,39,305,1018.03830066696,0
"SYN-DLBCL-000853",TRUE,"DLBCL","SIM-F021",56,"Male","Other",2,"I",2019,"Private","Higher","Community",0,NA,NA,14.3421996164237,1
"SYN-DLBCL-000854",TRUE,"DLBCL","SIM-F045",82,"Female","Other",0,"I",2012,"Public","Middle","Community",0,11,NA,1921.13120638765,0
"SYN-DLBCL-000855",TRUE,"DLBCL","SIM-F018",74,"Male","Black",0,"I",2020,"Public","Lower","Integrated",0,31,NA,1230.16076298461,1
"SYN-DLBCL-000856",TRUE,"DLBCL","SIM-F018",50,"Male","Other",1,"I",2017,NA,"Lower",NA,0,11,NA,3128.12073679757,0
"SYN-DLBCL-000857",TRUE,"DLBCL","SIM-F010",68,"Male","Hispanic",1,"I",2014,NA,"Lower",NA,0,24,NA,2996.963010818,0
"SYN-DLBCL-000858",TRUE,"DLBCL","SIM-F057",37,"Male","Other",0,"I",2014,"Public","Lower",NA,1,40,88,853.358969427645,0
"SYN-DLBCL-000859",TRUE,"DLBCL","SIM-F053",72,"Female","Black",1,"I",2017,"Public","Lower","Academic",1,25,71,1486.49263385101,0
"SYN-DLBCL-000860",TRUE,"DLBCL","SIM-F056",90,"Male","Black",1,"I",2010,"Public","Middle","Academic",0,11,NA,448.848770260914,1
"SYN-DLBCL-000861",TRUE,"DLBCL","SIM-F017",47,"Male","Hispanic",1,"IV",2013,"Private","Higher","Academic",1,37,116,2223.7742075487,0
"SYN-DLBCL-000862",TRUE,"DLBCL","SIM-F029",49,"Female","Hispanic",2,"I",2020,"Private","Middle","Integrated",0,9,NA,489.464469761651,1
"SYN-DLBCL-000863",TRUE,"DLBCL","SIM-F030",49,"Male","Other",1,"II",2018,"Private","Lower","Academic",1,43,265,359.291295390576,0
"SYN-DLBCL-000864",TRUE,"DLBCL","SIM-F007",69,"Male","Black",1,"II",2013,"Public","Lower","Academic",0,14,NA,72.5570841571722,1
"SYN-DLBCL-000865",TRUE,"DLBCL","SIM-F002",47,"Female","Hispanic",1,"II",2022,"Private","Middle",NA,1,43,309,2740.49004022032,0
"SYN-DLBCL-000866",TRUE,"DLBCL","SIM-F040",70,"Female","Hispanic",1,"III",2014,"Private","Higher","Community",1,38,97,463.360478222944,1
"SYN-DLBCL-000867",TRUE,"DLBCL","SIM-F052",49,"Male","Hispanic",2,"II",2010,"Private","Middle","Academic",0,35,NA,653.347492441943,1
"SYN-DLBCL-000868",TRUE,"DLBCL","SIM-F014",85,"Female","Other",1,"III",2017,"Public","Higher","Integrated",0,18,NA,1867.76260928251,0
"SYN-DLBCL-000869",TRUE,"DLBCL","SIM-F006",72,"Male","Hispanic",0,"I",2018,"Public","Middle","Integrated",1,8,163,2701.70921005425,0
"SYN-DLBCL-000870",TRUE,"DLBCL","SIM-F005",66,"Female","Other",0,"I",2011,"Public","Lower","Community",1,30,165,825.78043222068,1
"SYN-DLBCL-000871",TRUE,"DLBCL","SIM-F013",71,"Male","Black",2,"I",2013,"Private",NA,"Integrated",0,11,NA,1121.95085996011,1
"SYN-DLBCL-000872",TRUE,"DLBCL","SIM-F009",57,"Female","Other",0,"II",2013,"Public","Lower","Community",1,40,118,1646.71150469757,1
"SYN-DLBCL-000873",TRUE,"DLBCL","SIM-F055",62,"Male","Other",0,"I",2011,"Public","Higher","Academic",0,6,NA,821.863804813474,0
"SYN-DLBCL-000874",TRUE,"DLBCL","SIM-F029",55,"Female","Other",0,"II",2018,"Public","Higher","Integrated",0,7,NA,NA,0
"SYN-DLBCL-000875",TRUE,"DLBCL","SIM-F020",52,"Male","Black",0,"III",2014,"Private","Higher","Community",1,34,232,2084.02922859765,0
"SYN-DLBCL-000876",TRUE,"DLBCL","SIM-F019",74,"Female","Hispanic",1,"II",2021,"Public",NA,"Academic",1,8,49,266.475774666802,1
"SYN-DLBCL-000877",TRUE,"DLBCL","SIM-F009",64,"Female","Hispanic",0,"II",2013,"Public","Lower","Community",1,38,150,1608.13228558977,1
"SYN-DLBCL-000878",TRUE,"DLBCL","SIM-F004",65,"Male","Hispanic",0,"II",2018,"Public","Higher","Community",1,33,248,590.116675252907,1
"SYN-DLBCL-000879",TRUE,"DLBCL","SIM-F014",80,"Male","Hispanic",1,"I",2021,"Private","Lower","Integrated",0,28,NA,143.649870425752,1
"SYN-DLBCL-000880",TRUE,"DLBCL","SIM-F055",62,"Female","Black",0,"II",2010,NA,"Lower","Academic",1,29,224,2893.7352414208,0
"SYN-DLBCL-000881",TRUE,"DLBCL","SIM-F052",43,"Male","Other",NA,"III",2013,"Private","Lower","Academic",0,5,NA,3041.75501949154,0
"SYN-DLBCL-000882",TRUE,"DLBCL","SIM-F002",58,"Male","Black",1,"I",2012,"Public","Middle","Academic",1,40,87,1102.86932147518,1
"SYN-DLBCL-000883",TRUE,"DLBCL","SIM-F023",85,"Female","Other",1,"I",2016,"Public","Lower","Integrated",0,20,NA,1645.81100589954,1
"SYN-DLBCL-000884",TRUE,"DLBCL","SIM-F013",54,"Male","Hispanic",0,"II",2016,"Public","Lower","Integrated",1,19,46,1424.23845045767,1
"SYN-DLBCL-000885",TRUE,"DLBCL","SIM-F036",48,"Female","Other",0,"II",2022,"Private","Middle","Academic",1,7,150,221.709923506475,1
"SYN-DLBCL-000886",TRUE,"DLBCL","SIM-F001",72,"Female","Hispanic",0,"II",2015,"Public","Lower","Community",1,25,NA,70.8091910686178,1
"SYN-DLBCL-000887",TRUE,"DLBCL","SIM-F007",65,"Male","Hispanic",1,"II",2018,"Private","Lower","Academic",1,22,208,868.727121780505,1
"SYN-DLBCL-000888",TRUE,"DLBCL","SIM-F013",65,"Female","Hispanic",1,"II",2013,"Public","Middle","Integrated",0,5,NA,881.649845030758,1
"SYN-DLBCL-000889",TRUE,"DLBCL","SIM-F046",59,"Male","Black",0,"I",2013,"Private",NA,"Academic",0,6,NA,2085.703262821,1
"SYN-DLBCL-000890",TRUE,"DLBCL","SIM-F017",75,"Male","Hispanic",0,"I",2015,"Public","Lower","Academic",1,30,195,2603.25921443524,0
"SYN-DLBCL-000891",TRUE,"DLBCL","SIM-F046",68,"Female","Hispanic",NA,"I",2020,"Private","Higher","Academic",0,19,NA,128.443114834061,1
"SYN-DLBCL-000892",TRUE,"DLBCL","SIM-F050",86,"Male","Other",1,"I",2020,"Public","Higher","Academic",1,19,134,863.42143148751,1
"SYN-DLBCL-000893",TRUE,"DLBCL","SIM-F008",63,"Male","Hispanic",1,"III",2018,"Private",NA,"Academic",1,11,241,384.531006335494,1
"SYN-DLBCL-000894",TRUE,"DLBCL","SIM-F035",60,"Male","Other",0,"II",2022,"Private","Middle","Integrated",1,11,NA,41.678862432469,1
"SYN-DLBCL-000895",TRUE,"DLBCL","SIM-F033",80,"Male","Black",2,"II",2020,"Public","Higher","Community",0,11,NA,137.051547423627,1
"SYN-DLBCL-000896",TRUE,"DLBCL","SIM-F048",38,"Female","Black",1,"II",2010,"Private","Middle","Community",0,39,NA,2218.49384788889,0
"SYN-DLBCL-000897",TRUE,"DLBCL","SIM-F051",56,"Female","Black",0,"I",2019,"Public","Lower","Community",1,23,76,1415.82402218786,1
"SYN-DLBCL-000898",TRUE,"DLBCL","SIM-F058",54,"Male","Hispanic",0,"II",2021,"Private","Higher","Academic",1,16,162,3047.27350416011,0
"SYN-DLBCL-000899",TRUE,"DLBCL","SIM-F011",72,"Female","Hispanic",0,"II",2021,"Private","Higher","Integrated",1,26,157,591.603693817307,1
"SYN-DLBCL-000900",TRUE,"DLBCL","SIM-F046",63,"Female","Black",1,"III",2020,"Public","Higher","Academic",1,18,40,1107.58402758253,1
"SYN-DLBCL-000901",TRUE,"DLBCL","SIM-F007",81,"Female","Hispanic",1,"I",2010,"Public","Lower","Academic",0,18,NA,129.344015741192,1
"SYN-DLBCL-000902",TRUE,"DLBCL","SIM-F007",55,"Male","Hispanic",1,"I",2014,"Public","Higher","Academic",1,29,145,2734.90033836802,0
"SYN-DLBCL-000903",TRUE,"DLBCL","SIM-F015",59,"Male","Black",0,"I",2014,"Public","Lower",NA,1,18,117,2416.31883222959,0
"SYN-DLBCL-000904",TRUE,"DLBCL","SIM-F004",53,"Female","Other",0,"I",2014,"Public","Higher","Community",1,30,126,1923.58381048194,0
"SYN-DLBCL-000905",TRUE,"DLBCL","SIM-F042",71,"Female","Black",0,"II",2010,"Private","Lower","Academic",0,45,NA,627.644166369801,1
"SYN-DLBCL-000906",TRUE,"DLBCL","SIM-F054",62,"Male","Black",0,"III",2018,"Private","Higher","Integrated",1,26,119,918.089722037102,1
"SYN-DLBCL-000907",TRUE,"DLBCL","SIM-F060",47,"Male","Other",1,"IV",2016,"Public","Middle","Academic",0,42,NA,1484.06886625104,0
"SYN-DLBCL-000908",TRUE,"DLBCL","SIM-F019",66,"Male","Other",0,"II",2022,"Public","Lower","Academic",1,38,312,2562.14440650307,0
"SYN-DLBCL-000909",TRUE,"DLBCL","SIM-F024",79,"Female","Hispanic",1,"III",2011,"Private","Middle","Integrated",0,16,NA,1371.83679287975,1
"SYN-DLBCL-000910",TRUE,"DLBCL","SIM-F032",39,"Female","Black",0,"II",2015,"Private","Higher","Academic",0,38,NA,2834.23873715452,0
"SYN-DLBCL-000911",TRUE,"DLBCL","SIM-F033",65,"Male","Hispanic",1,"II",2016,"Private","Middle","Community",1,30,52,1011.7621831296,1
"SYN-DLBCL-000912",TRUE,"DLBCL","SIM-F005",79,"Male","Other",1,"I",2017,"Private",NA,"Community",0,43,NA,2653.96277412889,0
"SYN-DLBCL-000913",TRUE,"DLBCL","SIM-F029",52,"Male","Hispanic",0,"I",2012,"Private","Lower","Integrated",1,13,142,634.009931270981,0
"SYN-DLBCL-000914",TRUE,"DLBCL","SIM-F046",87,"Male","Hispanic",0,"IV",2017,"Public","Higher","Academic",1,32,NA,33.0643125512151,0
"SYN-DLBCL-000915",TRUE,"DLBCL","SIM-F038",79,"Female","Black",0,"II",2019,"Public","Lower","Community",0,9,NA,2613.71776399552,0
"SYN-DLBCL-000916",TRUE,"DLBCL","SIM-F044",63,"Male","Other",1,"I",2021,"Public",NA,NA,1,13,51,2608.41393366171,1
"SYN-DLBCL-000917",TRUE,"DLBCL","SIM-F019",69,"Female","Other",1,"I",2012,"Private","Middle","Academic",0,28,NA,551.101659721236,1
"SYN-DLBCL-000918",TRUE,"DLBCL","SIM-F049",45,"Female","Black",1,"I",2016,"Private","Higher","Academic",1,33,66,2543.379000891,0
"SYN-DLBCL-000919",TRUE,"DLBCL","SIM-F025",65,"Female","Black",1,"I",2011,"Public","Higher","Integrated",0,23,NA,149.758210819859,1
"SYN-DLBCL-000920",TRUE,"DLBCL","SIM-F015",85,"Male","Black",1,"II",2016,"Private","Middle","Academic",0,39,NA,317.094435466074,1
"SYN-DLBCL-000921",TRUE,"DLBCL","SIM-F055",64,"Male","Other",0,"II",2018,"Private","Higher","Academic",1,16,92,430.128451354992,1
"SYN-DLBCL-000922",TRUE,"DLBCL","SIM-F039",79,"Male","Other",1,"III",2013,NA,"Middle","Integrated",0,24,NA,542.442800268688,1
"SYN-DLBCL-000923",TRUE,"DLBCL","SIM-F030",86,"Male","Black",1,"I",2021,"Public","Lower","Academic",0,35,NA,2192.19574692193,0
"SYN-DLBCL-000924",TRUE,"DLBCL","SIM-F035",69,"Male","Black",2,"II",2019,"Public","Lower","Integrated",1,42,168,1585.05556998426,1
"SYN-DLBCL-000925",TRUE,"DLBCL","SIM-F024",69,"Male","Black",0,"II",2017,"Private","Middle",NA,0,5,NA,2234.87406898252,1
"SYN-DLBCL-000926",TRUE,"DLBCL","SIM-F031",60,"Male","Black",0,"I",2022,"Private",NA,NA,1,32,78,2854.19456979958,0
"SYN-DLBCL-000927",TRUE,"DLBCL","SIM-F015",82,"Male","Other",0,"III",2018,"Private","Higher","Academic",0,28,NA,715.280087336115,1
"SYN-DLBCL-000928",TRUE,"DLBCL","SIM-F018",52,"Male","Black",1,"II",2013,"Private","Middle","Integrated",1,17,69,1795.90684406227,NA
"SYN-DLBCL-000929",TRUE,"DLBCL","SIM-F004",74,"Male","Other",1,"I",2014,"Public","Higher","Community",1,45,232,1603.30895914463,0
"SYN-DLBCL-000930",TRUE,"DLBCL","SIM-F030",62,"Male","Other",2,"I",2010,"Public","Higher","Academic",0,34,NA,1630.74665955151,0
"SYN-DLBCL-000931",TRUE,"DLBCL","SIM-F001",68,"Female","Other",0,"I",2022,"Public","Lower","Community",1,23,67,654.090569380521,NA
"SYN-DLBCL-000932",TRUE,"DLBCL","SIM-F059",61,"Female","Hispanic",0,"I",2015,"Private","Higher","Academic",1,40,234,1918.04855225724,0
"SYN-DLBCL-000933",TRUE,"DLBCL","SIM-F037",89,"Female","Hispanic",0,"III",2022,"Public","Lower","Community",0,16,NA,168.037229968446,1
"SYN-DLBCL-000934",TRUE,"DLBCL","SIM-F011",49,"Female","Other",0,"I",2015,"Public",NA,"Integrated",NA,38,168,1516.01487524807,0
"SYN-DLBCL-000935",TRUE,"DLBCL","SIM-F006",62,"Male","Black",1,"I",2015,"Private","Higher",NA,1,13,179,3112.45509710512,0
"SYN-DLBCL-000936",TRUE,"DLBCL","SIM-F043",65,"Male","Black",0,"II",2015,"Public","Lower","Integrated",0,37,NA,1538.61248591216,0
"SYN-DLBCL-000937",TRUE,"DLBCL","SIM-F016",58,"Female","Other",0,"II",2015,"Public","Middle","Academic",0,14,NA,578.765561140726,1
"SYN-DLBCL-000938",TRUE,"DLBCL","SIM-F021",55,"Female","Black",0,"I",2021,"Private","Lower","Community",0,38,NA,2622.93831676012,0
"SYN-DLBCL-000939",TRUE,"DLBCL","SIM-F015",47,"Male","Other",1,"I",2019,"Private","Middle","Academic",0,375,NA,1158.56048824266,0
"SYN-DLBCL-000940",TRUE,"DLBCL","SIM-F025",55,"Male","Hispanic",0,"IV",2014,"Private","Higher","Integrated",0,13,NA,21.4945941981161,0
"SYN-DLBCL-000941",TRUE,"DLBCL","SIM-F034",55,"Female","Other",0,"III",2010,"Private","Lower","Community",1,33,59,1120.13634309847,1
"SYN-DLBCL-000942",TRUE,"DLBCL","SIM-F010",69,"Female","Black",0,"II",2010,NA,"Lower","Integrated",1,33,188,1610.67383055575,0
"SYN-DLBCL-000943",TRUE,"DLBCL","SIM-F043",60,"Female","Black",0,"I",2010,"Private","Higher",NA,1,14,111,2851.84692631243,0
"SYN-DLBCL-000944",TRUE,"DLBCL","SIM-F058",55,"Male","Other",NA,"I",2022,"Private",NA,NA,1,28,290,2593.44977642576,1
"SYN-DLBCL-000945",TRUE,"DLBCL","SIM-F005",63,"Male","Other",0,"II",2020,"Public","Middle","Community",1,20,78,1038.07583533666,1
"SYN-DLBCL-000946",TRUE,"DLBCL","SIM-F045",55,"Male","Hispanic",0,"II",2010,"Private","Middle","Community",0,22,NA,605.402583512299,1
"SYN-DLBCL-000947",TRUE,"DLBCL","SIM-F030",59,"Male","Other",0,"I",2012,"Public","Higher","Academic",1,22,300,1697.9392896051,1
"SYN-DLBCL-000948",TRUE,"DLBCL","SIM-F051",43,"Female","Hispanic",1,"I",2015,"Private","Middle","Community",1,21,263,1875.96571786213,0
"SYN-DLBCL-000949",TRUE,"DLBCL","SIM-F026",73,"Male","Other",0,"I",2021,"Private","Lower","Academic",1,28,67,1744.1403129918,0
"SYN-DLBCL-000950",TRUE,"DLBCL","SIM-F050",86,"Male","Hispanic",1,"II",2019,"Public","Lower","Academic",0,20,NA,521.142366300264,1
"SYN-DLBCL-000951",TRUE,"DLBCL","SIM-F060",62,"Female","Black",1,"I",2019,"Public","Lower","Academic",1,21,168,2903.66213872563,0
"SYN-DLBCL-000952",TRUE,"DLBCL","SIM-F014",75,"Male","Black",0,"III",2014,"Private","Middle","Integrated",0,29,NA,2020.49499395732,1
"SYN-DLBCL-000953",TRUE,"DLBCL","SIM-F052",74,"Male","Black",0,"II",2014,"Public","Higher","Academic",1,20,98,1518.62970367804,1
"SYN-DLBCL-000954",TRUE,"DLBCL","SIM-F040",68,"Female","Hispanic",0,"II",2019,"Private","Lower","Community",1,23,298,1602.20838823239,0
"SYN-DLBCL-000955",TRUE,"DLBCL","SIM-F010",64,"Male","Other",1,"I",2015,"Public","Lower",NA,0,27,NA,465.139286416622,1
"SYN-DLBCL-000956",TRUE,"DLBCL","SIM-F054",65,"Female","Black",1,"II",2014,"Private","Higher","Integrated",1,12,108,1575.20200128434,0
"SYN-DLBCL-000957",TRUE,"DLBCL","SIM-F024",73,"Female","Other",2,"I",2015,"Private","Middle","Integrated",0,22,NA,1181.56972845133,1
"SYN-DLBCL-000958",TRUE,"DLBCL","SIM-F012",59,"Female","Hispanic",0,"II",2022,"Private","Higher","Community",1,5,NA,36.7195788527368,0
"SYN-DLBCL-000959",TRUE,"DLBCL","SIM-F020",69,"Female","Other",1,"I",2021,"Private","Higher","Community",1,27,283,690.394987699283,1
"SYN-DLBCL-000960",TRUE,"DLBCL","SIM-F010",55,"Female","Black",0,"IV",2017,"Public","Lower","Integrated",0,42,NA,2942.1701979381,0
"SYN-DLBCL-000961",TRUE,"DLBCL","SIM-F013",58,"Female","Hispanic",0,"I",2017,"Private","Higher","Integrated",1,31,96,337.255577892065,0
"SYN-DLBCL-000962",TRUE,"DLBCL","SIM-F001",62,"Male","Other",1,"II",2018,"Private","Lower","Community",0,25,NA,516.384379040997,0
"SYN-DLBCL-000963",TRUE,"DLBCL","SIM-F020",86,"Female","Hispanic",0,"III",2020,"Private","Middle",NA,0,40,NA,2014.55933650067,1
"SYN-DLBCL-000964",TRUE,"DLBCL","SIM-F040",90,"Male","Other",0,"I",2016,"Public",NA,"Community",0,32,NA,718.387139892463,1
"SYN-DLBCL-000965",TRUE,"DLBCL","SIM-F040",75,"Male","Black",0,"I",2021,"Private","Higher","Community",1,37,241,1676.15939008188,0
"SYN-DLBCL-000966",TRUE,"DLBCL","SIM-F002",54,"Female","Other",0,"II",2017,"Private","Lower","Academic",0,34,NA,2709.40323294038,1
"SYN-DLBCL-000967",TRUE,"DLBCL","SIM-F054",53,"Female","Other",0,"II",2012,"Public","Middle","Integrated",1,25,298,1250.27632467449,0
"SYN-DLBCL-000968",TRUE,"DLBCL","SIM-F044",49,"Male","Other",0,"I",2021,"Private","Middle","Academic",1,33,168,2904.76456312113,0
"SYN-DLBCL-000969",TRUE,"DLBCL","SIM-F037",44,"Female","Black",0,"IV",2017,"Private",NA,"Community",1,7,30,1521.19168533012,0
"SYN-DLBCL-000970",TRUE,"DLBCL","SIM-F045",49,"Female","Hispanic",0,"III",2015,"Private","Lower","Community",1,42,300,3043.60127918422,0
"SYN-DLBCL-000971",TRUE,"DLBCL","SIM-F053",89,"Female","Other",0,"III",2011,"Public","Lower","Academic",0,43,NA,500.429588519708,1
"SYN-DLBCL-000972",TRUE,"DLBCL","SIM-F010",28,"Female","Black",1,"II",2015,"Private","Lower","Integrated",1,37,189,1763.9509804695,1
"SYN-DLBCL-000973",TRUE,"DLBCL","SIM-F018",71,"Female","Other",1,"II",2014,NA,"Middle","Integrated",1,45,188,1913.0711385041,1
"SYN-DLBCL-000974",TRUE,"DLBCL","SIM-F004",66,"Male","Other",1,"II",2019,"Private","Higher","Community",0,7,NA,169.348468410334,1
"SYN-DLBCL-000975",TRUE,"DLBCL","SIM-F046",34,"Female","Other",0,"III",2017,"Public","Higher","Academic",1,32,101,1834.30606020615,0
"SYN-DLBCL-000976",TRUE,"DLBCL","SIM-F013",56,"Male","Hispanic",0,"II",2017,"Private","Higher","Integrated",1,8,48,2746.01216004463,0
"SYN-DLBCL-000977",TRUE,"DLBCL","SIM-F008",66,"Female","Black",2,"II",2013,"Public","Lower","Academic",1,23,200,1002.61245087428,1
"SYN-DLBCL-000978",TRUE,"DLBCL","SIM-F007",48,"Male","Black",1,"I",2015,"Private","Lower","Academic",0,20,NA,1303.24076522835,1
"SYN-DLBCL-000979",TRUE,"DLBCL","SIM-F001",74,"Female","Hispanic",1,"I",2022,"Public","Lower","Community",0,6,NA,732.724849443707,1
"SYN-DLBCL-000980",TRUE,"DLBCL","SIM-F010",50,"Male","Black",0,"I",2021,"Private","Higher","Integrated",0,34,NA,1449.95810719448,1
"SYN-DLBCL-000981",TRUE,"DLBCL","SIM-F010",77,"Female","Hispanic",1,"III",2017,"Public","Lower","Integrated",0,12,NA,1941.69194141179,1
"SYN-DLBCL-000982",TRUE,"DLBCL","SIM-F042",52,"Female","Black",0,"I",2018,"Public","Higher","Academic",1,25,168,2519.4074656701,1
"SYN-DLBCL-000983",TRUE,"DLBCL","SIM-F046",40,"Female","Other",0,"I",2017,"Public",NA,"Academic",1,38,63,1842.14761037962,0
"SYN-DLBCL-000984",TRUE,"DLBCL","SIM-F003",58,"Male","Hispanic",1,"II",2011,"Private","Higher","Integrated",0,22,NA,1602.10829206277,0
"SYN-DLBCL-000985",TRUE,"DLBCL","SIM-F048",43,"Male","Black",0,"III",2017,"Private","Lower","Community",0,7,NA,1783.36918173241,0
"SYN-DLBCL-000986",TRUE,"DLBCL","SIM-F038",57,"Male","Hispanic",2,"I",2016,NA,"Lower","Community",1,40,NA,192.913339028536,1
"SYN-DLBCL-000987",TRUE,"DLBCL","SIM-F008",82,"Female","Hispanic",2,"I",2013,"Public","Lower","Academic",0,40,NA,196.251786653454,1
"SYN-DLBCL-000988",TRUE,"DLBCL","SIM-F058",56,"Female","Other",0,"IV",2012,"Private","Middle",NA,1,13,NA,56.0730223175943,0
"SYN-DLBCL-000989",TRUE,"DLBCL","SIM-F002",83,"Female","Black",2,"I",2021,"Public","Middle","Academic",0,20,NA,1619.75046566821,1
"SYN-DLBCL-000990",TRUE,"DLBCL","SIM-F060",58,"Female","Other",0,"IV",2021,"Public",NA,NA,1,7,163,1938.30498179246,1
"SYN-DLBCL-000991",TRUE,"DLBCL","SIM-F028",52,"Male","Other",1,"II",2014,"Private","Lower","Community",1,45,288,506.106528612813,1
"SYN-DLBCL-000992",TRUE,"DLBCL","SIM-F026",57,"Male","Hispanic",1,"I",2012,"Public","Middle",NA,0,38,NA,911.479308425631,0
"SYN-DLBCL-000993",TRUE,"DLBCL","SIM-F030",49,"Female","Other",0,"IV",2015,"Private","Middle","Academic",1,25,82,2138.96505415556,0
"SYN-DLBCL-000994",TRUE,"DLBCL","SIM-F054",69,"Female","Black",0,"III",2010,"Public","Middle","Integrated",0,28,NA,716.203704216822,1
"SYN-DLBCL-000995",TRUE,"DLBCL","SIM-F008",37,"Female","Hispanic",1,"I",2011,"Private","Lower","Academic",1,14,179,1761.31002290873,0
"SYN-DLBCL-000996",TRUE,"DLBCL","SIM-F029",89,"Female","Black",0,"II",2012,"Private","Higher","Integrated",1,16,NA,47.8018069267273,0
"SYN-DLBCL-000997",TRUE,"DLBCL","SIM-F050",54,"Female","Other",0,"I",2012,"Public","Higher",NA,0,13,NA,2258.34133855184,0
"SYN-DLBCL-000998",TRUE,"DLBCL","SIM-F024",78,"Male","Black",2,"I",2015,"Public","Higher","Integrated",0,40,NA,1137.648294439,0
"SYN-DLBCL-000999",TRUE,"DLBCL","SIM-F020",90,"Female","Black",0,"II",2021,"Public","Lower","Community",1,28,179,1559.90798067503,0
"SYN-DLBCL-001000",TRUE,"DLBCL","SIM-F010",84,"Female","Other",1,"II",2010,"Private","Lower","Integrated",1,28,179,760.995488592215,1
"SYN-DLBCL-001001",TRUE,"DLBCL","SIM-F011",80,"Male","Hispanic",0,"II",2016,"Public","Lower","Integrated",1,41,86,2946.81802981112,1
"SYN-DLBCL-001002",TRUE,"DLBCL","SIM-F048",90,"Male","Black",0,"III",2016,"Private","Middle","Community",1,23,199,484.22140678725,1
"SYN-DLBCL-001003",TRUE,"DLBCL","SIM-F043",55,"Female","Other",1,"II",2022,"Private","Lower","Integrated",1,24,269,564.958710064142,1
"SYN-DLBCL-001004",TRUE,"DLBCL","SIM-F059",35,"Male","Hispanic",0,"II",2020,"Private",NA,"Academic",1,19,119,1650.8538328018,0
"SYN-DLBCL-001005",TRUE,"DLBCL","SIM-F055",66,"Female","Hispanic",1,"II",2012,"Public","Lower","Academic",0,30,NA,712.576900944114,NA
"SYN-DLBCL-001006",TRUE,"DLBCL","SIM-F026",58,"Male","Hispanic",0,"II",2015,"Public","Lower",NA,0,25,NA,1488.32896410837,0
"SYN-DLBCL-001007",TRUE,"DLBCL","SIM-F003",82,"Male","Other",1,"I",2021,"Private","Higher","Integrated",1,42,242,603.283900851777,1
"SYN-DLBCL-001008",TRUE,"DLBCL","SIM-F024",49,"Female","Black",0,"I",2017,"Private","Lower","Integrated",0,21,NA,454.403956755996,0
"SYN-DLBCL-001009",TRUE,"DLBCL","SIM-F033",57,"Female","Other",0,"II",2016,"Private","Lower","Community",1,23,170,962.23455246104,1
"SYN-DLBCL-001010",TRUE,"DLBCL","SIM-F004",60,"Female","Other",2,"III",2014,"Public","Higher","Community",0,14,NA,1790.76198414201,0
"SYN-DLBCL-001011",TRUE,"DLBCL","SIM-F001",58,"Female","Black",0,"IV",2019,"Public",NA,"Community",0,10,NA,1663.17707873182,0
"SYN-DLBCL-001012",TRUE,"DLBCL","SIM-F028",64,"Male","Black",1,"II",2018,"Public","Higher",NA,1,19,162,1533.69565112931,0
"SYN-DLBCL-001013",TRUE,"DLBCL","SIM-F043",75,"Female","Other",1,"III",2021,NA,"Higher","Integrated",1,36,111,667.696748524606,1
"SYN-DLBCL-001014",TRUE,"DLBCL","SIM-F006",45,"Female","Other",0,"I",2010,"Private","Higher","Integrated",0,13,NA,2265.7016616629,0
"SYN-DLBCL-001015",TRUE,"DLBCL","SIM-F022",61,"Male","Other",1,"II",2016,"Private","Middle","Integrated",0,375,NA,1897.97216629027,0
"SYN-DLBCL-001016",TRUE,"DLBCL","SIM-F029",65,"Male","Black",0,"II",2010,"Private","Higher","Integrated",1,17,194,1847.88968623267,NA
"SYN-DLBCL-001017",TRUE,"DLBCL","SIM-F013",53,"Female","Other",1,"III",2022,"Private","Middle","Integrated",0,24,NA,775.963828437441,1
"SYN-DLBCL-001018",TRUE,"DLBCL","SIM-F030",71,"Female","Hispanic",2,"I",2013,"Public","Higher","Academic",0,45,NA,2342.17319514775,1
"SYN-DLBCL-001019",TRUE,"DLBCL","SIM-F024",55,"Male","Hispanic",1,"III",2021,"Private","Middle","Integrated",1,28,146,938.507018946111,0
"SYN-DLBCL-001020",TRUE,"DLBCL","SIM-F056",53,"Male","Black",1,"II",2015,"Public","Lower","Academic",0,31,NA,610.149438170326,1
"SYN-DLBCL-001021",TRUE,"DLBCL","SIM-F027",56,"Male","Black",0,"III",2015,"Private","Higher","Integrated",1,18,275,932.430999656841,1
"SYN-DLBCL-001022",TRUE,"DLBCL","SIM-F006",79,"Female","Other",2,"I",2016,"Public",NA,"Integrated",1,41,76,1619.61800355581,0
"SYN-DLBCL-001023",TRUE,"DLBCL","SIM-F035",38,"Female","Other",1,"I",2014,"Private","Lower","Integrated",1,24,50,2011.05417746818,0
"SYN-DLBCL-001024",TRUE,"DLBCL","SIM-F022",67,"Female","Other",0,"I",2013,NA,"Middle","Integrated",0,36,NA,1783.84216028472,1
"SYN-DLBCL-001025",TRUE,"DLBCL","SIM-F003",78,"Female","Other",1,"II",2017,"Private","Higher","Integrated",0,17,NA,696.467696503829,1
"SYN-DLBCL-001026",TRUE,"DLBCL","SIM-F008",71,"Male","Hispanic",1,"II",2016,"Private","Lower","Academic",1,18,59,1565.16442329613,1
"SYN-DLBCL-001027",TRUE,"DLBCL","SIM-F049",62,"Male","Other",0,"II",2022,"Private","Lower","Academic",1,34,160,975.588949270087,1
"SYN-DLBCL-001028",TRUE,"DLBCL","SIM-F057",68,"Male","Other",0,"III",2012,"Private",NA,"Community",0,9,NA,1617.92570110061,0
"SYN-DLBCL-001029",TRUE,"DLBCL","SIM-F040",79,"Male","Hispanic",0,"II",2020,"Public","Middle","Community",0,18,NA,2738.88596602143,1
"SYN-DLBCL-001030",TRUE,"DLBCL","SIM-F035",57,"Male","Hispanic",0,"I",2012,NA,"Middle","Integrated",0,14,NA,415.291304544684,0
"SYN-DLBCL-001031",TRUE,"DLBCL","SIM-F006",60,"Female","Black",2,"III",2010,"Private","Middle","Integrated",0,34,NA,1662.93853518087,0
"SYN-DLBCL-001032",TRUE,"DLBCL","SIM-F018",64,"Female","Hispanic",2,"III",2018,"Private","Middle","Integrated",0,42,NA,517.437186061612,1
"SYN-DLBCL-001033",TRUE,"DLBCL","SIM-F026",69,"Male","Other",0,"I",2020,"Public","Middle","Academic",1,35,183,913.543762625944,1
"SYN-DLBCL-001034",TRUE,"DLBCL","SIM-F017",64,"Male","Hispanic",0,"II",2020,"Public","Middle","Academic",0,42,NA,2135.18739054212,0
"SYN-DLBCL-001035",TRUE,"DLBCL","SIM-F023",49,"Female","Other",0,"IV",2017,"Public",NA,"Integrated",1,44,226,1013.79548040357,1
"SYN-DLBCL-001036",TRUE,"DLBCL","SIM-F005",54,"Male","Other",1,"I",2012,"Private","Middle","Community",0,37,NA,767.269317613475,1
"SYN-DLBCL-001037",TRUE,"DLBCL","SIM-F058",51,"Male","Hispanic",0,"IV",2013,"Private","Higher","Academic",1,6,211,2745.20858029369,0
"SYN-DLBCL-001038",TRUE,"DLBCL","SIM-F003",59,"Male","Other",0,"III",2019,"Private","Lower","Integrated",0,27,NA,1778.20051527707,1
"SYN-DLBCL-001039",TRUE,"DLBCL","SIM-F013",76,"Female","Other",1,"I",2010,"Private","Lower","Integrated",0,37,NA,2328.16277926555,0
"SYN-DLBCL-001040",TRUE,"DLBCL","SIM-F044",73,"Female","Other",1,"I",2016,"Public","Higher","Academic",0,34,NA,1781.47835855721,0
"SYN-DLBCL-001041",TRUE,"DLBCL","SIM-F017",31,"Female","Hispanic",0,"II",2012,"Public","Higher","Academic",1,35,58,836.183475701717,0
"SYN-DLBCL-001042",TRUE,"DLBCL","SIM-F005",57,"Male","Black",0,"I",2010,"Private","Lower","Community",1,37,250,337.567156833739,1
"SYN-DLBCL-001043",TRUE,"DLBCL","SIM-F007",61,"Female","Black",1,"III",2011,"Public","Lower","Academic",1,375,245,388.066850196811,1
"SYN-DLBCL-001044",TRUE,"DLBCL","SIM-F002",53,"Male","Other",1,"IV",2021,"Private","Middle","Academic",1,28,141,1146.44318774448,1
"SYN-DLBCL-001045",TRUE,"DLBCL","SIM-F003",88,"Female","Other",2,"I",2014,"Private","Middle","Integrated",0,30,NA,735.047266999829,1
"SYN-DLBCL-001046",TRUE,"DLBCL","SIM-F042",45,"Male","Other",1,"I",2011,"Private","Higher","Academic",1,34,81,NA,0
"SYN-DLBCL-001047",TRUE,"DLBCL","SIM-F023",47,"Female","Other",0,"II",2014,"Private","Higher","Integrated",1,31,91,1599.53681694769,1
"SYN-DLBCL-001048",TRUE,"DLBCL","SIM-F035",58,"Female","Hispanic",0,"II",2017,"Private","Middle","Integrated",0,37,NA,1272.58551814214,0
"SYN-DLBCL-001049",TRUE,"DLBCL","SIM-F031",46,"Male","Black",0,"II",2016,"Public","Higher","Academic",1,24,190,NA,0
"SYN-DLBCL-001050",TRUE,"DLBCL","SIM-F004",68,"Female","Other",0,"II",2013,"Private","Lower","Community",1,16,183,350.704744863466,1
"SYN-DLBCL-001051",TRUE,"DLBCL","SIM-F052",76,"Male","Hispanic",0,"II",2015,"Public","Middle","Academic",0,39,NA,1889.75055517163,0
"SYN-DLBCL-001052",TRUE,"DLBCL","SIM-F031",87,"Female","Hispanic",1,"II",2017,"Public","Higher","Academic",0,33,NA,68.0951715283771,0
"SYN-DLBCL-001053",TRUE,"DLBCL","SIM-F003",56,"Male","Other",0,"I",2020,"Public","Higher","Integrated",1,30,117,2387.22669107607,0
"SYN-DLBCL-001054",TRUE,"DLBCL","SIM-F031",48,"Female","Hispanic",0,"II",2018,"Private","Higher","Academic",1,40,316,2515.29262298369,0
"SYN-DLBCL-001055",TRUE,"DLBCL","SIM-F011",70,"Female","Other",1,"I",2013,NA,"Higher","Integrated",0,27,NA,2869.7688920305,1
"SYN-DLBCL-001056",TRUE,"DLBCL","SIM-F060",40,"Male","Black",0,"II",2016,"Public","Higher","Academic",1,42,67,910.855658581994,0
"SYN-DLBCL-001057",TRUE,"DLBCL","SIM-F031",61,"Female","Other",0,"II",2020,"Private","Middle","Academic",1,375,NA,21.5673326003825,0
"SYN-DLBCL-001058",TRUE,"DLBCL","SIM-F044",63,"Female","Hispanic",1,"III",2010,"Public","Lower","Academic",0,37,NA,736.79834077579,1
"SYN-DLBCL-001059",TRUE,"DLBCL","SIM-F035",62,"Female","Other",0,"II",2016,"Private","Middle","Integrated",0,5,NA,75.2030337961637,1
"SYN-DLBCL-001060",TRUE,"DLBCL","SIM-F055",67,"Female","Other",2,"II",2020,"Private","Higher","Academic",1,7,180,1537.53271623113,0
"SYN-DLBCL-001061",TRUE,"DLBCL","SIM-F012",54,"Female","Hispanic",0,"I",2016,"Public","Middle","Community",1,21,292,2341.9980617438,0
"SYN-DLBCL-001062",TRUE,"DLBCL","SIM-F008",82,"Male","Hispanic",1,"II",2017,"Public","Lower","Academic",0,12,NA,868.849421850157,1
"SYN-DLBCL-001063",TRUE,"DLBCL","SIM-F035",53,"Male","Other",0,"III",2014,"Private","Lower","Integrated",0,16,NA,959.135920937101,1
"SYN-DLBCL-001064",TRUE,"DLBCL","SIM-F009",62,"Male","Hispanic",0,"I",2017,"Private","Higher","Community",1,8,149,1539.45214271313,1
"SYN-DLBCL-001065",TRUE,"DLBCL","SIM-F023",59,"Male","Hispanic",0,"II",2017,"Public","Lower","Integrated",1,24,248,1467.22176869961,1
"SYN-DLBCL-001066",TRUE,"DLBCL","SIM-F048",72,"Female","Black",1,"III",2015,NA,"Higher","Community",0,15,NA,1691.93418514759,1
"SYN-DLBCL-001067",TRUE,"DLBCL","SIM-F037",53,"Male","Other",0,"II",2020,"Private","Higher","Community",0,375,NA,2376.66274027084,0
"SYN-DLBCL-001068",TRUE,"DLBCL","SIM-F054",70,"Male","Black",1,"II",2011,"Public","Higher","Integrated",1,40,256,3267.119037339,0
"SYN-DLBCL-001069",TRUE,"DLBCL","SIM-F020",59,"Female","Other",1,"I",2014,"Private","Middle","Community",0,18,NA,1428.74267823322,1
"SYN-DLBCL-001070",TRUE,"DLBCL","SIM-F026",66,"Female","Other",1,"I",2022,"Public","Lower","Academic",0,18,NA,2399.40318843225,1
"SYN-DLBCL-001071",TRUE,"DLBCL","SIM-F022",69,"Female","Hispanic",1,"I",2013,"Public","Lower","Integrated",NA,45,NA,1519.58480052068,0
"SYN-DLBCL-001072",TRUE,"DLBCL","SIM-F013",57,"Male","Black",0,"II",2019,"Private","Higher","Integrated",1,16,250,2730.39937054506,0
"SYN-DLBCL-001073",TRUE,"DLBCL","SIM-F043",51,"Male","Other",1,"III",2012,NA,"Higher","Integrated",1,18,167,715.379438915876,1
"SYN-DLBCL-001074",TRUE,"DLBCL","SIM-F009",63,"Female","Other",0,"III",2015,"Public","Higher","Community",0,30,NA,102.069289484047,0
"SYN-DLBCL-001075",TRUE,"DLBCL","SIM-F052",85,"Male","Hispanic",1,"III",2016,"Private","Higher","Academic",0,25,NA,236.730625256896,0
"SYN-DLBCL-001076",TRUE,"DLBCL","SIM-F009",47,"Male","Other",2,"I",2011,"Private","Lower","Community",1,7,203,1116.12662471962,1
"SYN-DLBCL-001077",TRUE,"DLBCL","SIM-F055",74,"Male","Black",1,"II",2011,"Public","Lower","Academic",0,7,NA,1368.57456562467,1
"SYN-DLBCL-001078",TRUE,"DLBCL","SIM-F043",48,"Male","Hispanic",1,"I",2022,"Private","Lower","Integrated",0,25,NA,1583.01721813856,0
"SYN-DLBCL-001079",TRUE,"DLBCL","SIM-F041",71,"Male","Black",0,"II",2019,"Public","Middle","Academic",0,43,NA,1441.14418482324,1
"SYN-DLBCL-001080",TRUE,"DLBCL","SIM-F025",64,"Male","Other",0,"IV",2022,"Private","Higher","Integrated",1,32,179,2924.10435753935,0
"SYN-DLBCL-001081",TRUE,"DLBCL","SIM-F008",80,"Male","Black",0,"I",2012,"Public","Lower","Academic",1,26,281,2012.74799134932,0
"SYN-DLBCL-001082",TRUE,"DLBCL","SIM-F005",59,"Female","Hispanic",0,"I",2014,"Public","Lower","Community",0,12,NA,840.288012279375,0
"SYN-DLBCL-001083",TRUE,"DLBCL","SIM-F053",45,"Male","Other",0,"I",2015,"Private","Higher","Academic",1,24,134,984.297029078007,0
"SYN-DLBCL-001084",TRUE,"DLBCL","SIM-F044",84,"Male","Black",1,"II",2017,"Public","Middle","Academic",0,23,NA,1379.63159816855,1
"SYN-DLBCL-001085",TRUE,"DLBCL","SIM-F045",58,"Male","Black",0,"I",2017,"Private","Higher","Community",0,31,NA,1659.65225624037,0
"SYN-DLBCL-001086",TRUE,"DLBCL","SIM-F028",70,"Male","Black",1,"I",2014,"Public","Lower","Community",0,41,NA,1216.49399359321,1
"SYN-DLBCL-001087",TRUE,"DLBCL","SIM-F017",78,"Male","Black",0,"III",2010,"Public","Middle","Academic",0,6,NA,2341.46265705582,0
"SYN-DLBCL-001088",TRUE,"DLBCL","SIM-F027",63,"Male","Other",0,"I",2013,"Public","Lower","Integrated",0,6,NA,2029.32594465325,0
"SYN-DLBCL-001089",TRUE,"DLBCL","SIM-F044",62,"Male","Other",1,"II",2019,NA,"Higher","Academic",1,35,NA,58.6250693164766,0
"SYN-DLBCL-001090",TRUE,"DLBCL","SIM-F032",76,"Female","Hispanic",1,"II",2018,"Public","Middle","Academic",0,22,NA,271.288306301147,1
"SYN-DLBCL-001091",TRUE,"DLBCL","SIM-F044",59,"Female","Other",0,"I",2015,"Private",NA,"Academic",1,42,202,685.616664458066,0
"SYN-DLBCL-001092",TRUE,"DLBCL","SIM-F050",71,"Male","Other",0,"II",2014,"Public","Lower","Academic",0,34,NA,1030.94193466008,0
"SYN-DLBCL-001093",TRUE,"DLBCL","SIM-F056",72,"Male","Other",0,"II",2017,"Public","Lower","Academic",1,35,86,547.731647658663,1
"SYN-DLBCL-001094",TRUE,"DLBCL","SIM-F060",41,"Female","Hispanic",0,"II",2016,"Public","Lower","Academic",1,32,NA,2517.33984326362,0
"SYN-DLBCL-001095",TRUE,"DLBCL","SIM-F051",57,"Female","Hispanic",1,"I",2014,"Public","Lower","Community",0,44,NA,273.807630867829,1
"SYN-DLBCL-001096",TRUE,"DLBCL","SIM-F006",49,"Female","Hispanic",0,"II",2017,"Private","Higher","Integrated",1,19,284,2096.02703142096,0
"SYN-DLBCL-001097",TRUE,"DLBCL","SIM-F026",55,"Female","Other",1,"III",2011,"Public","Higher","Academic",0,35,NA,2447.11293546483,0
"SYN-DLBCL-001098",TRUE,"DLBCL","SIM-F030",69,"Female","Black",1,"II",2014,"Private","Lower","Academic",1,24,196,247.245536783259,1
"SYN-DLBCL-001099",TRUE,"DLBCL","SIM-F037",59,"Male","Black",0,"II",2013,"Private","Higher",NA,1,8,154,2027.45679006563,0
"SYN-DLBCL-001100",TRUE,"DLBCL","SIM-F013",59,"Female","Hispanic",1,"I",2010,"Public","Lower","Integrated",0,14,NA,291.891210613376,1
"SYN-DLBCL-001101",TRUE,"DLBCL","SIM-F054",65,"Female","Other",2,"I",2017,"Private","Middle","Integrated",1,8,67,281.943451440361,1
"SYN-DLBCL-001102",TRUE,"DLBCL","SIM-F006",73,"Female","Other",1,"II",2019,"Private","Lower","Integrated",1,18,NA,1534.6290219191,0
"SYN-DLBCL-001103",TRUE,"DLBCL","SIM-F041",80,"Male","Hispanic",0,"I",2020,"Private","Higher","Academic",0,32,NA,1513.85506974999,0
"SYN-DLBCL-001104",TRUE,"DLBCL","SIM-F019",60,"Female","Other",0,"II",2014,"Public","Lower","Academic",0,25,NA,955.758195523616,1
"SYN-DLBCL-001105",TRUE,"DLBCL","SIM-F012",46,"Female","Other",NA,"I",2020,"Private","Higher","Community",0,34,NA,2202.39421394304,0
"SYN-DLBCL-001106",TRUE,"DLBCL","SIM-F005",70,"Female","Black",1,"III",2012,"Public",NA,"Community",0,22,NA,2841.28191406722,0
"SYN-DLBCL-001107",TRUE,"DLBCL","SIM-F003",55,"Male","Other",1,"III",2021,"Private",NA,"Integrated",0,27,NA,2623.73504541814,0
"SYN-DLBCL-001108",TRUE,"DLBCL","SIM-F047",49,"Female","Other",0,"I",2016,"Private","Lower","Integrated",0,14,NA,2236.47118997993,0
"SYN-DLBCL-001109",TRUE,"DLBCL","SIM-F023",60,"Female","Other",0,"I",2019,"Private","Middle","Integrated",1,35,202,251.513799641313,1
"SYN-DLBCL-001110",TRUE,"DLBCL","SIM-F036",48,"Male","Black",0,"I",2016,"Public","Middle","Academic",1,12,145,795.760151905748,1
"SYN-DLBCL-001111",TRUE,"DLBCL","SIM-F049",49,"Female","Other",0,"I",2010,"Public","Middle","Academic",1,38,130,2271.90963005764,1
"SYN-DLBCL-001112",TRUE,"DLBCL","SIM-F032",64,"Male","Black",1,"II",2017,"Public","Higher","Academic",1,19,261,633.071056679359,1
"SYN-DLBCL-001113",TRUE,"DLBCL","SIM-F019",75,"Male","Hispanic",1,"II",2021,"Public","Middle","Academic",1,21,238,1395.45414397493,0
"SYN-DLBCL-001114",TRUE,"DLBCL","SIM-F011",54,"Male","Other",1,"II",2016,"Public","Middle",NA,1,38,119,1307.40332824173,1
"SYN-DLBCL-001115",TRUE,"DLBCL","SIM-F036",46,"Female","Black",0,"III",2015,"Private","Middle","Academic",1,35,235,2159.21792172827,0
"SYN-DLBCL-001116",TRUE,"DLBCL","SIM-F030",86,"Female","Hispanic",2,"I",2017,"Public","Middle","Academic",1,40,197,881.522774022679,1
"SYN-DLBCL-001117",TRUE,"DLBCL","SIM-F034",75,"Male","Black",2,"I",2017,"Public","Middle","Community",0,20,NA,1343.90298219421,1
"SYN-DLBCL-001118",TRUE,"DLBCL","SIM-F037",49,"Female","Black",0,"II",2015,"Private","Lower","Community",1,18,258,3280.62558998587,0
"SYN-DLBCL-001119",TRUE,"DLBCL","SIM-F023",42,"Female","Hispanic",0,"II",2011,"Private","Lower","Integrated",1,34,85,87.754946023458,1
"SYN-DLBCL-001120",TRUE,"DLBCL","SIM-F014",46,"Male","Hispanic",1,"I",2010,"Public","Higher","Integrated",0,11,NA,3149.37402769807,0
"SYN-DLBCL-001121",TRUE,"DLBCL","SIM-F060",79,"Female","Black",0,"II",2012,"Public","Higher","Academic",1,23,91,1081.54335418716,0
"SYN-DLBCL-001122",TRUE,"DLBCL","SIM-F004",75,"Female","Black",0,"I",2019,"Public","Middle","Community",0,15,NA,1576.09591349669,1
"SYN-DLBCL-001123",TRUE,"DLBCL","SIM-F022",66,"Male","Black",0,"I",2021,"Private",NA,"Integrated",1,7,137,2242.96143909683,0
"SYN-DLBCL-001124",TRUE,"DLBCL","SIM-F012",59,"Male","Black",2,"I",2018,"Private","Lower","Community",0,33,NA,1166.45222007826,1
"SYN-DLBCL-001125",TRUE,"DLBCL","SIM-F028",76,"Female","Other",1,"IV",2022,"Public","Higher","Community",0,29,NA,1821.56160012726,1
"SYN-DLBCL-001126",TRUE,"DLBCL","SIM-F016",90,"Female","Black",2,"I",2017,"Public","Higher","Academic",NA,26,97,2457.4947067435,1
"SYN-DLBCL-001127",TRUE,"DLBCL","SIM-F016",41,"Male","Other",0,"I",2022,NA,"Higher","Academic",0,13,NA,2396.3505673944,0
"SYN-DLBCL-001128",TRUE,"DLBCL","SIM-F005",86,"Male","Hispanic",2,"III",2013,"Private","Higher","Community",1,13,75,1959.07438534428,0
"SYN-DLBCL-001129",TRUE,"DLBCL","SIM-F015",57,"Male","Other",1,"III",2016,NA,"Middle","Academic",1,13,96,1206.2094643143,1
"SYN-DLBCL-001130",TRUE,"DLBCL","SIM-F044",54,"Male","Hispanic",1,"I",2015,"Private","Middle","Academic",0,34,NA,619.624430602094,1
"SYN-DLBCL-001131",TRUE,"DLBCL","SIM-F031",62,"Male","Black",0,"I",2020,"Private","Lower","Academic",1,21,238,844.455041326582,0
"SYN-DLBCL-001132",TRUE,"DLBCL","SIM-F048",63,"Male","Hispanic",1,"II",2021,"Public","Middle","Community",1,45,71,217.249221147194,1
"SYN-DLBCL-001133",TRUE,"DLBCL","SIM-F035",70,"Male","Other",0,"I",2014,"Public",NA,"Integrated",0,33,NA,552.25450885749,1
"SYN-DLBCL-001134",TRUE,"DLBCL","SIM-F009",73,"Male","Black",0,"II",2022,"Public","Higher","Community",0,20,NA,362.46466527334,1
"SYN-DLBCL-001135",TRUE,"DLBCL","SIM-F023",37,"Female","Black",1,"I",2016,"Private","Middle","Integrated",0,39,NA,3045.85989088751,0
"SYN-DLBCL-001136",TRUE,"DLBCL","SIM-F021",30,"Male","Other",0,"II",2014,"Private","Higher","Community",1,30,199,1614.37897334341,0
"SYN-DLBCL-001137",TRUE,"DLBCL","SIM-F020",72,"Female","Other",2,"I",2015,"Private","Lower","Community",1,25,NA,236.456693948014,1
"SYN-DLBCL-001138",TRUE,"DLBCL","SIM-F031",48,"Male","Black",1,"IV",2016,"Private","Middle","Academic",1,16,234,2490.8964185603,0
"SYN-DLBCL-001139",TRUE,"DLBCL","SIM-F002",42,"Female","Hispanic",1,"I",2010,"Private","Higher","Academic",1,33,302,941.766464486718,0
"SYN-DLBCL-001140",TRUE,"DLBCL","SIM-F012",72,"Female","Black",0,"IV",2012,"Public","Middle","Community",1,39,244,1757.47498672223,0
"SYN-DLBCL-001141",TRUE,"DLBCL","SIM-F032",52,"Male","Black",0,"II",2010,NA,"Lower","Academic",0,23,NA,3042.49993704958,0
"SYN-DLBCL-001142",TRUE,"DLBCL","SIM-F026",57,"Female","Black",0,"I",2022,"Public","Middle","Academic",0,27,NA,262.215629703956,0
"SYN-DLBCL-001143",TRUE,"DLBCL","SIM-F025",59,"Female","Black",1,"III",2012,"Private","Lower","Integrated",1,28,193,2771.67395153898,0
"SYN-DLBCL-001144",TRUE,"DLBCL","SIM-F016",67,"Female","Hispanic",1,"IV",2017,"Private","Higher","Academic",1,21,96,119.625521070935,1
"SYN-DLBCL-001145",TRUE,"DLBCL","SIM-F005",79,"Male","Hispanic",0,"II",2022,"Private","Higher","Community",0,45,NA,1452.23547066535,1
"SYN-DLBCL-001146",TRUE,"DLBCL","SIM-F004",78,"Male","Other",0,"I",2017,"Private","Lower","Community",0,31,NA,391.501543546644,1
"SYN-DLBCL-001147",TRUE,"DLBCL","SIM-F006",61,"Female","Black",0,"III",2020,"Public","Higher","Integrated",1,35,205,2676.40789895901,0
"SYN-DLBCL-001148",TRUE,"DLBCL","SIM-F039",44,"Male","Other",0,"II",2017,"Public","Higher","Integrated",1,9,220,2038.35994318128,0
"SYN-DLBCL-001149",TRUE,"DLBCL","SIM-F037",85,"Male","Other",0,"I",2016,"Public","Higher","Community",0,41,NA,637.496455800736,1
"SYN-DLBCL-001150",TRUE,"DLBCL","SIM-F002",80,"Male","Black",1,"II",2011,"Private","Lower","Academic",0,39,NA,399.620430683579,1
"SYN-DLBCL-001151",TRUE,"DLBCL","SIM-F044",80,"Female","Black",0,"I",2018,"Private","Higher","Academic",0,28,NA,2189.72258751979,0
"SYN-DLBCL-001152",TRUE,"DLBCL","SIM-F042",45,"Male","Other",0,"I",2019,"Public","Higher","Academic",1,43,238,2785.17545830924,0
"SYN-DLBCL-001153",TRUE,"DLBCL","SIM-F056",61,"Male","Black",2,"I",2019,"Private","Middle","Academic",1,24,172,1575.35566935316,0
"SYN-DLBCL-001154",TRUE,"DLBCL","SIM-F053",72,"Male","Black",1,"II",2011,"Private","Higher","Academic",0,27,NA,2369.02381296037,0
"SYN-DLBCL-001155",TRUE,"DLBCL","SIM-F015",73,"Male","Hispanic",1,"II",2015,"Public",NA,"Academic",0,16,NA,1412.89024593795,0
"SYN-DLBCL-001156",TRUE,"DLBCL","SIM-F015",79,"Female","Hispanic",1,"II",2019,"Public","Middle","Academic",0,35,NA,268.459723143945,1
"SYN-DLBCL-001157",TRUE,"DLBCL","SIM-F023",56,"Male","Hispanic",0,"I",2020,"Private","Lower","Integrated",1,6,240,2902.9367558274,0
"SYN-DLBCL-001158",TRUE,"DLBCL","SIM-F052",61,"Male","Black",0,"I",2017,"Private","Higher","Academic",1,40,97,2481.41033535008,0
"SYN-DLBCL-001159",TRUE,"DLBCL","SIM-F024",73,"Female","Black",1,"I",2014,"Public","Lower","Integrated",0,26,NA,2566.30845084088,0
"SYN-DLBCL-001160",TRUE,"DLBCL","SIM-F042",70,"Female","Other",0,"I",2017,"Private","Middle","Academic",1,17,166,2521.35768253007,0
"SYN-DLBCL-001161",TRUE,"DLBCL","SIM-F022",52,"Male","Other",1,"I",2019,"Private","Middle","Integrated",1,36,96,1527.16258115484,0
"SYN-DLBCL-001162",TRUE,"DLBCL","SIM-F025",59,"Male","Hispanic",0,"II",2019,"Private","Middle","Integrated",0,11,NA,3111.68338392396,0
"SYN-DLBCL-001163",TRUE,"DLBCL","SIM-F058",56,"Female","Hispanic",1,"II",2014,"Public","Middle",NA,1,24,67,1549.19995307922,0
"SYN-DLBCL-001164",TRUE,"DLBCL","SIM-F011",75,"Female","Other",2,"I",2021,"Public","Higher","Integrated",0,14,NA,372.623357791454,0
"SYN-DLBCL-001165",TRUE,"DLBCL","SIM-F039",85,"Female","Hispanic",0,"II",2014,"Private","Middle","Integrated",0,13,NA,558.500379630536,1
"SYN-DLBCL-001166",TRUE,"DLBCL","SIM-F011",68,"Male","Other",NA,"II",2022,"Private","Higher","Integrated",1,26,109,834.70312075943,1
"SYN-DLBCL-001167",TRUE,"DLBCL","SIM-F059",68,"Female","Black",0,"IV",2016,"Public","Lower","Academic",0,37,NA,1466.67085016146,0
"SYN-DLBCL-001168",TRUE,"DLBCL","SIM-F049",62,"Male","Black",1,"I",2011,"Private","Lower","Academic",0,13,NA,1235.82676077355,1
"SYN-DLBCL-001169",TRUE,"DLBCL","SIM-F056",57,"Female","Other",1,"III",2012,"Public","Middle","Academic",NA,8,231,2459.69015278039,0
"SYN-DLBCL-001170",TRUE,"DLBCL","SIM-F013",60,"Male","Other",0,"II",2018,"Private","Higher","Integrated",1,27,224,688.683308135028,1
"SYN-DLBCL-001171",TRUE,"DLBCL","SIM-F039",72,"Female","Other",1,"I",2015,"Private","Higher","Integrated",0,36,NA,884.839392479618,1
"SYN-DLBCL-001172",TRUE,"DLBCL","SIM-F021",68,"Female","Hispanic",1,"II",2017,"Private","Lower","Community",0,38,NA,1965.48284484074,0
"SYN-DLBCL-001173",TRUE,"DLBCL","SIM-F021",68,"Female","Black",1,"III",2017,"Private","Lower","Community",1,30,NA,70.7912681176213,1
"SYN-DLBCL-001174",TRUE,"DLBCL","SIM-F024",46,"Male","Other",0,"I",2012,"Public","Lower","Integrated",0,30,NA,2958.61901655793,0
"SYN-DLBCL-001175",TRUE,"DLBCL","SIM-F004",51,"Female","Other",0,"II",2018,"Private","Lower","Community",1,13,159,2449.46072765975,0
"SYN-DLBCL-001176",TRUE,"DLBCL","SIM-F024",68,"Female","Hispanic",1,"IV",2010,"Public","Higher","Integrated",0,34,NA,36.4333894899179,1
"SYN-DLBCL-001177",TRUE,"DLBCL","SIM-F015",53,"Male","Other",0,"I",2010,"Private",NA,"Academic",1,20,NA,222.716844713066,1
"SYN-DLBCL-001178",TRUE,"DLBCL","SIM-F058",82,"Female","Other",0,"IV",2022,"Public","Middle","Academic",0,9,NA,1313.50215267699,0
"SYN-DLBCL-001179",TRUE,"DLBCL","SIM-F037",68,"Male","Other",0,"I",2015,"Public","Higher","Community",1,7,175,542.239466992258,1
"SYN-DLBCL-001180",TRUE,"DLBCL","SIM-F002",60,"Male","Black",1,"II",2012,"Public","Middle","Academic",1,31,120,1820.80052593723,0
"SYN-DLBCL-001181",TRUE,"DLBCL","SIM-F050",56,"Female","Other",0,"I",2015,"Public","Higher","Academic",1,27,79,550.510842892081,1
"SYN-DLBCL-001182",TRUE,"DLBCL","SIM-F016",47,"Female","Black",0,"I",2021,"Private",NA,"Academic",0,29,NA,1836.32281730499,0
"SYN-DLBCL-001183",TRUE,"DLBCL","SIM-F018",81,"Male","Hispanic",0,"II",2021,"Public",NA,"Integrated",0,19,NA,834.67723072707,1
"SYN-DLBCL-001184",TRUE,"DLBCL","SIM-F019",63,"Male","Other",2,"II",2012,"Public","Higher","Academic",0,43,NA,867.95165518665,1
"SYN-DLBCL-001185",TRUE,"DLBCL","SIM-F046",76,"Female","Other",0,"I",2017,"Public","Higher",NA,0,32,NA,899.908589629585,1
"SYN-DLBCL-001186",TRUE,"DLBCL","SIM-F056",56,"Male","Hispanic",1,"II",2011,"Private","Higher","Academic",1,36,217,1441.70064870134,1
"SYN-DLBCL-001187",TRUE,"DLBCL","SIM-F018",60,"Female","Black",0,"II",2014,"Private",NA,"Integrated",1,28,307,1860.6575569774,1
"SYN-DLBCL-001188",TRUE,"DLBCL","SIM-F035",57,"Male","Hispanic",0,"I",2020,"Public","Lower","Integrated",0,41,NA,1984.1934597725,0
"SYN-DLBCL-001189",TRUE,"DLBCL","SIM-F047",49,"Female","Black",0,"I",2012,"Public","Middle","Integrated",0,11,NA,2235.62239981875,1
"SYN-DLBCL-001190",TRUE,"DLBCL","SIM-F046",53,"Female","Hispanic",1,"II",2012,"Private","Higher","Academic",1,23,181,1072.00656372367,1
"SYN-DLBCL-001191",TRUE,"DLBCL","SIM-F034",74,"Female","Black",1,"II",2021,"Public","Higher","Community",0,21,NA,520.598285393456,0
"SYN-DLBCL-001192",TRUE,"DLBCL","SIM-F049",53,"Male","Black",0,"I",2020,"Private","Middle","Academic",1,41,68,1717.82487120596,0
"SYN-DLBCL-001193",TRUE,"DLBCL","SIM-F012",61,"Male","Black",0,"II",2019,"Public","Middle","Community",1,30,267,1579.06486181542,0
"SYN-DLBCL-001194",TRUE,"DLBCL","SIM-F045",71,"Male","Other",1,"II",2016,"Public","Higher","Community",1,21,211,767.574920682746,1
"SYN-DLBCL-001195",TRUE,"DLBCL","SIM-F020",62,"Male","Other",2,"II",2017,"Private","Higher","Community",0,11,NA,455.980360949119,1
"SYN-DLBCL-001196",TRUE,"DLBCL","SIM-F031",78,"Female","Black",2,"II",2011,"Public","Middle","Academic",0,28,NA,337.685653365257,1
"SYN-DLBCL-001197",TRUE,"DLBCL","SIM-F045",63,"Female","Black",2,"II",2015,"Private","Middle","Community",0,15,NA,2440.91217348119,0
"SYN-DLBCL-001198",TRUE,"DLBCL","SIM-F019",90,"Female","Other",0,"IV",2021,"Private","Higher","Academic",1,11,160,1530.66561523243,0
"SYN-DLBCL-001199",TRUE,"DLBCL","SIM-F021",49,"Female","Black",0,"I",2018,"Private","Lower","Community",1,45,119,2138.14573211945,0
"SYN-DLBCL-001200",TRUE,"DLBCL","SIM-F036",55,"Female","Hispanic",0,"II",2015,"Private","Lower","Academic",1,18,258,539.117942674472,1
"SYN-DLBCL-001201",TRUE,"DLBCL","SIM-F027",82,"Male","Black",0,"II",2021,"Private","Higher","Integrated",1,8,NA,202.0828584609,1
"SYN-DLBCL-001202",TRUE,"DLBCL","SIM-F010",55,"Male","Other",0,"II",2022,"Private","Middle","Integrated",0,17,NA,1056.40291796884,1
"SYN-DLBCL-001203",TRUE,"DLBCL","SIM-F024",85,"Male","Other",1,"II",2020,"Public","Middle",NA,0,11,NA,405.410547184182,1
"SYN-DLBCL-001204",TRUE,"DLBCL","SIM-F034",57,"Male","Black",1,"II",2022,"Private","Middle","Community",1,21,172,526.79686607793,0
"SYN-DLBCL-001205",TRUE,"DLBCL","SIM-F025",65,"Male","Other",0,"I",2014,"Private","Lower","Integrated",0,41,NA,2054.19232413056,0
"SYN-DLBCL-001206",TRUE,"DLBCL","SIM-F058",60,"Male","Other",0,"I",2021,"Private","Lower","Academic",1,19,260,2794.48920830851,0
"SYN-DLBCL-001207",TRUE,"DLBCL","SIM-F047",65,"Male","Black",0,"I",2013,"Public","Lower","Integrated",0,22,NA,2138.13760220306,0
"SYN-DLBCL-001208",TRUE,"DLBCL","SIM-F014",64,"Male","Other",2,"IV",2021,"Private","Lower","Integrated",0,13,NA,149.916253736186,1
"SYN-DLBCL-001209",TRUE,"DLBCL","SIM-F029",58,"Female","Other",1,"I",2015,"Public","Middle","Integrated",1,20,232,3056.60506875953,0
"SYN-DLBCL-001210",TRUE,"DLBCL","SIM-F050",65,"Female","Hispanic",0,"II",2020,"Public","Middle","Academic",1,33,72,87.548959903801,1
"SYN-DLBCL-001211",TRUE,"DLBCL","SIM-F052",90,"Female","Black",1,"I",2013,"Public","Middle","Academic",0,31,NA,452.890268791472,1
"SYN-DLBCL-001212",TRUE,"DLBCL","SIM-F026",59,"Male","Hispanic",1,"I",2013,"Public","Middle",NA,0,38,NA,103.27971528473,1
"SYN-DLBCL-001213",TRUE,"DLBCL","SIM-F005",69,"Male","Other",1,"IV",2012,"Public","Higher","Community",1,43,NA,212.243448350465,1
"SYN-DLBCL-001214",TRUE,"DLBCL","SIM-F046",64,"Female","Other",1,"II",2018,"Private","Lower","Academic",0,18,NA,1733.59786939048,1
"SYN-DLBCL-001215",TRUE,"DLBCL","SIM-F058",60,"Male","Black",1,"I",2021,"Public","Lower","Academic",0,25,NA,2840.28767076744,1
"SYN-DLBCL-001216",TRUE,"DLBCL","SIM-F059",65,"Female","Other",1,"III",2010,"Private",NA,"Academic",0,25,NA,331.130453141417,1
"SYN-DLBCL-001217",TRUE,"DLBCL","SIM-F028",48,"Male","Black",1,"III",2012,"Private","Middle","Community",1,45,299,1093.16335167022,1
"SYN-DLBCL-001218",TRUE,"DLBCL","SIM-F034",77,"Female","Hispanic",1,"III",2019,"Private","Higher","Community",1,14,161,390.488181507164,1
"SYN-DLBCL-001219",TRUE,"DLBCL","SIM-F001",59,"Female","Hispanic",1,"II",2020,"Public","Middle","Community",1,36,177,1256.0382912727,1
"SYN-DLBCL-001220",TRUE,"DLBCL","SIM-F005",51,"Male","Black",0,"II",2016,"Private","Middle","Community",0,41,NA,1517.03020428191,0
"SYN-DLBCL-001221",TRUE,"DLBCL","SIM-F008",52,"Female","Hispanic",1,"I",2016,"Public","Middle","Academic",0,27,NA,1766.86663443339,0
"SYN-DLBCL-001222",TRUE,"DLBCL","SIM-F010",56,"Female","Other",0,"I",2014,"Public","Middle","Integrated",1,35,305,2376.39265011181,0
"SYN-DLBCL-001223",TRUE,"DLBCL","SIM-F047",64,"Male","Other",1,"IV",2011,"Private","Lower","Integrated",0,14,NA,421.507014291867,1
"SYN-DLBCL-001224",TRUE,"DLBCL","SIM-F012",55,"Female","Hispanic",1,"IV",2019,"Public","Lower","Community",0,8,NA,1595.82776163151,1
"SYN-DLBCL-001225",TRUE,"DLBCL","SIM-F023",58,"Female","Other",0,"I",2021,"Private","Middle","Integrated",0,16,NA,3019.14717055857,0
"SYN-DLBCL-001226",TRUE,"DLBCL","SIM-F029",63,"Female","Other",0,"I",2012,"Private","Middle","Integrated",0,12,NA,991.414766480556,1
"SYN-DLBCL-001227",TRUE,"DLBCL","SIM-F059",64,"Male","Black",1,"I",2013,"Public","Middle","Academic",0,13,NA,1895.51814983259,1
"SYN-DLBCL-001228",TRUE,"DLBCL","SIM-F036",89,"Female","Other",0,"III",2015,"Public","Middle","Academic",0,12,NA,1543.58478535083,0
"SYN-DLBCL-001229",TRUE,"DLBCL","SIM-F046",58,"Female","Other",0,"II",2015,"Private","Middle","Academic",1,44,152,1571.39221615158,0
"SYN-DLBCL-001230",TRUE,"DLBCL","SIM-F037",79,"Male","Other",1,"II",2022,"Public","Higher","Community",1,27,165,224.478498183605,1
"SYN-DLBCL-001231",TRUE,"DLBCL","SIM-F040",45,"Female","Black",1,"II",2020,"Private","Lower","Community",1,5,106,2884.08315296634,0
"SYN-DLBCL-001232",TRUE,"DLBCL","SIM-F003",77,"Female","Other",0,"III",2015,"Private","Lower","Integrated",0,13,NA,714.989981494988,1
"SYN-DLBCL-001233",TRUE,"DLBCL","SIM-F012",37,"Female","Black",0,"II",2013,"Private","Lower","Community",1,34,98,1620.52124446258,0
"SYN-DLBCL-001234",TRUE,"DLBCL","SIM-F007",81,"Female","Black",2,"II",2020,"Private","Middle","Academic",0,10,NA,43.5970485110278,1
"SYN-DLBCL-001235",TRUE,"DLBCL","SIM-F015",48,"Male","Other",0,"II",2018,"Public","Higher","Academic",1,8,112,2863.08231651434,0
"SYN-DLBCL-001236",TRUE,"DLBCL","SIM-F035",63,"Female","Black",1,"IV",2010,"Private","Higher","Integrated",0,25,NA,1003.05954231846,1
"SYN-DLBCL-001237",TRUE,"DLBCL","SIM-F011",83,"Female","Hispanic",0,"II",2014,"Private","Higher","Integrated",0,17,NA,1893.88098997153,0
"SYN-DLBCL-001238",TRUE,"DLBCL","SIM-F008",41,"Female","Black",0,"III",2013,NA,NA,"Academic",0,45,NA,1908.63967378042,0
"SYN-DLBCL-001239",TRUE,"DLBCL","SIM-F026",61,"Female","Other",1,"II",2017,"Private","Higher","Academic",1,43,119,2707.87376408931,0
"SYN-DLBCL-001240",TRUE,"DLBCL","SIM-F019",45,"Female","Black",1,"IV",2014,"Private","Lower",NA,0,27,NA,1687.13331320316,1
"SYN-DLBCL-001241",TRUE,"DLBCL","SIM-F021",56,"Male","Other",1,"III",2010,"Public","Lower",NA,0,25,NA,1691.7500708811,0
"SYN-DLBCL-001242",TRUE,"DLBCL","SIM-F007",37,"Female","Other",0,"II",2016,"Public","Lower","Academic",1,5,225,1823.56387524835,1
"SYN-DLBCL-001243",TRUE,"DLBCL","SIM-F017",68,"Female","Black",1,"III",2017,"Public","Higher","Academic",1,43,242,751.228800935017,1
"SYN-DLBCL-001244",TRUE,"DLBCL","SIM-F059",90,"Female","Other",0,"II",2016,"Public","Lower","Academic",1,23,203,1005.1037668834,1
"SYN-DLBCL-001245",TRUE,"DLBCL","SIM-F032",84,"Male","Hispanic",1,"II",2010,NA,"Higher","Academic",0,16,NA,55.4306552293025,1
"SYN-DLBCL-001246",TRUE,"DLBCL","SIM-F021",61,"Male","Black",1,"III",2014,"Public","Lower","Community",0,27,NA,878.287217342415,1
"SYN-DLBCL-001247",TRUE,"DLBCL","SIM-F037",54,"Male","Black",2,"II",2019,"Private","Middle","Community",0,32,NA,1316.6310055974,1
"SYN-DLBCL-001248",TRUE,"DLBCL","SIM-F059",67,"Male","Other",1,"I",2022,NA,"Lower","Academic",0,375,NA,16.454582369762,1
"SYN-DLBCL-001249",TRUE,"DLBCL","SIM-F034",64,"Male","Hispanic",0,"IV",2015,"Private","Lower","Community",1,36,168,244.578350675048,1
"SYN-DLBCL-001250",TRUE,"DLBCL","SIM-F051",62,"Female","Other",0,"II",2012,"Private",NA,NA,0,25,NA,2629.37570718583,0
"SYN-DLBCL-001251",TRUE,"DLBCL","SIM-F006",72,"Male","Black",0,"IV",2020,NA,"Higher","Integrated",0,15,NA,3052.55199631443,0
"SYN-DLBCL-001252",TRUE,"DLBCL","SIM-F031",41,"Male","Black",1,"III",2014,"Private",NA,"Academic",0,18,NA,2363.53918647054,1
"SYN-DLBCL-001253",TRUE,"DLBCL","SIM-F048",35,"Male","Hispanic",0,"II",2019,"Public","Middle",NA,1,36,61,859.154997572816,1
"SYN-DLBCL-001254",TRUE,"DLBCL","SIM-F018",64,"Female","Hispanic",1,"II",2020,"Private","Lower","Integrated",1,22,202,673.943873350349,1
"SYN-DLBCL-001255",TRUE,"DLBCL","SIM-F017",57,"Male","Other",0,"II",2012,"Private","Higher","Academic",1,23,260,2489.50262330705,0
"SYN-DLBCL-001256",TRUE,"DLBCL","SIM-F014",61,"Male","Other",0,"II",2017,"Private","Middle","Integrated",1,NA,NA,32.3202431760728,0
"SYN-DLBCL-001257",TRUE,"DLBCL","SIM-F023",42,"Male","Hispanic",0,"II",2011,"Private","Higher","Integrated",0,25,NA,1984.86803249922,0
"SYN-DLBCL-001258",TRUE,"DLBCL","SIM-F029",64,"Male","Other",0,"III",2019,"Private","Lower","Integrated",0,34,NA,790.495070719065,1
"SYN-DLBCL-001259",TRUE,"DLBCL","SIM-F024",49,"Male","Hispanic",0,"I",2021,"Private","Lower","Integrated",1,33,183,2908.6344781064,0
"SYN-DLBCL-001260",TRUE,"DLBCL","SIM-F012",47,"Male","Black",0,"II",2018,"Private","Higher","Community",1,41,261,1423.25601631085,1
"SYN-DLBCL-001261",TRUE,"DLBCL","SIM-F013",58,"Male","Hispanic",0,"II",2013,"Public","Middle",NA,1,35,184,389.109655874283,1
"SYN-DLBCL-001262",TRUE,"DLBCL","SIM-F014",56,"Female","Black",0,"I",2015,"Private",NA,"Integrated",1,12,256,644.408445004493,0
"SYN-DLBCL-001263",TRUE,"DLBCL","SIM-F054",44,"Female","Hispanic",0,"II",2011,"Private","Middle","Integrated",1,10,233,2115.26683739154,0
"SYN-DLBCL-001264",TRUE,"DLBCL","SIM-F051",55,"Male","Hispanic",1,"II",2015,"Private","Middle","Community",1,NA,NA,15.3949958306757,1
"SYN-DLBCL-001265",TRUE,"DLBCL","SIM-F042",71,"Male","Other",1,"II",2013,"Private","Lower","Academic",0,38,NA,1602.73142106831,0
"SYN-DLBCL-001266",TRUE,"DLBCL","SIM-F001",53,"Female","Black",0,"I",2022,"Private","Higher","Community",1,15,245,1413.55360727549,1
"SYN-DLBCL-001267",TRUE,"DLBCL","SIM-F019",47,"Male","Other",0,"I",2015,"Private","Lower","Academic",1,21,112,898.555006690195,1
"SYN-DLBCL-001268",TRUE,"DLBCL","SIM-F046",67,"Female","Black",0,"II",2021,"Public","Higher",NA,0,5,NA,828.555044910626,1
"SYN-DLBCL-001269",TRUE,"DLBCL","SIM-F025",63,"Male","Other",1,"I",2020,"Private","Middle","Integrated",0,38,NA,2165.80862691859,0
"SYN-DLBCL-001270",TRUE,"DLBCL","SIM-F001",72,"Male","Hispanic",0,"I",2011,"Private","Lower","Community",0,25,NA,2192.7624955331,0
"SYN-DLBCL-001271",TRUE,"DLBCL","SIM-F037",58,"Female","Other",0,"I",2022,"Public","Lower","Community",1,15,71,967.131297904998,0
"SYN-DLBCL-001272",TRUE,"DLBCL","SIM-F023",38,"Female","Other",1,"II",2019,"Private","Higher","Integrated",1,5,84,510.802964871909,0
"SYN-DLBCL-001273",TRUE,"DLBCL","SIM-F038",54,"Female","Black",1,"II",2017,"Private","Higher","Community",0,14,NA,161.696744198244,1
"SYN-DLBCL-001274",TRUE,"DLBCL","SIM-F059",64,"Female","Hispanic",0,"II",2022,"Private","Higher",NA,1,19,78,2675.442824749,1
"SYN-DLBCL-001275",TRUE,"DLBCL","SIM-F046",58,"Male","Black",1,"II",2011,"Private","Middle",NA,1,8,277,316.651666907343,1
"SYN-DLBCL-001276",TRUE,"DLBCL","SIM-F059",90,"Female","Hispanic",1,"II",2020,"Public","Middle","Academic",0,9,NA,319.128962103277,0
"SYN-DLBCL-001277",TRUE,"DLBCL","SIM-F005",47,"Female","Hispanic",1,"I",2017,"Public","Middle",NA,1,28,NA,206.932008136064,0
"SYN-DLBCL-001278",TRUE,"DLBCL","SIM-F058",64,"Female","Hispanic",0,"I",2011,"Public","Lower","Academic",0,32,NA,475.046170279384,0
"SYN-DLBCL-001279",TRUE,"DLBCL","SIM-F031",56,"Female","Black",1,"III",2018,"Private","Middle","Academic",1,36,136,1712.37373627199,1
"SYN-DLBCL-001280",TRUE,"DLBCL","SIM-F054",34,"Female","Other",1,"I",2020,NA,"Lower","Integrated",1,42,172,2763.32213725778,0
"SYN-DLBCL-001281",TRUE,"DLBCL","SIM-F053",73,"Male","Hispanic",1,"II",2020,"Private","Lower","Academic",1,33,296,NA,1
"SYN-DLBCL-001282",TRUE,"DLBCL","SIM-F051",74,"Male","Hispanic",0,"II",2018,"Private","Middle","Community",1,31,103,1657.65296575216,1
"SYN-DLBCL-001283",TRUE,"DLBCL","SIM-F060",60,"Male","Black",1,"II",2015,NA,"Lower","Academic",1,8,80,2598.90050676418,0
"SYN-DLBCL-001284",TRUE,"DLBCL","SIM-F020",65,"Female","Black",2,"I",2016,"Public","Middle","Community",0,37,NA,840.795775744217,1
"SYN-DLBCL-001285",TRUE,"DLBCL","SIM-F058",59,"Female","Other",0,"III",2013,"Private","Higher","Academic",0,32,NA,3249.87188819447,0
"SYN-DLBCL-001286",TRUE,"DLBCL","SIM-F002",42,"Male","Other",1,"II",2011,"Private","Lower",NA,1,41,NA,78.3021883095472,1
"SYN-DLBCL-001287",TRUE,"DLBCL","SIM-F027",63,"Female","Hispanic",0,"II",2013,"Private","Higher","Integrated",1,21,286,1762.63822769051,1
"SYN-DLBCL-001288",TRUE,"DLBCL","SIM-F033",68,"Male","Other",0,"II",2021,"Public","Higher",NA,1,16,134,975.510731618889,1
"SYN-DLBCL-001289",TRUE,"DLBCL","SIM-F030",65,"Female","Hispanic",0,"II",2012,"Public","Middle","Academic",0,24,NA,823.28683321926,1
"SYN-DLBCL-001290",TRUE,"DLBCL","SIM-F019",65,"Male","Other",2,"IV",2012,NA,"Middle","Academic",1,24,147,555.082481043741,1
"SYN-DLBCL-001291",TRUE,"DLBCL","SIM-F032",37,"Male","Other",1,"II",2016,"Private","Lower","Academic",0,13,NA,401.356004825809,1
"SYN-DLBCL-001292",TRUE,"DLBCL","SIM-F041",49,"Male","Black",1,"I",2019,"Private","Lower",NA,0,23,NA,665.259721935072,1
"SYN-DLBCL-001293",TRUE,"DLBCL","SIM-F055",48,"Female","Other",2,"II",2012,"Public","Middle","Academic",0,375,NA,2622.01875748229,0
"SYN-DLBCL-001294",TRUE,"DLBCL","SIM-F043",56,"Male","Black",0,"III",2021,"Private","Middle","Integrated",0,7,NA,1301.66214367628,1
"SYN-DLBCL-001295",TRUE,"DLBCL","SIM-F006",66,"Male","Other",0,"III",2010,"Public","Middle","Integrated",0,34,NA,241.106659192384,1
"SYN-DLBCL-001296",TRUE,"DLBCL","SIM-F010",80,"Male","Other",0,"I",2012,"Public","Middle","Integrated",0,45,NA,2153.06341051108,1
"SYN-DLBCL-001297",TRUE,"DLBCL","SIM-F014",56,"Male","Hispanic",0,"II",2017,"Public","Higher","Integrated",1,NA,NA,20.074064688186,1
"SYN-DLBCL-001298",TRUE,"DLBCL","SIM-F027",66,"Female","Hispanic",0,"II",2011,"Public","Middle","Integrated",1,33,54,3226.27282301197,0
"SYN-DLBCL-001299",TRUE,"DLBCL","SIM-F049",62,"Male","Other",1,"II",2021,"Public","Higher","Academic",1,12,272,1768.70126970112,0
"SYN-DLBCL-001300",TRUE,"DLBCL","SIM-F038",81,"Male","Hispanic",0,"II",2017,"Public","Middle","Community",0,10,NA,1518.58167600236,0
"SYN-DLBCL-001301",TRUE,"DLBCL","SIM-F058",57,"Male","Hispanic",0,"I",2020,"Public","Lower","Academic",1,15,189,3146.28102346556,0
"SYN-DLBCL-001302",TRUE,"DLBCL","SIM-F017",58,"Male","Black",0,"II",2012,"Private",NA,"Academic",1,10,186,554.04839316274,0
"SYN-DLBCL-001303",TRUE,"DLBCL","SIM-F014",65,"Male","Black",0,"II",2011,"Private","Higher","Integrated",1,31,214,1652.64502247795,0
"SYN-DLBCL-001304",TRUE,"DLBCL","SIM-F006",45,"Male","Black",0,"II",2019,"Private","Middle","Integrated",1,43,97,465.670380804579,1
"SYN-DLBCL-001305",TRUE,"DLBCL","SIM-F029",50,"Male","Black",0,"III",2012,"Public","Lower","Integrated",1,23,145,2591.89075926202,0
"SYN-DLBCL-001306",TRUE,"DLBCL","SIM-F021",60,"Male","Hispanic",1,"II",2019,"Private","Higher","Community",0,40,NA,1129.97878838231,1
"SYN-DLBCL-001307",TRUE,"DLBCL","SIM-F060",52,"Male","Hispanic",0,"I",2016,"Private","Middle","Academic",1,13,48,1489.19519643765,0
"SYN-DLBCL-001308",TRUE,"DLBCL","SIM-F036",49,"Female","Other",1,"III",2013,"Private","Middle","Academic",1,42,299,1122.17706513638,1
"SYN-DLBCL-001309",TRUE,"DLBCL","SIM-F041",63,"Male","Other",1,"I",2017,"Public","Lower","Academic",0,34,NA,2003.43140980872,1
"SYN-DLBCL-001310",TRUE,"DLBCL","SIM-F027",76,"Female","Other",2,"II",2017,"Public","Middle","Integrated",1,40,295,588.502228747349,1
"SYN-DLBCL-001311",TRUE,"DLBCL","SIM-F006",53,"Female","Other",1,"I",2021,"Public","Higher","Integrated",1,35,NA,2931.3799955498,0
"SYN-DLBCL-001312",TRUE,"DLBCL","SIM-F004",55,"Male","Hispanic",1,"III",2021,"Public","Higher","Community",0,16,NA,1790.9189485095,0
"SYN-DLBCL-001313",TRUE,"DLBCL","SIM-F023",33,"Male","Other",0,"IV",2015,"Private",NA,"Integrated",1,5,152,1961.10739689293,1
"SYN-DLBCL-001314",TRUE,"DLBCL","SIM-F048",71,"Male","Black",0,"I",2014,"Private","Higher","Community",0,12,NA,2719.26351307426,0
"SYN-DLBCL-001315",TRUE,"DLBCL","SIM-F010",82,"Female","Other",1,"I",2021,"Private","Middle",NA,0,33,NA,848.094289941544,0
"SYN-DLBCL-001316",TRUE,"DLBCL","SIM-F001",58,"Female","Black",1,"I",2017,"Private","Lower","Community",0,24,NA,1057.28935437252,1
"SYN-DLBCL-001317",TRUE,"DLBCL","SIM-F016",59,"Female","Black",1,"I",2010,"Private","Higher","Academic",0,36,NA,2290.95488672261,0
"SYN-DLBCL-001318",TRUE,"DLBCL","SIM-F023",47,"Female","Other",0,"II",2021,"Private","Higher","Integrated",0,39,NA,153.994389755617,1
"SYN-DLBCL-001319",TRUE,"DLBCL","SIM-F020",69,"Female","Hispanic",0,"I",2016,"Public",NA,"Community",0,37,NA,454.075277168921,1
"SYN-DLBCL-001320",TRUE,"DLBCL","SIM-F046",58,"Female","Other",2,"I",2019,"Private","Lower","Academic",0,16,NA,2110.3342015855,0
"SYN-DLBCL-001321",TRUE,"DLBCL","SIM-F060",69,"Male","Hispanic",0,"IV",2010,"Private","Lower","Academic",0,36,NA,1315.12351793875,0
"SYN-DLBCL-001322",TRUE,"DLBCL","SIM-F058",83,"Female","Other",2,"II",2021,"Public","Lower","Academic",0,35,NA,1904.5708658488,0
"SYN-DLBCL-001323",TRUE,"DLBCL","SIM-F012",66,"Female","Black",1,"II",2014,"Private","Higher","Community",1,16,124,433.990809217468,1
"SYN-DLBCL-001324",TRUE,"DLBCL","SIM-F046",57,"Male","Hispanic",2,"I",2013,"Private","Higher","Academic",0,15,NA,29.5389590508142,1
"SYN-DLBCL-001325",TRUE,"DLBCL","SIM-F001",23,"Male","Other",0,"II",2010,"Private","Middle","Community",1,18,193,2726.5279241628,0
"SYN-DLBCL-001326",TRUE,"DLBCL","SIM-F032",41,"Female","Hispanic",0,"I",2015,"Private","Lower","Academic",1,42,243,510.571923479994,1
"SYN-DLBCL-001327",TRUE,"DLBCL","SIM-F053",76,"Male","Black",0,"I",2011,"Public","Middle","Academic",0,31,NA,2036.2352077972,1
"SYN-DLBCL-001328",TRUE,"DLBCL","SIM-F024",70,"Male","Other",0,"II",2016,"Private","Middle","Integrated",1,6,203,1480.3292484268,1
"SYN-DLBCL-001329",TRUE,"DLBCL","SIM-F006",56,"Female","Other",1,"I",2015,"Public","Higher","Integrated",1,13,165,1472.12002224056,0
"SYN-DLBCL-001330",TRUE,"DLBCL","SIM-F053",70,"Male","Hispanic",0,"I",2020,"Public","Higher","Academic",0,15,NA,784.777064582206,1
"SYN-DLBCL-001331",TRUE,"DLBCL","SIM-F031",50,"Female","Hispanic",1,"I",2016,"Private","Lower","Academic",1,23,103,2413.28550233971,0
"SYN-DLBCL-001332",TRUE,"DLBCL","SIM-F004",48,"Male","Black",0,"I",2016,"Private","Middle","Community",0,7,NA,2542.65670118271,0
"SYN-DLBCL-001333",TRUE,"DLBCL","SIM-F033",60,"Female","Hispanic",1,"I",2016,"Public","Higher","Community",0,43,NA,3147.17675940716,0
"SYN-DLBCL-001334",TRUE,"DLBCL","SIM-F025",26,"Female","Black",0,"II",2011,"Private","Higher","Integrated",0,19,NA,1885.07314186078,0
"SYN-DLBCL-001335",TRUE,"DLBCL","SIM-F044",51,"Male","Other",1,"IV",2012,"Private","Middle","Academic",1,5,152,2674.62195990607,0
"SYN-DLBCL-001336",TRUE,"DLBCL","SIM-F003",74,"Male","Black",0,"II",2022,"Public","Lower","Integrated",0,37,NA,2396.66091608965,1
"SYN-DLBCL-001337",TRUE,"DLBCL","SIM-F038",73,"Male","Black",1,"II",2015,"Public","Higher","Community",1,35,243,602.384955414918,1
"SYN-DLBCL-001338",TRUE,"DLBCL","SIM-F048",56,"Male","Hispanic",2,"I",2012,"Public","Higher","Community",1,17,187,2132.8816590206,1
"SYN-DLBCL-001339",TRUE,"DLBCL","SIM-F024",38,"Female","Hispanic",0,"III",2010,"Private","Middle","Integrated",0,14,NA,602.112397416229,NA
"SYN-DLBCL-001340",TRUE,"DLBCL","SIM-F042",51,"Female","Hispanic",0,"II",2014,"Private","Lower","Academic",1,38,316,2530.33173009404,0
"SYN-DLBCL-001341",TRUE,"DLBCL","SIM-F038",80,"Female","Black",0,"I",2010,"Public","Higher","Community",1,29,157,688.41097922,1
"SYN-DLBCL-001342",TRUE,"DLBCL","SIM-F005",67,"Male","Black",0,"II",2012,"Private","Lower","Community",1,38,132,551.608995317611,1
"SYN-DLBCL-001343",TRUE,"DLBCL","SIM-F034",55,"Female","Other",1,"II",2012,"Public","Lower","Community",1,14,213,2061.57439598247,1
"SYN-DLBCL-001344",TRUE,"DLBCL","SIM-F024",66,"Female","Hispanic",0,"II",2013,"Public","Higher","Integrated",0,15,NA,2470.31920792884,0
"SYN-DLBCL-001345",TRUE,"DLBCL","SIM-F014",69,"Female","Black",1,"III",2015,"Public","Higher","Integrated",0,39,NA,2518.40565605322,0
"SYN-DLBCL-001346",TRUE,"DLBCL","SIM-F023",59,"Male","Black",1,"I",2011,"Private","Higher","Integrated",0,6,NA,2847.15164316236,0
"SYN-DLBCL-001347",TRUE,"DLBCL","SIM-F036",43,"Male","Black",0,"IV",2018,"Public","Middle","Academic",1,21,241,2097.16150679975,0
"SYN-DLBCL-001348",TRUE,"DLBCL","SIM-F059",58,"Male","Other",0,"I",2020,"Private","Middle","Academic",0,23,NA,1638.94148368141,1
"SYN-DLBCL-001349",TRUE,"DLBCL","SIM-F047",72,"Female","Other",0,"I",2010,"Public","Lower","Integrated",0,42,NA,2145.01260291669,0
"SYN-DLBCL-001350",TRUE,"DLBCL","SIM-F020",64,"Male","Hispanic",1,"III",2016,"Private","Higher","Community",0,5,NA,1307.42201450639,1
"SYN-DLBCL-001351",TRUE,"DLBCL","SIM-F027",69,"Female","Hispanic",1,"I",2012,"Public","Lower","Integrated",0,22,NA,1143.86534512276,1
"SYN-DLBCL-001352",TRUE,"DLBCL","SIM-F015",59,"Male","Hispanic",0,"II",2015,"Public",NA,"Academic",0,23,NA,695.104842341564,1
"SYN-DLBCL-001353",TRUE,"DLBCL","SIM-F050",41,"Female","Other",0,"II",2018,"Private","Middle","Academic",1,26,116,1494.93235176429,0
"SYN-DLBCL-001354",TRUE,"DLBCL","SIM-F013",85,"Female","Other",1,"II",2020,"Public","Middle","Integrated",0,43,NA,741.444585726123,1
"SYN-DLBCL-001355",TRUE,"DLBCL","SIM-F055",48,"Female","Other",0,"II",2019,"Public","Lower","Academic",0,35,NA,2217.82149619772,0
"SYN-DLBCL-001356",TRUE,"DLBCL","SIM-F006",59,"Male","Hispanic",1,"II",2010,"Private","Lower","Integrated",0,28,NA,218.197524441766,1
"SYN-DLBCL-001357",TRUE,"DLBCL","SIM-F029",66,"Male","Black",1,"I",2016,"Private","Middle","Integrated",1,22,122,281.902964562178,0
"SYN-DLBCL-001358",TRUE,"DLBCL","SIM-F031",75,"Male","Other",0,"I",2018,"Private","Higher","Academic",1,27,146,240.79533226728,1
"SYN-DLBCL-001359",TRUE,"DLBCL","SIM-F041",46,"Female","Other",0,"II",2021,"Private",NA,"Academic",0,39,NA,1225.67315480524,1
"SYN-DLBCL-001360",TRUE,"DLBCL","SIM-F053",73,"Female","Hispanic",1,"IV",2014,"Private","Lower","Academic",1,30,NA,2161.82410913403,0
"SYN-DLBCL-001361",TRUE,"DLBCL","SIM-F030",55,"Male","Other",0,"II",2011,"Private","Higher",NA,1,25,280,1818.5512815099,1
"SYN-DLBCL-001362",TRUE,"DLBCL","SIM-F026",57,"Male","Hispanic",2,"II",2020,"Private","Middle","Academic",0,36,NA,2434.67946191919,1
"SYN-DLBCL-001363",TRUE,"DLBCL","SIM-F009",71,"Female","Black",1,"I",2016,"Public","Middle","Community",0,37,NA,2107.66850732478,1
"SYN-DLBCL-001364",TRUE,"DLBCL","SIM-F052",58,"Male","Hispanic",0,"IV",2019,"Private","Middle","Academic",1,35,75,2787.94265400735,0
"SYN-DLBCL-001365",TRUE,"DLBCL","SIM-F059",58,"Female","Hispanic",0,"I",2019,NA,"Higher","Academic",1,44,141,2938.07237037341,0
"SYN-DLBCL-001366",TRUE,"DLBCL","SIM-F058",74,"Male","Other",2,"I",2020,"Public","Lower","Academic",0,21,NA,2239.46751734125,0
"SYN-DLBCL-001367",TRUE,"DLBCL","SIM-F043",55,"Male","Black",0,"II",2013,"Private","Higher","Integrated",0,6,NA,74.9795579910278,0
"SYN-DLBCL-001368",TRUE,"DLBCL","SIM-F060",67,"Male","Hispanic",2,"III",2014,"Public","Lower","Academic",0,24,NA,303.669801475933,1
"SYN-DLBCL-001369",TRUE,"DLBCL","SIM-F020",57,"Female","Other",0,"II",2021,"Public","Lower","Community",1,13,76,3257.73470668006,0
"SYN-DLBCL-001370",TRUE,"DLBCL","SIM-F020",56,"Male","Hispanic",0,"II",2012,"Public","Middle","Community",1,7,252,1591.10379785968,1
"SYN-DLBCL-001371",TRUE,"DLBCL","SIM-F022",44,"Female","Black",1,"II",2022,"Private","Middle","Integrated",1,6,242,2312.62413334567,0
"SYN-DLBCL-001372",TRUE,"DLBCL","SIM-F039",58,"Male","Hispanic",0,"II",2011,"Public","Higher","Integrated",1,18,NA,127.203122865609,0
"SYN-DLBCL-001373",TRUE,"DLBCL","SIM-F011",68,"Female","Black",1,"III",2022,"Public","Higher","Integrated",0,13,NA,873.276189271987,1
"SYN-DLBCL-001374",TRUE,"DLBCL","SIM-F022",75,"Male","Hispanic",1,"II",2020,"Public","Higher",NA,0,24,NA,39.496051260167,1
"SYN-DLBCL-001375",TRUE,"DLBCL","SIM-F005",69,"Male","Hispanic",0,"III",2016,"Private","Higher","Community",1,29,207,745.611079372466,0
"SYN-DLBCL-001376",TRUE,"DLBCL","SIM-F036",69,"Female","Other",0,"I",2010,"Private","Higher","Academic",1,7,30,1306.4319078081,1
"SYN-DLBCL-001377",TRUE,"DLBCL","SIM-F023",67,"Male","Black",1,"III",2012,"Public","Middle","Integrated",0,32,NA,1590.09767335025,0
"SYN-DLBCL-001378",TRUE,"DLBCL","SIM-F051",52,"Male","Hispanic",2,"II",2016,"Public","Higher","Community",0,30,NA,985.65858292682,0
"SYN-DLBCL-001379",TRUE,"DLBCL","SIM-F006",68,"Female","Other",0,"III",2012,"Private","Higher","Integrated",0,41,NA,581.32864382118,0
"SYN-DLBCL-001380",TRUE,"DLBCL","SIM-F050",56,"Male","Other",1,"II",2014,"Private","Higher","Academic",1,29,221,2567.52268081415,0
"SYN-DLBCL-001381",TRUE,"DLBCL","SIM-F052",67,"Male","Hispanic",1,"II",2020,"Public","Lower","Academic",0,35,NA,698.300007517818,1
"SYN-DLBCL-001382",TRUE,"DLBCL","SIM-F058",87,"Male","Black",2,"III",2021,"Public","Higher","Academic",1,21,156,195.738991276884,1
"SYN-DLBCL-001383",TRUE,"DLBCL","SIM-F044",63,"Male","Hispanic",0,"I",2012,"Private","Higher","Academic",0,44,NA,103.675808750197,1
"SYN-DLBCL-001384",TRUE,"DLBCL","SIM-F016",79,"Female","Black",0,"II",2020,NA,"Middle","Academic",0,23,NA,23.7105366401374,0
"SYN-DLBCL-001385",TRUE,"DLBCL","SIM-F021",78,"Female","Hispanic",2,"II",2022,"Public","Middle","Community",0,15,NA,841.997226725995,1
"SYN-DLBCL-001386",TRUE,"DLBCL","SIM-F033",53,"Male","Other",0,"I",2013,"Private","Lower","Community",0,32,NA,1394.79705831386,1
"SYN-DLBCL-001387",TRUE,"DLBCL","SIM-F056",48,"Female","Hispanic",1,"II",2016,"Private","Middle","Academic",1,7,NA,120.876115018129,0
"SYN-DLBCL-001388",TRUE,"DLBCL","SIM-F047",84,"Male","Black",1,"I",2022,"Public","Higher","Integrated",0,35,NA,1380.03958356455,1
"SYN-DLBCL-001389",TRUE,"DLBCL","SIM-F001",65,"Female","Hispanic",0,"II",2017,"Private","Higher","Community",1,34,197,1890.14753754833,0
"SYN-DLBCL-001390",TRUE,"DLBCL","SIM-F053",72,"Male","Hispanic",1,"II",2010,"Public","Middle","Academic",0,36,NA,2675.81330368342,1
"SYN-DLBCL-001391",TRUE,"DLBCL","SIM-F002",35,"Male","Black",1,"I",2022,"Private","Lower","Academic",1,22,224,1389.92508431167,1
"SYN-DLBCL-001392",TRUE,"DLBCL","SIM-F018",62,"Male","Black",0,"II",2018,"Private","Lower","Integrated",0,375,NA,139.636184424162,0
"SYN-DLBCL-001393",TRUE,"DLBCL","SIM-F035",58,"Female","Other",0,"II",2010,"Public",NA,"Integrated",0,24,NA,110.73603188619,0
"SYN-DLBCL-001394",TRUE,"DLBCL","SIM-F004",64,"Male","Other",0,"II",2016,"Public",NA,"Community",0,24,NA,499.974523337647,1
"SYN-DLBCL-001395",TRUE,"DLBCL","SIM-F019",74,"Female","Black",0,"IV",2021,"Public","Middle","Academic",1,12,258,2281.99822544353,0
"SYN-DLBCL-001396",TRUE,"DLBCL","SIM-F057",47,"Male","Other",1,"III",2015,"Private","Higher","Community",0,40,NA,1533.77888243063,0
"SYN-DLBCL-001397",TRUE,"DLBCL","SIM-F051",72,"Male","Hispanic",2,"II",2018,"Private","Higher","Community",1,16,157,2244.78087852127,0
"SYN-DLBCL-001398",TRUE,"DLBCL","SIM-F005",72,"Male","Hispanic",0,"II",2014,"Public","Middle","Community",0,26,NA,781.055668594949,1
"SYN-DLBCL-001399",TRUE,"DLBCL","SIM-F053",72,"Female","Hispanic",1,"IV",2013,"Private","Higher",NA,1,5,118,2932.71796163669,1
"SYN-DLBCL-001400",TRUE,"DLBCL","SIM-F043",65,"Female","Black",1,"I",2011,"Private","Middle","Integrated",0,29,NA,2010.67028335179,0
"SYN-DLBCL-001401",TRUE,"DLBCL","SIM-F039",40,"Female","Hispanic",0,"I",2017,"Private","Middle","Integrated",1,36,272,733.454785729693,0
"SYN-DLBCL-001402",TRUE,"DLBCL","SIM-F018",71,"Male","Hispanic",0,"II",2015,"Private","Middle","Integrated",0,12,NA,445.446215990676,1
"SYN-DLBCL-001403",TRUE,"DLBCL","SIM-F058",80,"Male","Hispanic",1,"II",2020,"Public","Higher",NA,1,28,76,478.70144310587,1
"SYN-DLBCL-001404",TRUE,"DLBCL","SIM-F030",83,"Male","Other",2,"II",2012,"Public","Higher","Academic",0,6,NA,285.584614656422,1
"SYN-DLBCL-001405",TRUE,"DLBCL","SIM-F017",47,"Male","Other",1,"II",2013,"Private","Lower","Academic",1,40,NA,246.447813292102,1
"SYN-DLBCL-001406",TRUE,"DLBCL","SIM-F029",70,"Female","Hispanic",0,"II",2013,"Private","Higher","Integrated",0,16,NA,1474.53978851316,0
"SYN-DLBCL-001407",TRUE,"DLBCL","SIM-F001",54,"Male","Other",0,"I",2012,"Private","Higher","Community",1,43,108,2076.05263256805,1
"SYN-DLBCL-001408",TRUE,"DLBCL","SIM-F030",70,"Male","Hispanic",0,"II",2014,NA,"Higher","Academic",0,22,NA,2471.98238919606,0
"SYN-DLBCL-001409",TRUE,"DLBCL","SIM-F032",55,"Male","Other",0,"I",2010,"Private","Higher","Academic",0,20,NA,912.055601585967,1
"SYN-DLBCL-001410",TRUE,"DLBCL","SIM-F041",60,"Female","Hispanic",1,"III",2022,"Public","Higher","Academic",0,14,NA,583.525751442716,1
"SYN-DLBCL-001411",TRUE,"DLBCL","SIM-F035",51,"Female","Black",1,"II",2017,"Private","Middle","Integrated",0,35,NA,1035.34552768989,0
"SYN-DLBCL-001412",TRUE,"DLBCL","SIM-F041",50,"Female","Black",0,"I",2022,"Private","Lower","Academic",1,10,233,1148.53479327634,0
"SYN-DLBCL-001413",TRUE,"DLBCL","SIM-F016",59,"Male","Black",0,"III",2013,"Public","Higher","Academic",0,35,NA,523.560295082767,1
"SYN-DLBCL-001414",TRUE,"DLBCL","SIM-F013",60,"Female","Black",0,"I",2021,"Public","Higher","Integrated",0,20,NA,1610.12492161477,0
"SYN-DLBCL-001415",TRUE,"DLBCL","SIM-F049",71,"Female","Black",0,"II",2022,"Public","Higher","Academic",1,28,242,558.495194732812,1
"SYN-DLBCL-001416",TRUE,"DLBCL","SIM-F051",71,"Female","Black",1,"I",2015,"Private","Middle","Community",1,38,263,1380.01820353302,1
"SYN-DLBCL-001417",TRUE,"DLBCL","SIM-F054",61,"Female","Hispanic",1,"II",2011,"Public","Lower","Integrated",0,32,NA,939.400826457771,1
"SYN-DLBCL-001418",TRUE,"DLBCL","SIM-F045",57,"Female","Other",0,"I",2022,"Public","Middle","Community",1,36,122,1048.23895087004,1
"SYN-DLBCL-001419",TRUE,"DLBCL","SIM-F059",61,"Male","Black",1,"I",2012,NA,"Higher","Academic",0,37,NA,1789.76209365879,0
"SYN-DLBCL-001420",TRUE,"DLBCL","SIM-F039",66,"Male","Black",0,"II",2020,"Public","Higher","Integrated",1,42,74,1611.19063454913,0
"SYN-DLBCL-001421",TRUE,"DLBCL","SIM-F060",61,"Female","Black",0,"II",2015,"Public","Lower","Academic",1,27,302,3156.90542620956,0
"SYN-DLBCL-001422",TRUE,"DLBCL","SIM-F052",41,"Male","Other",1,"I",2015,"Private","Lower","Academic",0,43,NA,2997.89887496969,0
"SYN-DLBCL-001423",TRUE,"DLBCL","SIM-F032",68,"Female","Black",1,"IV",2019,"Private","Higher",NA,1,33,163,2019.16710630603,0
"SYN-DLBCL-001424",TRUE,"DLBCL","SIM-F021",73,"Male","Other",1,"II",2022,"Private","Higher","Community",0,42,NA,2554.31649838241,1
"SYN-DLBCL-001425",TRUE,"DLBCL","SIM-F055",75,"Female","Black",0,"III",2011,"Private","Middle","Academic",1,7,119,2959.28719278541,0
"SYN-DLBCL-001426",TRUE,"DLBCL","SIM-F059",84,"Male","Black",0,"I",2010,"Private","Middle","Academic",0,41,NA,1730.68337800525,1
"SYN-DLBCL-001427",TRUE,"DLBCL","SIM-F049",69,"Female","Other",2,"I",2020,"Private","Higher","Academic",0,9,NA,885.001783171947,1
"SYN-DLBCL-001428",TRUE,"DLBCL","SIM-F033",57,"Male","Black",0,"II",2019,"Private","Higher",NA,1,25,193,1945.43500440428,0
"SYN-DLBCL-001429",TRUE,"DLBCL","SIM-F033",62,"Female","Black",1,"II",2018,"Private","Lower","Community",0,8,NA,3246.64626982645,0
"SYN-DLBCL-001430",TRUE,"DLBCL","SIM-F018",69,"Female","Black",0,"II",2022,"Private","Lower","Integrated",1,31,127,600.203917611517,1
"SYN-DLBCL-001431",TRUE,"DLBCL","SIM-F003",60,"Female","Other",1,"II",2010,"Public","Middle","Integrated",0,24,NA,1909.73834616831,0
"SYN-DLBCL-001432",TRUE,"DLBCL","SIM-F013",71,"Male","Other",0,"II",2020,"Private","Middle","Integrated",1,42,126,1476.22806053492,0
"SYN-DLBCL-001433",TRUE,"DLBCL","SIM-F057",68,"Male","Hispanic",1,"II",2016,NA,"Middle","Community",0,22,NA,1152.77436052585,1
"SYN-DLBCL-001434",TRUE,"DLBCL","SIM-F039",84,"Female","Hispanic",1,"III",2011,"Public","Higher","Integrated",0,24,NA,1533.30751469708,0
"SYN-DLBCL-001435",TRUE,"DLBCL","SIM-F003",25,"Male","Black",1,"II",2011,"Private","Lower","Integrated",1,25,NA,2561.32000374724,0
"SYN-DLBCL-001436",TRUE,"DLBCL","SIM-F034",49,"Female","Hispanic",1,"I",2013,"Private","Lower","Community",0,7,NA,2763.86435844703,0
"SYN-DLBCL-001437",TRUE,"DLBCL","SIM-F002",43,"Male","Other",0,"II",2013,"Private","Middle","Academic",0,17,NA,1610.31155833974,0
"SYN-DLBCL-001438",TRUE,"DLBCL","SIM-F009",44,"Male","Hispanic",0,"I",2021,"Public","Lower","Community",1,34,285,3115.82737010554,0
"SYN-DLBCL-001439",TRUE,"DLBCL","SIM-F025",55,"Male","Other",1,"I",2010,"Public","Higher","Integrated",0,42,NA,198.736135438972,1
"SYN-DLBCL-001440",TRUE,"DLBCL","SIM-F021",75,"Male","Black",1,"II",2020,"Private","Lower",NA,0,8,NA,45.8858421631157,0
"SYN-DLBCL-001441",TRUE,"DLBCL","SIM-F018",75,"Male","Hispanic",0,"I",2017,"Public","Middle",NA,1,30,302,832.096640814591,1
"SYN-DLBCL-001442",TRUE,"DLBCL","SIM-F048",41,"Male","Black",0,"II",2014,"Private","Lower","Community",1,11,256,2137.61017786106,0
"SYN-DLBCL-001443",TRUE,"DLBCL","SIM-F031",66,"Female","Black",2,"II",2018,"Private","Lower",NA,0,21,NA,63.6344760283828,0
"SYN-DLBCL-001444",TRUE,"DLBCL","SIM-F004",47,"Male","Hispanic",0,"I",2018,"Private","Higher","Community",1,11,NA,88.866027069035,1
"SYN-DLBCL-001445",TRUE,"DLBCL","SIM-F010",61,"Male","Other",0,"III",2014,"Private","Lower","Integrated",1,38,182,323.253962383808,1
"SYN-DLBCL-001446",TRUE,"DLBCL","SIM-F026",68,"Male","Other",2,"III",2010,"Private","Higher","Academic",0,375,NA,2040.75728313415,0
"SYN-DLBCL-001447",TRUE,"DLBCL","SIM-F023",70,"Male","Other",1,"II",2010,"Private","Higher","Integrated",0,41,NA,435.126578297987,1
"SYN-DLBCL-001448",TRUE,"DLBCL","SIM-F005",42,"Female","Other",0,"II",2017,"Private","Lower","Community",1,11,269,1255.84877735004,0
"SYN-DLBCL-001449",TRUE,"DLBCL","SIM-F056",56,"Male","Other",1,"II",2018,"Private","Lower","Academic",0,35,NA,1892.13586065685,0
"SYN-DLBCL-001450",TRUE,"DLBCL","SIM-F011",43,"Female","Black",0,"II",2017,"Private","Lower","Integrated",1,39,99,2927.89046742488,0
"SYN-DLBCL-001451",TRUE,"DLBCL","SIM-F040",66,"Female","Other",1,"I",2011,NA,"Higher","Community",0,33,NA,2548.55668729404,1
"SYN-DLBCL-001452",TRUE,"DLBCL","SIM-F018",51,"Female","Hispanic",0,"II",2016,"Public","Lower","Integrated",1,27,88,137.78509847975,1
"SYN-DLBCL-001453",TRUE,"DLBCL","SIM-F034",65,"Female","Other",0,"III",2017,"Private","Middle","Community",0,23,NA,1780.12575853732,0
"SYN-DLBCL-001454",TRUE,"DLBCL","SIM-F053",90,"Male","Hispanic",1,"I",2011,"Public","Higher","Academic",0,7,NA,1415.3732247951,1
"SYN-DLBCL-001455",TRUE,"DLBCL","SIM-F053",70,"Male","Black",1,"I",2017,"Public",NA,"Academic",0,16,NA,2926.31989615853,0
"SYN-DLBCL-001456",TRUE,"DLBCL","SIM-F048",48,"Male","Hispanic",0,"II",2020,"Private","Higher","Community",0,14,NA,538.657672608261,0
"SYN-DLBCL-001457",TRUE,"DLBCL","SIM-F030",46,"Male","Black",1,"II",2020,"Private","Lower","Academic",1,11,155,2313.63639196331,1
"SYN-DLBCL-001458",TRUE,"DLBCL","SIM-F006",37,"Female","Other",0,"I",2022,"Private","Middle","Integrated",1,20,49,3174.08656806452,0
"SYN-DLBCL-001459",TRUE,"DLBCL","SIM-F012",46,"Female","Other",0,"IV",2020,"Private","Middle","Community",0,26,NA,1701.8310774432,0
"SYN-DLBCL-001460",TRUE,"DLBCL","SIM-F022",72,"Female","Other",0,"II",2010,"Public","Higher","Integrated",0,16,NA,506.902568483186,1
"SYN-DLBCL-001461",TRUE,"DLBCL","SIM-F035",50,"Female","Other",0,"II",2022,"Private","Middle","Integrated",0,10,NA,142.222403883934,0
"SYN-DLBCL-001462",TRUE,"DLBCL","SIM-F001",62,"Male","Black",0,"I",2022,"Public","Higher","Community",0,22,NA,438.857221537205,1
"SYN-DLBCL-001463",TRUE,"DLBCL","SIM-F048",71,"Male","Black",1,"I",2014,"Public",NA,"Community",0,19,NA,3022.90642086533,0
"SYN-DLBCL-001464",TRUE,"DLBCL","SIM-F049",67,"Female","Other",0,"I",2016,"Private",NA,"Academic",0,33,NA,2780.30004862463,0
"SYN-DLBCL-001465",TRUE,"DLBCL","SIM-F060",61,"Male","Black",0,"II",2019,"Public","Higher","Academic",1,14,292,3130.33179743448,0
"SYN-DLBCL-001466",TRUE,"DLBCL","SIM-F056",68,"Female","Hispanic",1,"I",2021,"Private","Lower","Academic",1,9,236,445.634182431458,1
"SYN-DLBCL-001467",TRUE,"DLBCL","SIM-F003",66,"Male","Black",1,"III",2014,"Public","Higher","Integrated",0,17,NA,116.492497759286,1
"SYN-DLBCL-001468",TRUE,"DLBCL","SIM-F052",61,"Female","Black",0,"III",2011,"Private","Middle","Academic",0,8,NA,1647.35445087659,0
"SYN-DLBCL-001469",TRUE,"DLBCL","SIM-F055",61,"Male","Hispanic",0,"II",2021,"Public","Lower","Academic",0,31,NA,84.7387431224633,0
"SYN-DLBCL-001470",TRUE,"DLBCL","SIM-F043",80,"Male","Black",0,"III",2012,"Public","Middle","Integrated",0,41,NA,234.702943217029,1
"SYN-DLBCL-001471",TRUE,"DLBCL","SIM-F029",76,"Female","Other",0,"I",2014,"Public","Lower","Integrated",0,15,NA,636.429376938236,1
"SYN-DLBCL-001472",TRUE,"DLBCL","SIM-F037",89,"Female","Hispanic",0,"IV",2011,"Public","Lower","Community",1,21,107,2173.92448905897,1
"SYN-DLBCL-001473",TRUE,"DLBCL","SIM-F042",35,"Female","Black",0,"II",2015,"Private","Higher",NA,1,25,219,3210.22550556459,0
"SYN-DLBCL-001474",TRUE,"DLBCL","SIM-F022",57,"Male","Other",0,"II",2010,"Private",NA,"Integrated",0,39,NA,959.108326618613,1
"SYN-DLBCL-001475",TRUE,"DLBCL","SIM-F035",66,"Male","Other",0,"I",2021,"Private","Middle","Integrated",0,5,NA,2748.48652450833,0
"SYN-DLBCL-001476",TRUE,"DLBCL","SIM-F049",84,"Male","Other",1,"I",2015,"Public","Higher","Academic",0,33,NA,122.326557493379,1
"SYN-DLBCL-001477",TRUE,"DLBCL","SIM-F058",66,"Female","Other",1,"II",2010,NA,"Lower","Academic",0,24,NA,1945.50550902262,0
"SYN-DLBCL-001478",TRUE,"DLBCL","SIM-F039",66,"Male","Black",0,"I",2018,"Public","Higher","Integrated",1,27,212,1770.06491498556,0
"SYN-DLBCL-001479",TRUE,"DLBCL","SIM-F001",79,"Male","Hispanic",0,"I",2014,"Private",NA,"Community",0,26,NA,1599.75997273452,0
"SYN-DLBCL-001480",TRUE,"DLBCL","SIM-F053",59,"Female","Black",1,"I",2010,"Private","Higher","Academic",0,20,NA,2394.11836676532,0
"SYN-DLBCL-001481",TRUE,"DLBCL","SIM-F035",63,"Female","Hispanic",0,"II",2017,"Public","Higher","Integrated",1,16,158,347.098043014193,1
"SYN-DLBCL-001482",TRUE,"DLBCL","SIM-F059",59,"Male","Other",0,"II",2016,"Public","Higher","Academic",0,22,NA,820.096921975951,1
"SYN-DLBCL-001483",TRUE,"DLBCL","SIM-F015",80,"Male","Hispanic",1,"I",2015,"Private","Lower","Academic",0,21,NA,311.215911402374,1
"SYN-DLBCL-001484",TRUE,"DLBCL","SIM-F023",38,"Female","Black",0,"II",2015,"Private","Lower","Integrated",0,43,NA,1873.04618683062,0
"SYN-DLBCL-001485",TRUE,"DLBCL","SIM-F014",68,"Male","Other",0,"II",2019,"Public","Middle","Integrated",1,26,NA,116.687744725496,0
"SYN-DLBCL-001486",TRUE,"DLBCL","SIM-F018",58,"Female","Other",NA,"I",2021,NA,"Middle","Integrated",1,15,65,2853.31013024785,0
"SYN-DLBCL-001487",TRUE,"DLBCL","SIM-F006",60,"Male","Hispanic",1,"II",2017,NA,"Middle","Integrated",0,32,NA,1999.9704108655,0
"SYN-DLBCL-001488",TRUE,"DLBCL","SIM-F033",68,"Male","Black",1,"I",2020,"Public","Lower","Community",0,12,NA,1540.33449976356,0
"SYN-DLBCL-001489",TRUE,"DLBCL","SIM-F035",56,"Female","Other",1,"II",2022,"Private","Middle","Integrated",1,22,265,1092.77617139762,1
"SYN-DLBCL-001490",TRUE,"DLBCL","SIM-F035",53,"Female","Black",1,"I",2018,"Private","Higher","Integrated",0,5,NA,505.515461547195,0
"SYN-DLBCL-001491",TRUE,"DLBCL","SIM-F016",90,"Female","Other",1,"II",2013,"Public","Higher","Academic",0,25,NA,934.763382029422,1
"SYN-DLBCL-001492",TRUE,"DLBCL","SIM-F021",65,"Male","Black",0,"I",2022,"Public","Middle","Community",1,20,92,269.909672308713,0
"SYN-DLBCL-001493",TRUE,"DLBCL","SIM-F059",55,"Male","Black",0,"I",2010,"Public","Higher","Academic",1,18,196,1789.83636981226,0
"SYN-DLBCL-001494",TRUE,"DLBCL","SIM-F007",60,"Male","Other",0,"IV",2014,"Private","Lower","Academic",1,19,69,2918.3516445593,0
"SYN-DLBCL-001495",TRUE,"DLBCL","SIM-F040",71,"Male","Other",0,"II",2018,"Public","Higher","Community",0,12,NA,649.381190137887,0
"SYN-DLBCL-001496",TRUE,"DLBCL","SIM-F005",77,"Male","Other",1,"III",2019,"Private","Higher","Community",0,18,NA,1268.62991351411,1
"SYN-DLBCL-001497",TRUE,"DLBCL","SIM-F052",73,"Male","Black",0,"II",2021,"Private","Middle","Academic",1,17,43,591.501325456623,1
"SYN-DLBCL-001498",TRUE,"DLBCL","SIM-F009",67,"Female","Black",1,"IV",2022,NA,"Middle","Community",0,21,NA,676.94789133317,0
"SYN-DLBCL-001499",TRUE,"DLBCL","SIM-F019",74,"Female","Other",0,"III",2012,"Private","Lower","Academic",0,27,NA,1186.74150449518,0
"SYN-DLBCL-001500",TRUE,"DLBCL","SIM-F053",63,"Male","Black",0,"I",2016,"Private","Lower","Academic",0,29,NA,3094.45986307925,0
"SYN-DLBCL-001501",TRUE,"DLBCL","SIM-F012",48,"Male","Hispanic",0,"II",2017,"Private","Lower","Community",1,31,116,2669.76979014813,0
"SYN-DLBCL-001502",TRUE,"DLBCL","SIM-F020",77,"Male","Other",2,"II",2016,"Public","Lower","Community",0,19,NA,169.145995021047,1
"SYN-DLBCL-001503",TRUE,"DLBCL","SIM-F027",88,"Male","Hispanic",1,"III",2012,"Public","Middle","Integrated",0,23,NA,372.30427485863,1
"SYN-DLBCL-001504",TRUE,"DLBCL","SIM-F028",72,"Female","Hispanic",0,"I",2018,"Public","Middle","Community",1,13,NA,31.1868320677317,1
"SYN-DLBCL-001505",TRUE,"DLBCL","SIM-F019",80,"Male","Hispanic",2,"I",2014,"Private","Lower","Academic",NA,9,NA,71.6749626772091,1
"SYN-DLBCL-001506",TRUE,"DLBCL","SIM-F005",55,"Male","Hispanic",2,"II",2018,"Private","Middle","Community",0,13,NA,103.060963407379,1
"SYN-DLBCL-001507",TRUE,"DLBCL","SIM-F035",68,"Female","Other",0,"III",2015,"Public","Lower","Integrated",1,27,299,3042.42592604365,0
"SYN-DLBCL-001508",TRUE,"DLBCL","SIM-F011",69,"Male","Hispanic",0,"II",2022,"Private","Lower","Integrated",0,38,NA,632.215595340667,0
"SYN-DLBCL-001509",TRUE,"DLBCL","SIM-F024",64,"Female","Black",1,"I",2012,"Private","Lower","Integrated",0,7,NA,1521.35858250269,0
"SYN-DLBCL-001510",TRUE,"DLBCL","SIM-F026",64,"Female","Black",1,"I",2018,"Private","Lower","Academic",1,8,73,1461.71453434135,1
"SYN-DLBCL-001511",TRUE,"DLBCL","SIM-F025",48,"Female","Other",1,"I",2010,"Private","Higher","Integrated",1,23,90,1647.4042119307,0
"SYN-DLBCL-001512",TRUE,"DLBCL","SIM-F047",42,"Female","Hispanic",0,"III",2013,"Private","Higher","Integrated",1,9,153,1900.62294296865,1
"SYN-DLBCL-001513",TRUE,"DLBCL","SIM-F007",54,"Male","Other",0,"III",2013,"Private",NA,"Academic",1,27,249,329.304341096431,0
"SYN-DLBCL-001514",TRUE,"DLBCL","SIM-F057",65,"Male","Black",1,"I",2018,"Public","Higher","Community",1,35,88,1102.99383120457,1
"SYN-DLBCL-001515",TRUE,"DLBCL","SIM-F026",63,"Female","Hispanic",0,"I",2019,"Private","Middle",NA,0,32,NA,233.915035953879,0
"SYN-DLBCL-001516",TRUE,"DLBCL","SIM-F020",57,"Male","Black",0,"I",2010,"Public","Lower",NA,0,45,NA,915.240689153448,1
"SYN-DLBCL-001517",TRUE,"DLBCL","SIM-F024",55,"Female","Other",0,"IV",2014,"Public","Middle","Integrated",0,27,NA,2905.84107784322,0
"SYN-DLBCL-001518",TRUE,"DLBCL","SIM-F018",53,"Female","Black",1,"I",2016,"Private","Higher","Integrated",1,43,NA,1785.32806411618,0
"SYN-DLBCL-001519",TRUE,"DLBCL","SIM-F030",57,"Female","Black",1,"II",2010,"Public","Lower","Academic",1,36,262,306.012903376385,0
"SYN-DLBCL-001520",TRUE,"DLBCL","SIM-F058",36,"Male","Black",0,"II",2017,"Private","Middle","Academic",1,29,185,1862.39567385288,0
"SYN-DLBCL-001521",TRUE,"DLBCL","SIM-F017",62,"Female","Black",1,"I",2011,"Public","Lower","Academic",1,42,201,2525.78152386355,0
"SYN-DLBCL-001522",TRUE,"DLBCL","SIM-F020",53,"Male","Other",1,"IV",2013,"Private",NA,"Community",0,17,NA,1382.23469685744,1
"SYN-DLBCL-001523",TRUE,"DLBCL","SIM-F039",73,"Male","Other",0,"IV",2017,NA,"Middle","Integrated",0,36,NA,596.642741590473,1
"SYN-DLBCL-001524",TRUE,"DLBCL","SIM-F038",60,"Male","Black",0,"I",2015,"Private","Middle","Community",0,23,NA,2986.10471990192,0
"SYN-DLBCL-001525",TRUE,"DLBCL","SIM-F058",73,"Male","Other",2,"II",2011,"Private","Middle","Academic",1,40,NA,109.479670180641,1
"SYN-DLBCL-001526",TRUE,"DLBCL","SIM-F044",49,"Female","Other",1,"I",2014,"Private","Middle","Academic",1,32,193,1435.58327266717,1
"SYN-DLBCL-001527",TRUE,"DLBCL","SIM-F053",53,"Male","Other",0,"I",2022,"Private","Lower","Academic",1,24,253,1940.29304920929,0
"SYN-DLBCL-001528",TRUE,"DLBCL","SIM-F048",50,"Female","Black",0,"I",2018,"Private","Higher","Community",1,32,132,2573.7468229339,0
"SYN-DLBCL-001529",TRUE,"DLBCL","SIM-F018",37,"Male","Other",1,"II",2014,"Private","Higher","Integrated",1,12,266,2906.13323133672,0
"SYN-DLBCL-001530",TRUE,"DLBCL","SIM-F013",69,"Male","Other",1,"II",2019,"Private","Lower","Integrated",1,26,304,522.761125378607,0
"SYN-DLBCL-001531",TRUE,"DLBCL","SIM-F001",68,"Female","Other",1,"III",2011,NA,"Lower","Community",1,35,73,2528.22835505009,0
"SYN-DLBCL-001532",TRUE,"DLBCL","SIM-F040",84,"Female","Hispanic",0,"IV",2018,NA,"Higher","Community",0,13,NA,514.203187815783,1
"SYN-DLBCL-001533",TRUE,"DLBCL","SIM-F003",62,"Female","Hispanic",0,"I",2011,"Public","Middle","Integrated",0,41,NA,1749.22782668378,0
"SYN-DLBCL-001534",TRUE,"DLBCL","SIM-F003",63,"Male","Black",NA,"I",2020,"Public","Middle","Integrated",1,20,159,430.446831712835,1
"SYN-DLBCL-001535",TRUE,"DLBCL","SIM-F016",59,"Male","Other",0,"II",2015,"Private","Higher","Academic",1,5,73,702.592395413648,1
"SYN-DLBCL-001536",TRUE,"DLBCL","SIM-F005",68,"Male","Black",0,"III",2017,"Public","Middle","Community",0,33,NA,2419.82687054202,0
"SYN-DLBCL-001537",TRUE,"DLBCL","SIM-F041",89,"Male","Black",1,"I",2014,"Public","Higher","Academic",1,43,NA,146.39141781728,1
"SYN-DLBCL-001538",TRUE,"DLBCL","SIM-F029",66,"Female","Black",0,"II",2014,"Private",NA,"Integrated",1,31,172,1855.60503892135,0
"SYN-DLBCL-001539",TRUE,"DLBCL","SIM-F038",59,"Male","Black",1,"II",2011,"Private","Middle","Community",0,33,NA,1681.8271613121,0
"SYN-DLBCL-001540",TRUE,"DLBCL","SIM-F014",53,"Male","Black",0,"II",2017,"Private","Middle","Integrated",1,22,271,667.028045227937,1
"SYN-DLBCL-001541",TRUE,"DLBCL","SIM-F031",84,"Male","Other",2,"I",2014,"Public","Lower","Academic",0,22,NA,1823.88882989995,0
"SYN-DLBCL-001542",TRUE,"DLBCL","SIM-F058",77,"Male","Black",0,"I",2010,"Public","Middle",NA,0,27,NA,1850.47127691367,1
"SYN-DLBCL-001543",TRUE,"DLBCL","SIM-F042",86,"Female","Other",1,"II",2022,"Public","Higher","Academic",1,8,235,956.337955281627,1
"SYN-DLBCL-001544",TRUE,"DLBCL","SIM-F060",68,"Male","Hispanic",1,"I",2015,"Private","Middle","Academic",1,26,181,643.515661977002,1
"SYN-DLBCL-001545",TRUE,"DLBCL","SIM-F059",53,"Male","Hispanic",0,"II",2010,"Public","Higher","Academic",0,29,NA,2817.27918767952,0
"SYN-DLBCL-001546",TRUE,"DLBCL","SIM-F050",64,"Male","Hispanic",1,"III",2014,"Public","Lower","Academic",1,25,157,1511.49347159895,0
"SYN-DLBCL-001547",TRUE,"DLBCL","SIM-F035",80,"Female","Black",1,"I",2012,"Public","Lower","Integrated",1,35,NA,181.882926341004,1
"SYN-DLBCL-001548",TRUE,"DLBCL","SIM-F010",76,"Female","Black",1,"II",2016,"Private","Lower","Integrated",0,375,NA,398.419888559729,0
"SYN-DLBCL-001549",TRUE,"DLBCL","SIM-F003",37,"Male","Hispanic",0,"I",2011,"Private","Middle","Integrated",1,39,214,NA,1
"SYN-DLBCL-001550",TRUE,"DLBCL","SIM-F008",76,"Male","Black",0,"I",2010,"Private","Middle","Academic",0,7,NA,1645.89733428671,0
"SYN-DLBCL-001551",TRUE,"DLBCL","SIM-F057",53,"Male","Other",1,"II",2017,"Private","Higher","Community",0,23,NA,1309.53822816904,1
"SYN-DLBCL-001552",TRUE,"DLBCL","SIM-F057",61,"Female","Hispanic",0,"I",2011,"Private","Lower","Community",0,41,NA,873.849446225408,1
"SYN-DLBCL-001553",TRUE,"DLBCL","SIM-F011",60,"Female","Black",0,"II",2010,NA,"Middle","Integrated",1,45,142,1925.61097045443,1
"SYN-DLBCL-001554",TRUE,"DLBCL","SIM-F013",87,"Male","Black",0,"II",2010,"Public","Lower","Integrated",1,9,49,2659.67149578151,0
"SYN-DLBCL-001555",TRUE,"DLBCL","SIM-F019",59,"Male","Other",0,"II",2018,"Public","Higher","Academic",0,42,NA,2263.91041286057,0
"SYN-DLBCL-001556",TRUE,"DLBCL","SIM-F020",47,"Female","Hispanic",1,"III",2021,"Private","Middle","Community",0,33,NA,986.846779048971,1
"SYN-DLBCL-001557",TRUE,"DLBCL","SIM-F034",75,"Male","Other",0,"II",2019,NA,"Higher","Community",0,24,NA,487.356422183675,1
"SYN-DLBCL-001558",TRUE,"DLBCL","SIM-F054",90,"Male","Other",0,"II",2019,"Public","Lower","Integrated",0,12,NA,1470.71418180705,1
"SYN-DLBCL-001559",TRUE,"DLBCL","SIM-F042",71,"Female","Hispanic",1,"II",2010,"Public","Higher","Academic",0,29,NA,520.641146236746,1
"SYN-DLBCL-001560",TRUE,"DLBCL","SIM-F008",69,"Male","Black",2,"I",2018,"Public","Higher","Academic",1,9,144,2188.29057708732,0
"SYN-DLBCL-001561",TRUE,"DLBCL","SIM-F032",70,"Female","Black",0,"I",2013,"Private","Middle","Academic",1,24,86,1351.84784438076,1
"SYN-DLBCL-001562",TRUE,"DLBCL","SIM-F002",75,"Female","Other",2,"II",2012,"Private","Higher","Academic",0,34,NA,886.082585272289,1
"SYN-DLBCL-001563",TRUE,"DLBCL","SIM-F041",71,"Male","Hispanic",0,"I",2015,"Private","Middle","Academic",0,28,NA,1955.92792371404,0
"SYN-DLBCL-001564",TRUE,"DLBCL","SIM-F005",90,"Male","Black",1,"II",2013,"Private","Higher","Community",0,23,NA,901.197395169336,1
"SYN-DLBCL-001565",TRUE,"DLBCL","SIM-F057",26,"Female","Other",0,"II",2015,"Private","Middle","Community",1,22,274,1086.92563610805,0
"SYN-DLBCL-001566",TRUE,"DLBCL","SIM-F044",72,"Male","Hispanic",1,"II",2015,"Public","Lower","Academic",1,31,111,320.956847289698,1
"SYN-DLBCL-001567",TRUE,"DLBCL","SIM-F001",44,"Female","Hispanic",0,"I",2014,"Public","Lower","Community",0,43,NA,791.013575697321,0
"SYN-DLBCL-001568",TRUE,"DLBCL","SIM-F042",31,"Female","Other",0,"II",2015,NA,"Higher","Academic",1,23,210,2186.48649582407,0
"SYN-DLBCL-001569",TRUE,"DLBCL","SIM-F013",44,"Female","Other",0,"II",2013,"Public",NA,"Integrated",1,25,96,1753.34587302292,0
"SYN-DLBCL-001570",TRUE,"DLBCL","SIM-F013",72,"Male","Hispanic",0,"II",2017,"Public","Higher","Integrated",1,14,53,965.862461782172,1
"SYN-DLBCL-001571",TRUE,"DLBCL","SIM-F020",70,"Male","Black",2,"II",2010,"Private","Lower","Community",1,37,311,2144.17356845171,1
"SYN-DLBCL-001572",TRUE,"DLBCL","SIM-F006",70,"Male","Hispanic",0,"I",2021,"Public","Middle","Integrated",1,8,187,2151.97101760074,0
"SYN-DLBCL-001573",TRUE,"DLBCL","SIM-F047",55,"Female","Other",0,"II",2021,"Private","Middle","Integrated",1,16,236,2793.56755971909,0
"SYN-DLBCL-001574",TRUE,"DLBCL","SIM-F034",76,"Female","Black",0,"I",2015,"Public","Middle","Community",0,5,NA,135.171083828634,1
"SYN-DLBCL-001575",TRUE,"DLBCL","SIM-F014",57,"Female","Black",2,"I",2019,"Private","Higher","Integrated",0,19,NA,2450.92099287664,0
"SYN-DLBCL-001576",TRUE,"DLBCL","SIM-F019",57,"Female","Hispanic",1,"I",2014,"Public","Middle","Academic",1,15,NA,38.8995614704727,1
"SYN-DLBCL-001577",TRUE,"DLBCL","SIM-F025",70,"Male","Black",0,"I",2018,"Private","Middle","Integrated",0,23,NA,2516.04194989428,0
"SYN-DLBCL-001578",TRUE,"DLBCL","SIM-F002",47,"Female","Black",0,"II",2014,"Public","Lower","Academic",1,24,94,2140.25289443904,0
"SYN-DLBCL-001579",TRUE,"DLBCL","SIM-F059",66,"Female","Black",0,"II",2010,"Public","Lower","Academic",0,375,NA,81.4864828932374,1
"SYN-DLBCL-001580",TRUE,"DLBCL","SIM-F025",30,"Female","Hispanic",0,"I",2015,"Private","Middle","Integrated",1,12,243,248.620312588649,1
"SYN-DLBCL-001581",TRUE,"DLBCL","SIM-F036",58,"Female","Hispanic",0,"II",2020,"Private","Middle","Academic",0,41,NA,2471.38336609583,0
"SYN-DLBCL-001582",TRUE,"DLBCL","SIM-F012",79,"Male","Hispanic",1,"I",2019,"Private","Lower","Community",1,26,124,154.958675902614,1
"SYN-DLBCL-001583",TRUE,"DLBCL","SIM-F030",28,"Female","Other",0,"I",2021,"Public","Lower","Academic",1,21,126,515.927295911853,0
"SYN-DLBCL-001584",TRUE,"DLBCL","SIM-F011",48,"Male","Other",0,"IV",2020,"Public",NA,"Integrated",0,43,NA,1777.31521589099,0
"SYN-DLBCL-001585",TRUE,"DLBCL","SIM-F047",69,"Female","Other",2,"III",2017,"Private","Lower","Integrated",1,14,83,1955.19580504857,0
"SYN-DLBCL-001586",TRUE,"DLBCL","SIM-F025",62,"Male","Black",0,"II",2022,"Public","Lower","Integrated",0,36,NA,1550.83394365734,0
"SYN-DLBCL-001587",TRUE,"DLBCL","SIM-F045",57,"Female","Other",0,"I",2015,"Private",NA,"Community",1,29,NA,103.475438766181,0
"SYN-DLBCL-001588",TRUE,"DLBCL","SIM-F026",78,"Male","Black",2,"I",2013,"Private","Lower","Academic",1,13,112,434.775604184375,1
"SYN-DLBCL-001589",TRUE,"DLBCL","SIM-F012",59,"Male","Other",0,"III",2019,"Private","Higher","Community",1,5,118,1000.34283690374,1
"SYN-DLBCL-001590",TRUE,"DLBCL","SIM-F022",80,"Male","Black",0,"II",2012,"Public","Lower","Integrated",1,13,176,321.028653465617,0
"SYN-DLBCL-001591",TRUE,"DLBCL","SIM-F005",61,"Male","Other",0,"II",2022,"Public","Middle","Community",0,23,NA,2864.11540100467,0
"SYN-DLBCL-001592",TRUE,"DLBCL","SIM-F002",41,"Male","Other",0,"II",2020,"Private","Middle","Academic",1,36,82,1537.69189918763,0
"SYN-DLBCL-001593",TRUE,"DLBCL","SIM-F018",73,"Male","Other",1,"I",2020,"Public","Middle","Integrated",0,19,NA,1858.08387052617,0
"SYN-DLBCL-001594",TRUE,"DLBCL","SIM-F051",42,"Male","Other",1,"I",2021,"Private","Middle","Community",1,8,268,2010.43264232227,0
"SYN-DLBCL-001595",TRUE,"DLBCL","SIM-F047",47,"Male","Black",0,"I",2016,NA,"Middle","Integrated",1,43,142,1141.42663344741,0
"SYN-DLBCL-001596",TRUE,"DLBCL","SIM-F054",61,"Male","Other",1,"II",2017,"Private","Middle","Integrated",0,26,NA,152.164463841407,1
"SYN-DLBCL-001597",TRUE,"DLBCL","SIM-F021",47,"Male","Hispanic",0,"II",2019,"Private","Lower",NA,1,5,40,331.400876600392,1
"SYN-DLBCL-001598",TRUE,"DLBCL","SIM-F031",70,"Female","Black",1,"I",2020,"Public","Higher","Academic",0,37,NA,1305.31657421382,1
"SYN-DLBCL-001599",TRUE,"DLBCL","SIM-F004",47,"Female","Black",0,"IV",2010,"Public","Higher","Community",0,5,NA,1586.71376895773,0
"SYN-DLBCL-001600",TRUE,"DLBCL","SIM-F023",77,"Female","Black",2,"III",2011,"Public","Higher","Integrated",0,37,NA,1801.31803958444,0
"SYN-DLBCL-001601",TRUE,"DLBCL","SIM-F006",50,"Female","Hispanic",0,"I",2017,"Public",NA,"Integrated",1,42,195,2042.07156126155,0
"SYN-DLBCL-001602",TRUE,"DLBCL","SIM-F019",68,"Female","Black",0,"III",2021,"Public","Higher","Academic",1,11,227,744.878273444701,0
"SYN-DLBCL-001603",TRUE,"DLBCL","SIM-F030",58,"Male","Hispanic",1,"IV",2016,NA,"Higher","Academic",1,44,121,2152.13070045165,1
"SYN-DLBCL-001604",TRUE,"DLBCL","SIM-F043",47,"Male","Black",0,"II",2014,NA,"Middle",NA,1,30,237,2497.51776097924,0
"SYN-DLBCL-001605",TRUE,"DLBCL","SIM-F041",51,"Male","Black",1,"I",2017,"Private","Lower","Academic",1,40,314,2606.13305085804,0
"SYN-DLBCL-001606",TRUE,"DLBCL","SIM-F007",51,"Female","Other",1,"II",2012,"Private","Lower","Academic",1,6,231,1870.03008600674,0
"SYN-DLBCL-001607",TRUE,"DLBCL","SIM-F031",67,"Female","Other",0,"I",2014,"Public","Higher","Academic",0,43,NA,1923.7150223916,1
"SYN-DLBCL-001608",TRUE,"DLBCL","SIM-F001",68,"Female","Black",1,"II",2013,"Public","Lower","Community",1,42,131,504.644091818058,1
"SYN-DLBCL-001609",TRUE,"DLBCL","SIM-F022",73,"Female","Black",1,"I",2022,"Public","Lower","Integrated",0,8,NA,966.703523489794,1
"SYN-DLBCL-001610",TRUE,"DLBCL","SIM-F034",55,"Female","Black",0,"III",2014,"Private","Middle",NA,1,35,178,3129.17635840364,0
"SYN-DLBCL-001611",TRUE,"DLBCL","SIM-F009",90,"Male","Black",NA,"I",2016,"Public","Higher","Community",0,7,NA,227.474972815263,1
"SYN-DLBCL-001612",TRUE,"DLBCL","SIM-F049",63,"Male","Other",0,"II",2016,"Public","Lower","Academic",0,9,NA,1292.94542780884,1
"SYN-DLBCL-001613",TRUE,"DLBCL","SIM-F033",80,"Female","Black",0,"IV",2022,"Public","Higher","Community",1,40,121,2613.59913680702,0
"SYN-DLBCL-001614",TRUE,"DLBCL","SIM-F017",81,"Male","Hispanic",0,"I",2018,"Private","Middle","Academic",0,6,NA,980.849196968462,1
"SYN-DLBCL-001615",TRUE,"DLBCL","SIM-F013",72,"Female","Other",0,"I",2019,"Public","Higher","Integrated",1,19,249,2164.57834362169,0
"SYN-DLBCL-001616",TRUE,"DLBCL","SIM-F024",71,"Female","Other",1,"III",2014,"Public","Higher","Integrated",0,35,NA,285.750892507641,1
"SYN-DLBCL-001617",TRUE,"DLBCL","SIM-F044",69,"Female","Black",1,"I",2014,"Private","Higher","Academic",0,35,NA,2201.29236295376,1
"SYN-DLBCL-001618",TRUE,"DLBCL","SIM-F038",65,"Male","Other",0,"III",2022,"Private","Middle","Community",1,38,170,2065.18671466401,1
"SYN-DLBCL-001619",TRUE,"DLBCL","SIM-F005",70,"Female","Black",1,"I",2020,"Public","Lower","Community",0,22,NA,558.954458283811,1
"SYN-DLBCL-001620",TRUE,"DLBCL","SIM-F056",75,"Male","Black",1,"III",2010,"Private","Lower","Academic",0,42,NA,1024.68404681757,1
"SYN-DLBCL-001621",TRUE,"DLBCL","SIM-F027",58,"Male","Hispanic",1,"III",2011,NA,"Lower","Integrated",0,41,NA,1601.3046203634,1
"SYN-DLBCL-001622",TRUE,"DLBCL","SIM-F035",67,"Male","Black",1,"III",2021,"Public","Middle","Integrated",0,12,NA,2179.7479662078,0
"SYN-DLBCL-001623",TRUE,"DLBCL","SIM-F021",63,"Male","Black",0,"II",2021,"Private",NA,"Community",1,375,281,1974.60781414644,0
"SYN-DLBCL-001624",TRUE,"DLBCL","SIM-F042",66,"Female","Other",0,"I",2015,"Public","Higher","Academic",1,21,173,1753.39744739234,0
"SYN-DLBCL-001625",TRUE,"DLBCL","SIM-F003",85,"Male","Black",2,"II",2017,"Private","Middle","Integrated",0,31,NA,451.188045090335,1
"SYN-DLBCL-001626",TRUE,"DLBCL","SIM-F028",77,"Female","Black",1,"I",2021,"Public","Lower","Community",0,43,NA,1814.27404184011,0
"SYN-DLBCL-001627",TRUE,"DLBCL","SIM-F010",59,"Female","Hispanic",0,"II",2019,"Public","Higher","Integrated",1,19,62,1822.11916512693,0
"SYN-DLBCL-001628",TRUE,"DLBCL","SIM-F010",55,"Female","Other",1,"II",2012,"Private","Higher","Integrated",1,28,301,1723.23647296077,1
"SYN-DLBCL-001629",TRUE,"DLBCL","SIM-F032",90,"Male","Hispanic",0,"I",2017,"Public","Higher","Academic",0,32,NA,550.716713326994,1
"SYN-DLBCL-001630",TRUE,"DLBCL","SIM-F036",63,"Male","Hispanic",1,"II",2011,"Private","Higher","Academic",1,14,270,1212.75182683833,1
"SYN-DLBCL-001631",TRUE,"DLBCL","SIM-F020",48,"Female","Black",0,"II",2016,"Private","Middle","Community",1,29,141,1517.21891618091,1
"SYN-DLBCL-001632",TRUE,"DLBCL","SIM-F057",71,"Male","Hispanic",1,"I",2021,"Public","Lower","Community",1,5,254,1138.81068846729,1
"SYN-DLBCL-001633",TRUE,"DLBCL","SIM-F058",45,"Male","Black",1,"I",2020,"Private","Lower","Academic",1,44,227,2657.98430463998,0
"SYN-DLBCL-001634",TRUE,"DLBCL","SIM-F039",60,"Male","Black",1,"I",2019,"Public","Higher","Integrated",0,25,NA,3147.18096862431,0
"SYN-DLBCL-001635",TRUE,"DLBCL","SIM-F050",44,"Male","Hispanic",1,"I",2017,"Private","Middle",NA,1,28,151,2617.96948421048,0
"SYN-DLBCL-001636",TRUE,"DLBCL","SIM-F033",69,"Male","Hispanic",0,"I",2021,"Private","Higher","Community",1,25,218,2015.89860440814,0
"SYN-DLBCL-001637",TRUE,"DLBCL","SIM-F050",64,"Male","Black",0,"I",2018,"Public","Higher","Academic",1,19,167,1965.76069321833,0
"SYN-DLBCL-001638",TRUE,"DLBCL","SIM-F034",85,"Female","Other",0,"III",2016,"Public","Lower","Community",0,21,NA,1579.79216944421,0
"SYN-DLBCL-001639",TRUE,"DLBCL","SIM-F054",60,"Male","Hispanic",1,"I",2010,"Private","Higher","Integrated",1,11,75,2971.68553538155,0
"SYN-DLBCL-001640",TRUE,"DLBCL","SIM-F012",76,"Female","Hispanic",0,"III",2013,"Private","Middle","Community",0,16,NA,1030.09458892395,0
"SYN-DLBCL-001641",TRUE,"DLBCL","SIM-F050",62,"Female","Hispanic",0,"I",2016,"Private","Higher","Academic",0,37,NA,1511.33507150385,1
"SYN-DLBCL-001642",TRUE,"DLBCL","SIM-F031",64,"Male","Black",0,"I",2021,NA,"Lower","Academic",1,10,94,3259.67771250522,0
"SYN-DLBCL-001643",TRUE,"DLBCL","SIM-F058",59,"Male","Hispanic",0,"IV",2017,"Private","Higher","Academic",0,17,NA,1854.61177415423,1
"SYN-DLBCL-001644",TRUE,"DLBCL","SIM-F058",85,"Male","Black",1,"II",2010,"Public","Middle","Academic",0,7,NA,1754.14667359757,1
"SYN-DLBCL-001645",TRUE,"DLBCL","SIM-F008",80,"Female","Other",1,"I",2014,"Public","Higher","Academic",0,21,NA,1590.16967915638,1
"SYN-DLBCL-001646",TRUE,"DLBCL","SIM-F046",64,"Female","Black",0,"I",2021,"Private","Lower","Academic",0,7,NA,3046.05586891063,0
"SYN-DLBCL-001647",TRUE,"DLBCL","SIM-F004",59,"Male","Other",0,"II",2011,"Private","Higher","Community",1,21,110,1503.96907028203,1
"SYN-DLBCL-001648",TRUE,"DLBCL","SIM-F049",75,"Female","Black",1,"I",2018,"Public","Lower","Academic",0,NA,NA,29.8992478066617,1
"SYN-DLBCL-001649",TRUE,"DLBCL","SIM-F034",50,"Female","Black",0,"II",2021,"Public","Higher","Community",1,22,247,3167.18914071331,0
"SYN-DLBCL-001650",TRUE,"DLBCL","SIM-F054",35,"Male","Black",0,"II",2022,"Private","Lower","Integrated",1,5,53,1083.25356323985,0
"SYN-DLBCL-001651",TRUE,"DLBCL","SIM-F005",62,"Female","Black",0,"IV",2022,"Public","Lower","Community",0,39,NA,51.465453623079,0
"SYN-DLBCL-001652",TRUE,"DLBCL","SIM-F035",47,"Female","Hispanic",0,"II",2010,"Private","Middle",NA,1,45,245,2172.00453082565,0
"SYN-DLBCL-001653",TRUE,"DLBCL","SIM-F025",68,"Female","Black",1,"I",2015,"Private","Lower","Integrated",0,22,NA,103.955715069111,1
"SYN-DLBCL-001654",TRUE,"DLBCL","SIM-F053",50,"Male","Other",0,"I",2020,"Private","Middle","Academic",1,38,195,1934.32034386438,0
"SYN-DLBCL-001655",TRUE,"DLBCL","SIM-F017",62,"Male","Other",NA,"IV",2012,"Public","Lower","Academic",1,30,185,497.93522419408,0
"SYN-DLBCL-001656",TRUE,"DLBCL","SIM-F049",70,"Male","Other",0,"I",2011,"Private","Lower","Academic",0,37,NA,367.101753931493,0
"SYN-DLBCL-001657",TRUE,"DLBCL","SIM-F033",48,"Male","Black",0,"II",2017,"Private","Middle","Community",0,35,NA,1157.78329076081,1
"SYN-DLBCL-001658",TRUE,"DLBCL","SIM-F041",61,"Female","Black",1,"II",2010,"Private","Higher","Academic",1,23,189,2322.39062813056,1
"SYN-DLBCL-001659",TRUE,"DLBCL","SIM-F043",40,"Female","Black",1,"II",2011,"Private","Lower","Integrated",1,25,165,1472.41624982795,0
"SYN-DLBCL-001660",TRUE,"DLBCL","SIM-F010",61,"Female","Black",0,"I",2010,"Public","Middle","Integrated",0,31,NA,1679.42870765342,0
"SYN-DLBCL-001661",TRUE,"DLBCL","SIM-F011",62,"Female","Other",1,"II",2015,"Public","Middle","Integrated",0,10,NA,1381.06798482295,1
"SYN-DLBCL-001662",TRUE,"DLBCL","SIM-F035",62,"Female","Hispanic",0,"II",2017,"Public",NA,"Integrated",0,5,NA,880.676545087473,1
"SYN-DLBCL-001663",TRUE,"DLBCL","SIM-F048",69,"Female","Hispanic",2,"I",2015,"Private","Higher","Community",1,44,NA,159.914705238253,1
"SYN-DLBCL-001664",TRUE,"DLBCL","SIM-F027",81,"Male","Black",1,"II",2015,"Public","Higher","Integrated",0,18,NA,506.847068329687,1
"SYN-DLBCL-001665",TRUE,"DLBCL","SIM-F022",62,"Male","Hispanic",1,"II",2022,"Private","Higher","Integrated",0,18,NA,397.249737855915,1
"SYN-DLBCL-001666",TRUE,"DLBCL","SIM-F005",65,"Male","Other",2,"II",2013,"Public","Higher","Community",0,41,NA,382.895681876689,0
"SYN-DLBCL-001667",TRUE,"DLBCL","SIM-F032",74,"Male","Black",2,"I",2010,"Public",NA,"Academic",0,16,NA,1155.25346288831,1
"SYN-DLBCL-001668",TRUE,"DLBCL","SIM-F053",78,"Male","Other",1,"II",2010,"Public","Higher","Academic",1,33,NA,173.473551307493,1
"SYN-DLBCL-001669",TRUE,"DLBCL","SIM-F046",53,"Male","Other",NA,"I",2021,"Public","Middle","Academic",0,17,NA,2647.76663524332,0
"SYN-DLBCL-001670",TRUE,"DLBCL","SIM-F056",71,"Female","Hispanic",NA,"II",2015,"Public","Lower","Academic",0,17,NA,189.474962260043,1
"SYN-DLBCL-001671",TRUE,"DLBCL","SIM-F046",58,"Male","Black",2,"II",2017,"Public","Middle","Academic",0,22,NA,892.227788037571,1
"SYN-DLBCL-001672",TRUE,"DLBCL","SIM-F041",82,"Male","Black",1,"III",2012,"Public","Lower","Academic",1,25,143,1491.54849306801,1
"SYN-DLBCL-001673",TRUE,"DLBCL","SIM-F015",76,"Male","Hispanic",2,"II",2020,NA,"Middle","Academic",0,43,NA,476.840964748271,1
"SYN-DLBCL-001674",TRUE,"DLBCL","SIM-F045",49,"Female","Hispanic",0,"II",2010,"Public","Lower","Community",1,18,133,1955.02741341712,0
"SYN-DLBCL-001675",TRUE,"DLBCL","SIM-F015",62,"Male","Black",1,"III",2020,"Private","Middle","Academic",1,8,192,407.605100935529,1
"SYN-DLBCL-001676",TRUE,"DLBCL","SIM-F044",64,"Male","Black",1,"III",2019,NA,"Lower","Academic",1,6,272,2395.71676407591,0
"SYN-DLBCL-001677",TRUE,"DLBCL","SIM-F033",63,"Female","Hispanic",2,"II",2019,"Private","Lower",NA,0,34,NA,908.537752564654,0
"SYN-DLBCL-001678",TRUE,"DLBCL","SIM-F012",48,"Male","Other",0,"II",2016,"Public","Higher","Community",1,31,136,285.312735345215,0
"SYN-DLBCL-001679",TRUE,"DLBCL","SIM-F041",80,"Male","Black",1,"II",2018,"Public","Higher","Academic",0,44,NA,2495.65646181232,0
"SYN-DLBCL-001680",TRUE,"DLBCL","SIM-F050",55,"Male","Other",1,"I",2017,"Private","Middle","Academic",1,12,191,1534.50224889991,1
"SYN-DLBCL-001681",TRUE,"DLBCL","SIM-F047",35,"Female","Black",1,"II",2018,"Private","Lower","Integrated",1,10,188,1466.15285057575,0
"SYN-DLBCL-001682",TRUE,"DLBCL","SIM-F015",46,"Female","Black",0,"I",2019,"Private","Middle",NA,1,29,185,3249.61056660046,0
"SYN-DLBCL-001683",TRUE,"DLBCL","SIM-F033",72,"Female","Other",0,"I",2010,NA,"Higher","Community",1,41,285,911.432307194741,1
"SYN-DLBCL-001684",TRUE,"DLBCL","SIM-F012",90,"Male","Hispanic",1,"II",2016,"Public","Lower","Community",0,8,NA,117.699721232057,0
"SYN-DLBCL-001685",TRUE,"DLBCL","SIM-F036",71,"Female","Other",0,"II",2016,"Private","Higher","Academic",1,15,265,341.580213385892,1
"SYN-DLBCL-001686",TRUE,"DLBCL","SIM-F030",88,"Female","Black",2,"II",2014,"Public","Higher","Academic",0,12,NA,511.933112507331,1
"SYN-DLBCL-001687",TRUE,"DLBCL","SIM-F003",69,"Female","Black",0,"I",2017,"Private","Higher","Integrated",0,6,NA,1849.90442555725,1
"SYN-DLBCL-001688",TRUE,"DLBCL","SIM-F010",62,"Male","Other",0,"I",2011,"Private",NA,"Integrated",1,6,78,1672.187416257,1
"SYN-DLBCL-001689",TRUE,"DLBCL","SIM-F032",46,"Male","Black",0,"I",2015,NA,"Middle",NA,1,20,55,1818.10883964878,0
"SYN-DLBCL-001690",TRUE,"DLBCL","SIM-F011",42,"Female","Other",0,"I",2010,"Private","Lower","Integrated",0,40,NA,3177.71381908911,0
"SYN-DLBCL-001691",TRUE,"DLBCL","SIM-F019",49,"Female","Other",0,"III",2021,"Private","Lower","Academic",1,37,195,1661.26215517521,0
"SYN-DLBCL-001692",TRUE,"DLBCL","SIM-F034",59,"Male","Black",0,"II",2015,"Public","Middle","Community",0,12,NA,655.865417106071,1
"SYN-DLBCL-001693",TRUE,"DLBCL","SIM-F033",72,"Female","Other",0,"II",2021,"Private","Lower","Community",1,42,89,394.76440647617,0
"SYN-DLBCL-001694",TRUE,"DLBCL","SIM-F035",50,"Male","Hispanic",1,"I",2016,"Public",NA,"Integrated",1,38,236,1510.18782697781,1
"SYN-DLBCL-001695",TRUE,"DLBCL","SIM-F043",68,"Female","Other",0,"II",2015,"Public","Lower","Integrated",1,23,273,1784.89595197089,1
"SYN-DLBCL-001696",TRUE,"DLBCL","SIM-F037",73,"Female","Hispanic",1,"IV",2010,"Public","Higher","Community",0,23,NA,694.589490587716,1
"SYN-DLBCL-001697",TRUE,"DLBCL","SIM-F049",71,"Female","Other",1,"III",2017,"Public","Lower","Academic",0,11,NA,787.746668645866,1
"SYN-DLBCL-001698",TRUE,"DLBCL","SIM-F034",61,"Male","Black",1,"IV",2016,"Private","Higher","Community",0,34,NA,136.295557753635,1
"SYN-DLBCL-001699",TRUE,"DLBCL","SIM-F057",33,"Male","Black",1,"II",2012,"Private",NA,"Community",1,40,91,2429.30885665352,0
"SYN-DLBCL-001700",TRUE,"DLBCL","SIM-F023",61,"Male","Hispanic",0,"III",2017,"Private","Higher","Integrated",1,19,259,2717.84865394817,0
"SYN-DLBCL-001701",TRUE,"DLBCL","SIM-F026",61,"Male","Hispanic",2,"II",2011,"Public","Lower","Academic",1,38,254,1629.40881899024,1
"SYN-DLBCL-001702",TRUE,"DLBCL","SIM-F053",55,"Female","Black",1,"I",2022,"Private","Middle","Academic",0,16,NA,1460.37043532939,0
"SYN-DLBCL-001703",TRUE,"DLBCL","SIM-F026",36,"Male","Black",0,"I",2018,NA,"Higher","Academic",1,17,265,2887.33550534467,0
"SYN-DLBCL-001704",TRUE,"DLBCL","SIM-F020",54,"Female","Hispanic",NA,"II",2013,"Private","Lower","Community",0,22,NA,371.642256341297,1
"SYN-DLBCL-001705",TRUE,"DLBCL","SIM-F029",59,"Male","Other",0,"I",2019,"Public","Higher","Integrated",0,15,NA,1987.38825813867,0
"SYN-DLBCL-001706",TRUE,"DLBCL","SIM-F041",48,"Female","Black",0,"I",2014,NA,"Lower","Academic",1,21,120,2930.49315947224,0
"SYN-DLBCL-001707",TRUE,"DLBCL","SIM-F048",66,"Female","Other",1,"I",2015,"Public",NA,"Community",0,44,NA,775.769554929757,0
"SYN-DLBCL-001708",TRUE,"DLBCL","SIM-F034",53,"Male","Black",0,"III",2018,NA,"Lower","Community",1,32,208,2756.97887548245,0
"SYN-DLBCL-001709",TRUE,"DLBCL","SIM-F024",65,"Female","Other",0,"I",2019,"Private","Lower","Integrated",1,5,50,1894.34034364298,0
"SYN-DLBCL-001710",TRUE,"DLBCL","SIM-F047",85,"Female","Other",2,"I",2011,NA,"Higher",NA,0,14,NA,109.456900118912,1
"SYN-DLBCL-001711",TRUE,"DLBCL","SIM-F036",55,"Male","Black",0,"II",2010,"Private","Lower",NA,1,30,75,1703.71127559571,0
"SYN-DLBCL-001712",TRUE,"DLBCL","SIM-F054",72,"Male","Other",NA,"II",2017,NA,"Middle","Integrated",1,31,293,1126.94485169602,1
"SYN-DLBCL-001713",TRUE,"DLBCL","SIM-F030",48,"Female","Hispanic",0,"III",2017,"Public","Higher","Academic",1,29,152,1289.50132822891,0
"SYN-DLBCL-001714",TRUE,"DLBCL","SIM-F010",59,"Female","Other",1,"II",2012,"Public","Middle","Integrated",0,34,NA,766.345917926745,0
"SYN-DLBCL-001715",TRUE,"DLBCL","SIM-F016",72,"Female","Hispanic",1,"I",2015,"Public","Higher","Academic",0,22,NA,1941.64957375266,0
"SYN-DLBCL-001716",TRUE,"DLBCL","SIM-F018",77,"Female","Black",0,"I",2013,"Public","Lower",NA,0,31,NA,302.759166631719,1
"SYN-DLBCL-001717",TRUE,"DLBCL","SIM-F028",64,"Female","Black",0,"II",2019,"Private","Middle","Community",1,41,295,2079.29893322522,0
"SYN-DLBCL-001718",TRUE,"DLBCL","SIM-F012",60,"Male","Black",0,"I",2010,"Public","Middle","Community",0,22,NA,1295.71181214768,1
"SYN-DLBCL-001719",TRUE,"DLBCL","SIM-F054",73,"Male","Other",1,"I",2021,"Public","Higher","Integrated",0,8,NA,2528.23497736477,0
"SYN-DLBCL-001720",TRUE,"DLBCL","SIM-F045",61,"Male","Other",1,"III",2011,"Private","Higher","Community",1,38,268,472.602797943167,1
"SYN-DLBCL-001721",TRUE,"DLBCL","SIM-F026",65,"Female","Other",1,"I",2014,"Public","Lower","Academic",0,29,NA,983.674690537188,0
"SYN-DLBCL-001722",TRUE,"DLBCL","SIM-F047",68,"Female","Black",1,"III",2016,"Public","Lower","Integrated",0,41,NA,2515.52677800297,0
"SYN-DLBCL-001723",TRUE,"DLBCL","SIM-F029",51,"Male","Hispanic",2,"II",2013,"Private","Middle","Integrated",1,22,56,1467.26269948699,1
"SYN-DLBCL-001724",TRUE,"DLBCL","SIM-F033",52,"Female","Hispanic",0,"I",2016,"Private","Middle","Community",1,21,43,2471.54248946114,0
"SYN-DLBCL-001725",TRUE,"DLBCL","SIM-F037",71,"Female","Other",1,"II",2013,"Private","Lower","Community",0,34,NA,1499.42394698141,1
"SYN-DLBCL-001726",TRUE,"DLBCL","SIM-F014",83,"Female","Black",0,"III",2017,"Private","Higher","Integrated",0,42,NA,1059.37577680854,1
"SYN-DLBCL-001727",TRUE,"DLBCL","SIM-F033",54,"Male","Hispanic",1,"IV",2021,"Public","Higher",NA,0,22,NA,1721.81432821227,1
"SYN-DLBCL-001728",TRUE,"DLBCL","SIM-F057",76,"Male","Black",1,"I",2020,"Public","Higher","Community",0,375,NA,3211.50334205246,0
"SYN-DLBCL-001729",TRUE,"DLBCL","SIM-F060",54,"Female","Other",0,"II",2019,"Private","Higher","Academic",1,29,301,3177.27265225491,0
"SYN-DLBCL-001730",TRUE,"DLBCL","SIM-F055",78,"Male","Hispanic",0,"II",2012,"Private",NA,"Academic",0,7,NA,1394.27498464102,1
"SYN-DLBCL-001731",TRUE,"DLBCL","SIM-F051",58,"Female","Black",0,"I",2010,"Public","Middle","Community",NA,19,115,740.518058020602,0
"SYN-DLBCL-001732",TRUE,"DLBCL","SIM-F060",69,"Male","Black",1,"I",2013,"Public","Higher","Academic",0,34,NA,1213.42357469246,1
"SYN-DLBCL-001733",TRUE,"DLBCL","SIM-F060",61,"Female","Other",2,"III",2022,"Public","Middle","Academic",0,37,NA,417.641810342345,1
"SYN-DLBCL-001734",TRUE,"DLBCL","SIM-F036",67,"Male","Hispanic",1,"I",2016,"Public","Lower","Academic",1,31,304,333.961255332856,1
"SYN-DLBCL-001735",TRUE,"DLBCL","SIM-F017",57,"Male","Black",0,"I",2018,"Private","Middle","Academic",1,44,128,1812.12417504517,0
"SYN-DLBCL-001736",TRUE,"DLBCL","SIM-F056",64,"Male","Hispanic",1,"I",2017,"Public","Middle","Academic",0,375,NA,840.401324066272,0
"SYN-DLBCL-001737",TRUE,"DLBCL","SIM-F015",58,"Female","Black",1,"I",2021,"Private","Middle","Academic",1,34,66,1623.64779529792,1
"SYN-DLBCL-001738",TRUE,"DLBCL","SIM-F031",50,"Female","Hispanic",1,"II",2012,NA,"Lower","Academic",0,41,NA,2161.08680606936,0
"SYN-DLBCL-001739",TRUE,"DLBCL","SIM-F018",84,"Female","Other",1,"II",2013,"Public","Middle","Integrated",0,44,NA,1357.58984678275,1
"SYN-DLBCL-001740",TRUE,"DLBCL","SIM-F037",59,"Male","Other",0,"I",2014,NA,"Lower","Community",0,45,NA,1945.63948881929,0
"SYN-DLBCL-001741",TRUE,"DLBCL","SIM-F027",48,"Male","Black",0,"I",2014,"Private","Lower","Integrated",1,10,252,1003.65293907673,1
"SYN-DLBCL-001742",TRUE,"DLBCL","SIM-F054",74,"Male","Black",1,"II",2019,"Public","Middle","Integrated",1,25,149,916.277956087142,0
"SYN-DLBCL-001743",TRUE,"DLBCL","SIM-F015",69,"Male","Other",1,"II",2010,"Private","Lower","Academic",0,20,NA,1293.79829202881,1
"SYN-DLBCL-001744",TRUE,"DLBCL","SIM-F001",69,"Female","Other",1,"I",2019,"Public","Middle","Community",0,28,NA,101.228061813077,1
"SYN-DLBCL-001745",TRUE,"DLBCL","SIM-F019",71,"Male","Other",0,"I",2012,"Private","Lower","Academic",0,12,NA,363.536391757143,1
"SYN-DLBCL-001746",TRUE,"DLBCL","SIM-F049",54,"Female","Black",1,"III",2016,"Private","Middle","Academic",1,17,247,1868.86912561837,0
"SYN-DLBCL-001747",TRUE,"DLBCL","SIM-F051",37,"Male","Black",0,"III",2010,"Private","Higher","Community",1,25,250,2872.63131144224,0
"SYN-DLBCL-001748",TRUE,"DLBCL","SIM-F006",77,"Female","Hispanic",1,"IV",2012,"Public","Lower","Integrated",0,32,NA,135.749368178733,1
"SYN-DLBCL-001749",TRUE,"DLBCL","SIM-F040",57,"Male","Black",1,"IV",2011,"Private",NA,"Community",1,5,235,301.533565557555,1
"SYN-DLBCL-001750",TRUE,"DLBCL","SIM-F026",52,"Female","Other",0,"I",2016,"Public","Higher","Academic",1,22,143,294.680668428935,1
"SYN-DLBCL-001751",TRUE,"DLBCL","SIM-F008",70,"Male","Other",0,"II",2019,"Public",NA,"Academic",1,24,58,955.500129014254,0
"SYN-DLBCL-001752",TRUE,"DLBCL","SIM-F060",66,"Female","Black",0,"III",2012,"Private","Middle","Academic",0,15,NA,2531.70043697697,0
"SYN-DLBCL-001753",TRUE,"DLBCL","SIM-F038",72,"Male","Hispanic",2,"II",2020,"Public",NA,"Community",0,29,NA,256.357345773484,1
"SYN-DLBCL-001754",TRUE,"DLBCL","SIM-F014",67,"Male","Other",0,"I",2012,"Private",NA,"Integrated",0,25,NA,1818.02983566638,1
"SYN-DLBCL-001755",TRUE,"DLBCL","SIM-F017",60,"Male","Other",1,"IV",2012,"Private",NA,"Academic",1,23,159,2066.30483428249,0
"SYN-DLBCL-001756",TRUE,"DLBCL","SIM-F052",66,"Male","Hispanic",1,"II",2021,"Private","Lower","Academic",1,5,215,1705.32327692627,1
"SYN-DLBCL-001757",TRUE,"DLBCL","SIM-F009",77,"Male","Black",0,"I",2017,"Public","Middle","Community",0,32,NA,790.41131772114,1
"SYN-DLBCL-001758",TRUE,"DLBCL","SIM-F033",77,"Female","Other",1,"III",2018,"Public","Lower","Community",1,21,267,381.34460685751,1
"SYN-DLBCL-001759",TRUE,"DLBCL","SIM-F041",90,"Female","Black",0,"II",2020,"Public","Lower","Academic",0,9,NA,604.07255425679,0
"SYN-DLBCL-001760",TRUE,"DLBCL","SIM-F019",69,"Female","Hispanic",1,"I",2020,"Private","Middle",NA,0,25,NA,2195.92136452838,1
"SYN-DLBCL-001761",TRUE,"DLBCL","SIM-F020",75,"Male","Black",1,"I",2016,"Private","Middle","Community",1,17,93,143.769854083657,0
"SYN-DLBCL-001762",TRUE,"DLBCL","SIM-F033",69,"Male","Hispanic",1,"II",2022,NA,"Middle","Community",0,8,NA,878.746853301196,1
"SYN-DLBCL-001763",TRUE,"DLBCL","SIM-F050",73,"Male","Other",1,"II",2010,"Private","Higher","Academic",0,8,NA,125.229322353472,1
"SYN-DLBCL-001764",TRUE,"DLBCL","SIM-F020",59,"Female","Black",0,"I",2020,"Private","Higher","Community",1,26,188,2617.9653276829,0
"SYN-DLBCL-001765",TRUE,"DLBCL","SIM-F043",56,"Male","Black",0,"I",2020,"Public","Lower","Integrated",0,6,NA,2413.55449579074,0
"SYN-DLBCL-001766",TRUE,"DLBCL","SIM-F059",59,"Female","Other",0,"II",2017,"Public","Lower","Academic",1,15,172,1936.36399017647,0
"SYN-DLBCL-001767",TRUE,"DLBCL","SIM-F054",82,"Female","Hispanic",2,"I",2016,"Public","Middle","Integrated",0,36,NA,507.733332036867,1
"SYN-DLBCL-001768",TRUE,"DLBCL","SIM-F028",64,"Female","Black",0,"III",2012,"Private","Higher","Community",0,9,NA,1211.4236937089,1
"SYN-DLBCL-001769",TRUE,"DLBCL","SIM-F034",44,"Male","Other",1,"I",2015,"Private","Middle","Community",0,29,NA,827.682649716257,1
"SYN-DLBCL-001770",TRUE,"DLBCL","SIM-F019",65,"Male","Hispanic",0,"IV",2022,"Private","Higher","Academic",1,39,107,3132.25882642088,0
"SYN-DLBCL-001771",TRUE,"DLBCL","SIM-F048",49,"Male","Hispanic",1,"I",2010,"Private","Lower","Community",0,27,NA,794.353894986014,0
"SYN-DLBCL-001772",TRUE,"DLBCL","SIM-F005",60,"Female","Hispanic",0,"I",2014,"Public","Middle","Community",1,39,185,547.305309658982,1
"SYN-DLBCL-001773",TRUE,"DLBCL","SIM-F002",53,"Female","Other",0,"IV",2018,"Private","Middle","Academic",1,11,158,335.087072095318,1
"SYN-DLBCL-001774",TRUE,"DLBCL","SIM-F038",67,"Male","Black",0,"I",2018,"Public","Middle",NA,0,38,NA,2863.72797853552,1
"SYN-DLBCL-001775",TRUE,"DLBCL","SIM-F043",28,"Male","Other",0,"I",2019,"Private","Lower","Integrated",1,32,132,2666.16734146606,0
"SYN-DLBCL-001776",TRUE,"DLBCL","SIM-F016",68,"Male","Black",0,"I",2021,"Public","Higher","Academic",0,34,NA,2046.10433802241,0
"SYN-DLBCL-001777",TRUE,"DLBCL","SIM-F016",54,"Male","Black",1,"II",2020,"Private","Higher","Academic",1,23,221,282.000750303268,1
"SYN-DLBCL-001778",TRUE,"DLBCL","SIM-F004",67,"Male","Black",NA,"I",2013,"Public","Middle","Community",0,20,NA,1286.1989111267,0
"SYN-DLBCL-001779",TRUE,"DLBCL","SIM-F047",58,"Female","Hispanic",0,"I",2017,"Public","Lower","Integrated",1,34,200,263.336520977318,0
"SYN-DLBCL-001780",TRUE,"DLBCL","SIM-F056",71,"Female","Hispanic",0,"II",2019,"Public","Lower",NA,0,44,NA,1781.8997527787,0
"SYN-DLBCL-001781",TRUE,"DLBCL","SIM-F005",81,"Male","Black",1,"II",2018,"Public",NA,"Community",0,45,NA,622.69523999399,1
"SYN-DLBCL-001782",TRUE,"DLBCL","SIM-F025",55,"Male","Black",0,"I",2013,"Public","Higher","Integrated",1,7,70,95.3476133107099,1
"SYN-DLBCL-001783",TRUE,"DLBCL","SIM-F011",79,"Male","Hispanic",0,"III",2019,"Public","Higher","Integrated",0,37,NA,1629.88148839389,1
"SYN-DLBCL-001784",TRUE,"DLBCL","SIM-F036",72,"Male","Black",0,"IV",2020,"Private","Lower","Academic",1,42,NA,87.2181214950979,0
"SYN-DLBCL-001785",TRUE,"DLBCL","SIM-F048",71,"Male","Black",0,"I",2012,NA,"Lower","Community",0,34,NA,2030.93292696518,0
"SYN-DLBCL-001786",TRUE,"DLBCL","SIM-F030",69,"Male","Hispanic",1,"III",2011,"Private","Higher","Academic",0,11,NA,575.305574061933,1
"SYN-DLBCL-001787",TRUE,"DLBCL","SIM-F023",51,"Female","Black",0,"III",2022,"Public","Higher","Integrated",1,44,143,372.292111614529,1
"SYN-DLBCL-001788",TRUE,"DLBCL","SIM-F007",48,"Male","Other",1,"I",2021,"Private","Lower","Academic",1,NA,NA,12.2884894245624,1
"SYN-DLBCL-001789",TRUE,"DLBCL","SIM-F001",79,"Female","Other",2,"I",2011,"Public","Middle","Community",0,27,NA,738.071917891502,0
"SYN-DLBCL-001790",TRUE,"DLBCL","SIM-F021",54,"Male","Hispanic",1,"II",2013,"Private","Middle","Community",0,15,NA,1484.42286044563,1
"SYN-DLBCL-001791",TRUE,"DLBCL","SIM-F029",72,"Female","Other",0,"I",2022,"Private","Lower","Integrated",1,41,175,648.608650471265,1
"SYN-DLBCL-001792",TRUE,"DLBCL","SIM-F050",59,"Male","Other",0,"I",2015,"Private","Higher","Academic",1,19,261,623.977653950632,1
"SYN-DLBCL-001793",TRUE,"DLBCL","SIM-F026",82,"Female","Black",1,"II",2014,"Private","Middle","Academic",0,38,NA,1119.51219148905,1
"SYN-DLBCL-001794",TRUE,"DLBCL","SIM-F027",53,"Female","Black",0,"II",2016,"Private","Higher","Integrated",1,8,131,1724.45795386281,1
"SYN-DLBCL-001795",TRUE,"DLBCL","SIM-F007",56,"Female","Black",0,"I",2013,"Private","Lower","Academic",0,9,NA,2824.24979915028,0
"SYN-DLBCL-001796",TRUE,"DLBCL","SIM-F019",49,"Female","Black",2,"II",2013,"Private","Middle","Academic",1,45,163,785.687559438102,1
"SYN-DLBCL-001797",TRUE,"DLBCL","SIM-F002",69,"Female","Hispanic",0,"I",2022,"Private","Higher","Academic",NA,23,NA,2998.97737702355,0
"SYN-DLBCL-001798",TRUE,"DLBCL","SIM-F032",66,"Female","Hispanic",0,"IV",2018,"Public","Higher","Academic",1,15,144,1679.28914386779,0
"SYN-DLBCL-001799",TRUE,"DLBCL","SIM-F001",52,"Male","Other",1,"I",2022,"Private","Lower","Community",1,37,273,1979.25613221736,0
"SYN-DLBCL-001800",TRUE,"DLBCL","SIM-F048",71,"Male","Other",2,"II",2010,"Private","Higher","Community",0,12,NA,2057.06769407494,0
"SYN-DLBCL-001801",TRUE,"DLBCL","SIM-F005",22,"Female","Black",0,"II",2016,"Private","Middle","Community",1,13,287,914.714589507778,1
"SYN-DLBCL-001802",TRUE,"DLBCL","SIM-F054",68,"Female","Black",0,"I",2016,"Private","Middle","Integrated",0,16,NA,1701.80507492822,1
"SYN-DLBCL-001803",TRUE,"DLBCL","SIM-F001",63,"Male","Black",0,"I",2012,"Private","Lower","Community",1,16,293,1968.39810684556,0
"SYN-DLBCL-001804",TRUE,"DLBCL","SIM-F026",75,"Female","Other",0,"I",2022,"Public","Middle","Academic",1,9,51,2372.56584412185,0
"SYN-DLBCL-001805",TRUE,"DLBCL","SIM-F052",64,"Male","Black",0,"II",2017,NA,"Lower","Academic",0,33,NA,1451.26656000284,1
"SYN-DLBCL-001806",TRUE,"DLBCL","SIM-F041",80,"Male","Black",1,"II",2016,"Public","Middle","Academic",0,27,NA,96.7881987865035,1
"SYN-DLBCL-001807",TRUE,"DLBCL","SIM-F007",77,"Female","Hispanic",2,"I",2013,NA,"Middle","Academic",1,22,61,194.597543252431,1
"SYN-DLBCL-001808",TRUE,"DLBCL","SIM-F042",77,"Male","Other",0,"II",2013,"Private","Higher","Academic",0,38,NA,1739.89557241901,1
"SYN-DLBCL-001809",TRUE,"DLBCL","SIM-F026",57,"Male","Black",1,"II",2019,"Private","Higher","Academic",1,32,146,2693.92156039094,1
"SYN-DLBCL-001810",TRUE,"DLBCL","SIM-F028",56,"Male","Black",1,"IV",2011,"Private","Middle","Community",1,31,74,163.268917213937,1
"SYN-DLBCL-001811",TRUE,"DLBCL","SIM-F036",67,"Female","Other",0,"II",2015,"Public",NA,"Academic",0,8,NA,2959.23133928678,0
"SYN-DLBCL-001812",TRUE,"DLBCL","SIM-F056",77,"Female","Black",1,"II",2011,"Public","Middle","Academic",0,12,NA,683.576025224237,1
"SYN-DLBCL-001813",TRUE,"DLBCL","SIM-F059",70,"Male","Black",0,"I",2021,"Public","Middle","Academic",0,16,NA,2944.72869915422,0
"SYN-DLBCL-001814",TRUE,"DLBCL","SIM-F060",74,"Male","Other",0,"III",2011,"Public","Higher","Academic",0,38,NA,1812.99970368505,0
"SYN-DLBCL-001815",TRUE,"DLBCL","SIM-F028",56,"Female","Black",1,"II",2013,"Private","Lower","Community",1,23,271,1037.94920735322,1
"SYN-DLBCL-001816",TRUE,"DLBCL","SIM-F060",70,"Female","Hispanic",1,"III",2015,"Public","Higher","Academic",1,45,291,1147.21217895965,1
"SYN-DLBCL-001817",TRUE,"DLBCL","SIM-F019",73,"Female","Hispanic",0,"I",2020,"Public","Higher","Academic",1,18,NA,411.372258672039,1
"SYN-DLBCL-001818",TRUE,"DLBCL","SIM-F035",57,"Male","Black",1,"II",2014,"Private","Higher","Integrated",1,28,197,3256.53129634098,0
"SYN-DLBCL-001819",TRUE,"DLBCL","SIM-F060",73,"Male","Hispanic",0,"II",2021,"Public","Middle","Academic",0,34,NA,2940.25548652584,1
"SYN-DLBCL-001820",TRUE,"DLBCL","SIM-F028",58,"Male","Hispanic",0,"II",2019,"Private","Middle","Community",1,31,197,3053.88674901566,0
"SYN-DLBCL-001821",TRUE,"DLBCL","SIM-F048",68,"Male","Other",1,"II",2010,"Public",NA,"Community",1,41,82,202.724666185999,1
"SYN-DLBCL-001822",TRUE,"DLBCL","SIM-F050",88,"Male","Hispanic",0,"III",2017,"Public","Higher","Academic",0,375,NA,370.61035159542,1
"SYN-DLBCL-001823",TRUE,"DLBCL","SIM-F002",69,"Male","Other",0,"I",2013,"Public","Middle","Academic",0,39,NA,570.433671458737,0
"SYN-DLBCL-001824",TRUE,"DLBCL","SIM-F058",74,"Female","Hispanic",2,"I",2012,NA,"Lower","Academic",1,12,NA,154.159195513602,1
"SYN-DLBCL-001825",TRUE,"DLBCL","SIM-F007",49,"Male","Hispanic",0,"I",2014,"Private","Middle","Academic",0,38,NA,2747.21583893057,0
"SYN-DLBCL-001826",TRUE,"DLBCL","SIM-F057",33,"Male","Black",0,"I",2018,"Public",NA,"Community",0,17,NA,2318.54570090887,0
"SYN-DLBCL-001827",TRUE,"DLBCL","SIM-F032",74,"Male","Black",1,"I",2019,"Private","Middle","Academic",0,37,NA,991.216127290633,1
"SYN-DLBCL-001828",TRUE,"DLBCL","SIM-F010",75,"Male","Black",0,"I",2013,"Private","Higher","Integrated",1,15,117,3168.15697213984,0
"SYN-DLBCL-001829",TRUE,"DLBCL","SIM-F009",73,"Male","Black",1,"II",2015,"Private","Lower","Community",0,34,NA,504.26049070689,1
"SYN-DLBCL-001830",TRUE,"DLBCL","SIM-F022",37,"Female","Hispanic",1,"II",2018,"Private","Higher","Integrated",1,16,237,932.953446507454,0
"SYN-DLBCL-001831",TRUE,"DLBCL","SIM-F001",61,"Male","Other",0,"I",2020,"Public","Middle","Community",1,40,NA,48.9336070273847,0
"SYN-DLBCL-001832",TRUE,"DLBCL","SIM-F012",79,"Female","Black",1,"II",2012,"Public","Lower","Community",0,13,NA,663.94720664606,1
"SYN-DLBCL-001833",TRUE,"DLBCL","SIM-F048",65,"Male","Black",1,"II",2010,"Public","Middle","Community",0,21,NA,1405.20913959998,1
"SYN-DLBCL-001834",TRUE,"DLBCL","SIM-F005",63,"Female","Hispanic",0,"III",2017,"Public","Lower","Community",1,11,NA,58.4274122628351,1
"SYN-DLBCL-001835",TRUE,"DLBCL","SIM-F040",90,"Male","Black",2,"I",2015,"Public","Lower","Community",0,20,NA,1030.19694191386,1
"SYN-DLBCL-001836",TRUE,"DLBCL","SIM-F037",39,"Female","Hispanic",0,"I",2015,"Private","Higher","Community",1,NA,NA,4.15466016743731,1
"SYN-DLBCL-001837",TRUE,"DLBCL","SIM-F011",78,"Male","Black",1,"II",2015,"Private","Higher","Integrated",1,27,207,757.68214634823,1
"SYN-DLBCL-001838",TRUE,"DLBCL","SIM-F014",60,"Female","Other",1,"I",2015,"Private","Higher","Integrated",1,5,202,2087.24066458294,1
"SYN-DLBCL-001839",TRUE,"DLBCL","SIM-F013",67,"Female","Hispanic",1,"IV",2013,"Private","Higher","Integrated",0,19,NA,135.099772699177,0
"SYN-DLBCL-001840",TRUE,"DLBCL","SIM-F015",41,"Female","Other",2,"II",2011,"Private","Higher","Academic",1,24,66,1989.81611385476,0
"SYN-DLBCL-001841",TRUE,"DLBCL","SIM-F012",77,"Female","Hispanic",0,"I",2022,"Public","Middle","Community",1,45,76,645.214000940852,1
"SYN-DLBCL-001842",TRUE,"DLBCL","SIM-F051",62,"Male","Hispanic",0,"I",2010,"Private","Middle","Community",NA,19,NA,769.869391173165,0
"SYN-DLBCL-001843",TRUE,"DLBCL","SIM-F060",62,"Female","Other",0,"II",2016,"Public","Middle","Academic",1,14,197,1157.56699767871,1
"SYN-DLBCL-001844",TRUE,"DLBCL","SIM-F055",74,"Female","Hispanic",1,"I",2016,"Private","Middle","Academic",0,40,NA,2489.31287091361,1
"SYN-DLBCL-001845",TRUE,"DLBCL","SIM-F018",64,"Male","Other",1,"I",2010,"Public","Middle","Integrated",1,29,78,2556.5526854503,0
"SYN-DLBCL-001846",TRUE,"DLBCL","SIM-F008",55,"Male","Other",0,"III",2011,"Private","Middle","Academic",1,9,90,291.159355882555,0
"SYN-DLBCL-001847",TRUE,"DLBCL","SIM-F031",52,"Male","Other",0,"I",2021,"Private","Middle","Academic",1,10,215,2292.38207945833,0
"SYN-DLBCL-001848",TRUE,"DLBCL","SIM-F032",56,"Female","Hispanic",0,"I",2021,"Public","Middle","Academic",1,40,127,3092.80114215449,0
"SYN-DLBCL-001849",TRUE,"DLBCL","SIM-F028",70,"Male","Black",2,"II",2015,"Private","Middle","Community",1,30,227,2274.71122582443,0
"SYN-DLBCL-001850",TRUE,"DLBCL","SIM-F034",70,"Female","Black",1,"I",2018,NA,"Lower","Community",1,5,59,1135.12052969865,1
"SYN-DLBCL-001851",TRUE,"DLBCL","SIM-F006",73,"Male","Other",1,"III",2016,"Public","Lower","Integrated",0,35,NA,228.021811685162,1
"SYN-DLBCL-001852",TRUE,"DLBCL","SIM-F003",76,"Female","Other",0,"IV",2015,"Private","Higher","Integrated",1,21,134,2298.40192209566,1
"SYN-DLBCL-001853",TRUE,"DLBCL","SIM-F047",77,"Male","Black",1,"I",2021,"Private","Lower","Integrated",0,8,NA,512.163821157339,1
"SYN-DLBCL-001854",TRUE,"DLBCL","SIM-F020",50,"Female","Hispanic",0,"II",2019,NA,"Lower","Community",1,9,240,3109.02602219372,0
"SYN-DLBCL-001855",TRUE,"DLBCL","SIM-F015",58,"Female","Other",1,"II",2017,"Private","Higher","Academic",1,38,136,2529.84897376387,0
"SYN-DLBCL-001856",TRUE,"DLBCL","SIM-F012",51,"Male","Hispanic",1,"III",2016,"Private","Higher","Community",1,24,187,1840.42473607347,0
"SYN-DLBCL-001857",TRUE,"DLBCL","SIM-F016",87,"Male","Other",1,"I",2010,"Public","Higher","Academic",0,41,NA,76.4614761222176,1
"SYN-DLBCL-001858",TRUE,"DLBCL","SIM-F012",68,"Male","Other",0,"III",2010,"Private","Lower","Community",0,6,NA,1848.8275287929,0
"SYN-DLBCL-001859",TRUE,"DLBCL","SIM-F060",63,"Female","Other",0,"III",2020,"Private","Middle","Academic",0,14,NA,1222.58326324795,0
"SYN-DLBCL-001860",TRUE,"DLBCL","SIM-F052",55,"Male","Black",1,"I",2013,"Public","Higher","Academic",0,16,NA,867.558743796132,1
"SYN-DLBCL-001861",TRUE,"DLBCL","SIM-F027",49,"Female","Other",2,"III",2019,"Private",NA,"Integrated",0,42,NA,2670.71703652269,0
"SYN-DLBCL-001862",TRUE,"DLBCL","SIM-F028",45,"Female","Black",0,"IV",2013,"Private","Higher",NA,0,7,NA,2365.49557329505,0
"SYN-DLBCL-001863",TRUE,"DLBCL","SIM-F051",47,"Male","Other",1,"III",2020,"Public","Middle","Community",1,9,NA,118.346527554095,0
"SYN-DLBCL-001864",TRUE,"DLBCL","SIM-F046",73,"Male","Hispanic",1,"I",2015,"Private",NA,"Academic",0,5,NA,1107.40172439788,1
"SYN-DLBCL-001865",TRUE,"DLBCL","SIM-F048",61,"Male","Other",0,"I",2013,"Private","Middle","Community",1,45,229,2921.02576178328,1
"SYN-DLBCL-001866",TRUE,"DLBCL","SIM-F020",52,"Male","Black",0,"II",2021,"Private","Lower","Community",1,40,154,655.049514826387,0
"SYN-DLBCL-001867",TRUE,"DLBCL","SIM-F054",65,"Male","Other",1,"I",2019,"Private","Higher","Integrated",1,16,131,1714.21070461744,0
"SYN-DLBCL-001868",TRUE,"DLBCL","SIM-F028",66,"Male","Hispanic",0,"II",2021,"Private","Middle","Community",1,29,151,949.801888185905,1
"SYN-DLBCL-001869",TRUE,"DLBCL","SIM-F004",57,"Male","Black",1,"II",2012,"Private","Middle","Community",1,38,63,1133.56232387903,1
"SYN-DLBCL-001870",TRUE,"DLBCL","SIM-F053",58,"Female","Other",1,"II",2020,"Private","Lower","Academic",0,42,NA,2324.74896615585,1
"SYN-DLBCL-001871",TRUE,"DLBCL","SIM-F026",51,"Male","Hispanic",1,"I",2013,NA,"Lower","Academic",1,20,68,1603.19318818931,1
"SYN-DLBCL-001872",TRUE,"DLBCL","SIM-F021",57,"Male","Black",0,"I",2016,"Public","Middle",NA,0,21,NA,1522.92621244176,1
"SYN-DLBCL-001873",TRUE,"DLBCL","SIM-F025",62,"Female","Black",1,"II",2020,"Private","Middle","Integrated",0,11,NA,1829.72517933313,1
"SYN-DLBCL-001874",TRUE,"DLBCL","SIM-F054",52,"Male","Hispanic",2,"I",2010,"Public","Lower","Integrated",1,35,176,1439.40534465272,1
"SYN-DLBCL-001875",TRUE,"DLBCL","SIM-F042",48,"Male","Other",0,"III",2017,"Private","Higher","Academic",1,31,238,2755.49030746566,0
"SYN-DLBCL-001876",TRUE,"DLBCL","SIM-F051",54,"Female","Hispanic",0,"I",2022,"Private","Higher","Community",1,35,285,1700.4694717552,0
"SYN-DLBCL-001877",TRUE,"DLBCL","SIM-F030",61,"Male","Other",1,"I",2019,"Public","Lower","Academic",0,34,NA,164.280622112448,1
"SYN-DLBCL-001878",TRUE,"DLBCL","SIM-F021",55,"Male","Black",0,"III",2021,"Private","Middle","Community",0,29,NA,33.817875949714,0
"SYN-DLBCL-001879",TRUE,"DLBCL","SIM-F021",68,"Female","Hispanic",0,"II",2016,"Public","Lower","Community",1,39,278,2285.56283068843,0
"SYN-DLBCL-001880",TRUE,"DLBCL","SIM-F055",74,"Male","Other",2,"III",2017,"Public","Middle","Academic",0,33,NA,35.35766483203,1
"SYN-DLBCL-001881",TRUE,"DLBCL","SIM-F035",48,"Male","Hispanic",0,"I",2015,"Public",NA,"Integrated",0,21,NA,1815.40363620967,0
"SYN-DLBCL-001882",TRUE,"DLBCL","SIM-F037",61,"Female","Other",1,"II",2022,"Private","Middle","Community",0,14,NA,1536.45638228797,1
"SYN-DLBCL-001883",TRUE,"DLBCL","SIM-F036",75,"Male","Other",1,"I",2020,"Public","Lower","Academic",0,11,NA,38.4181149813942,1
"SYN-DLBCL-001884",TRUE,"DLBCL","SIM-F009",50,"Female","Other",1,"I",2021,"Public",NA,NA,0,38,NA,1519.07830160111,0
"SYN-DLBCL-001885",TRUE,"DLBCL","SIM-F016",65,"Female","Other",1,"II",2020,"Private","Lower",NA,0,19,NA,1317.79880968457,1
"SYN-DLBCL-001886",TRUE,"DLBCL","SIM-F040",79,"Female","Other",1,"I",2018,"Private","Higher","Community",1,37,191,1830.02174087102,0
"SYN-DLBCL-001887",TRUE,"DLBCL","SIM-F016",64,"Female","Other",1,"II",2020,"Private","Middle","Academic",0,28,NA,253.845724348785,1
"SYN-DLBCL-001888",TRUE,"DLBCL","SIM-F056",78,"Female","Other",1,"II",2012,"Public",NA,"Academic",0,5,NA,561.251195456186,1
"SYN-DLBCL-001889",TRUE,"DLBCL","SIM-F001",69,"Female","Black",1,"I",2014,"Public","Lower","Community",0,41,NA,178.388454198881,1
"SYN-DLBCL-001890",TRUE,"DLBCL","SIM-F050",71,"Female","Other",1,"II",2017,"Public","Middle","Academic",0,18,NA,22.3501531652955,0
"SYN-DLBCL-001891",TRUE,"DLBCL","SIM-F050",41,"Male","Other",0,"I",2022,"Private","Lower","Academic",1,24,56,1855.78339185682,0
"SYN-DLBCL-001892",TRUE,"DLBCL","SIM-F026",43,"Male","Other",1,"I",2010,"Private","Middle",NA,1,6,33,3167.19461617991,0
"SYN-DLBCL-001893",TRUE,"DLBCL","SIM-F009",54,"Female","Other",0,"III",2019,"Public","Higher","Community",0,33,NA,923.692023335678,1
"SYN-DLBCL-001894",TRUE,"DLBCL","SIM-F027",78,"Male","Other",0,"II",2015,"Private","Lower","Integrated",0,13,NA,1934.78143840563,0
"SYN-DLBCL-001895",TRUE,"DLBCL","SIM-F043",62,"Male","Black",0,"I",2019,"Public",NA,"Integrated",0,16,NA,2822.68259959179,0
"SYN-DLBCL-001896",TRUE,"DLBCL","SIM-F016",38,"Female","Hispanic",0,"II",2011,"Private","Higher","Academic",1,36,67,2820.4661913448,0
"SYN-DLBCL-001897",TRUE,"DLBCL","SIM-F011",44,"Female","Hispanic",0,"III",2021,NA,"Middle",NA,1,26,205,852.852423396192,1
"SYN-DLBCL-001898",TRUE,"DLBCL","SIM-F035",52,"Female","Hispanic",0,"III",2021,"Private","Higher","Integrated",0,8,NA,2962.5610289129,0
"SYN-DLBCL-001899",TRUE,"DLBCL","SIM-F025",60,"Male","Hispanic",1,"I",2019,"Private","Lower","Integrated",0,43,NA,46.6477692169863,1
"SYN-DLBCL-001900",TRUE,"DLBCL","SIM-F046",65,"Female","Black",1,"I",2015,"Private",NA,"Academic",0,19,NA,193.457191645325,1
"SYN-DLBCL-001901",TRUE,"DLBCL","SIM-F005",50,"Female","Black",1,"I",2021,"Private","Lower","Community",1,32,178,419.040287756769,1
"SYN-DLBCL-001902",TRUE,"DLBCL","SIM-F035",70,"Male","Other",0,"I",2017,"Public",NA,"Integrated",1,26,NA,142.844621259347,1
"SYN-DLBCL-001903",TRUE,"DLBCL","SIM-F005",30,"Female","Hispanic",1,"III",2019,"Private","Lower","Community",1,41,63,1969.13280744106,0
"SYN-DLBCL-001904",TRUE,"DLBCL","SIM-F040",57,"Male","Hispanic",1,"II",2015,"Public","Lower","Community",NA,28,NA,628.215941848287,0
"SYN-DLBCL-001905",TRUE,"DLBCL","SIM-F049",59,"Female","Hispanic",1,"I",2015,"Private","Higher","Academic",1,31,199,715.298154403583,1
"SYN-DLBCL-001906",TRUE,"DLBCL","SIM-F059",66,"Male","Other",1,"II",2022,NA,"Higher","Academic",1,19,84,434.054172711005,1
"SYN-DLBCL-001907",TRUE,"DLBCL","SIM-F051",87,"Male","Black",1,"II",2018,"Private","Higher","Community",0,6,NA,1107.03758877246,1
"SYN-DLBCL-001908",TRUE,"DLBCL","SIM-F007",44,"Female","Hispanic",1,"II",2015,NA,"Higher","Academic",1,30,65,1487.42658715579,0
"SYN-DLBCL-001909",TRUE,"DLBCL","SIM-F054",49,"Male","Other",0,"II",2013,"Private","Middle","Integrated",1,9,67,961.072921156883,0
"SYN-DLBCL-001910",TRUE,"DLBCL","SIM-F021",66,"Female","Hispanic",0,"II",2015,"Private","Higher","Community",1,5,49,1484.51029440854,0
"SYN-DLBCL-001911",TRUE,"DLBCL","SIM-F012",48,"Female","Hispanic",0,"II",2020,"Private","Middle","Community",1,30,141,2978.89319384936,0
"SYN-DLBCL-001912",TRUE,"DLBCL","SIM-F049",67,"Female","Hispanic",0,"IV",2017,"Private","Lower","Academic",0,13,NA,2513.37144084042,0
"SYN-DLBCL-001913",TRUE,"DLBCL","SIM-F039",48,"Female","Hispanic",0,"II",2012,"Private","Lower","Integrated",0,34,NA,1406.88370294869,0
"SYN-DLBCL-001914",TRUE,"DLBCL","SIM-F020",65,"Female","Other",1,"II",2014,"Public","Higher","Community",0,14,NA,268.451316202225,1
"SYN-DLBCL-001915",TRUE,"DLBCL","SIM-F006",73,"Female","Other",1,"I",2022,"Public","Lower","Integrated",NA,23,157,869.12115091458,0
"SYN-DLBCL-001916",TRUE,"DLBCL","SIM-F021",74,"Female","Black",1,"III",2017,"Public","Higher","Community",0,6,NA,998.093238432963,1
"SYN-DLBCL-001917",TRUE,"DLBCL","SIM-F035",63,"Male","Other",0,"II",2011,"Public","Middle","Integrated",0,35,NA,1691.14698037505,0
"SYN-DLBCL-001918",TRUE,"DLBCL","SIM-F058",63,"Male","Hispanic",1,"II",2013,"Private","Higher","Academic",0,21,NA,1569.94761877709,1
"SYN-DLBCL-001919",TRUE,"DLBCL","SIM-F043",51,"Male","Other",0,"III",2014,"Private","Higher","Integrated",1,30,NA,32.5916470185072,1
"SYN-DLBCL-001920",TRUE,"DLBCL","SIM-F028",70,"Female","Other",0,"II",2021,"Public","Middle","Community",1,21,149,1959.56025660919,1
"SYN-DLBCL-001921",TRUE,"DLBCL","SIM-F053",67,"Female","Hispanic",1,"I",2015,"Private","Higher","Academic",0,37,NA,1479.39158145869,1
"SYN-DLBCL-001922",TRUE,"DLBCL","SIM-F052",74,"Female","Hispanic",2,"I",2013,"Public","Higher","Academic",0,375,NA,169.977802329949,1
"SYN-DLBCL-001923",TRUE,"DLBCL","SIM-F038",60,"Male","Hispanic",0,"I",2017,"Private","Lower","Community",1,12,209,1903.93985890201,0
"SYN-DLBCL-001924",TRUE,"DLBCL","SIM-F012",68,"Female","Other",1,"II",2018,"Private","Middle","Community",1,38,199,3036.37761328369,0
"SYN-DLBCL-001925",TRUE,"DLBCL","SIM-F029",55,"Female","Hispanic",1,"I",2021,"Public","Lower","Integrated",0,NA,NA,32.7509858799678,1
"SYN-DLBCL-001926",TRUE,"DLBCL","SIM-F008",70,"Male","Hispanic",0,"IV",2014,"Private","Middle","Academic",1,42,199,1454.1818721125,1
"SYN-DLBCL-001927",TRUE,"DLBCL","SIM-F039",80,"Female","Other",0,"II",2022,"Public",NA,NA,0,25,NA,30.7934565594998,1
"SYN-DLBCL-001928",TRUE,"DLBCL","SIM-F050",39,"Male","Hispanic",0,"I",2011,"Private","Lower",NA,1,33,188,299.660724169427,0
"SYN-DLBCL-001929",TRUE,"DLBCL","SIM-F024",61,"Female","Hispanic",1,"I",2010,"Private","Lower","Integrated",1,9,271,2379.43360990266,1
"SYN-DLBCL-001930",TRUE,"DLBCL","SIM-F016",67,"Female","Other",0,"II",2022,"Public","Lower","Academic",1,20,229,1641.00126094068,0
"SYN-DLBCL-001931",TRUE,"DLBCL","SIM-F049",71,"Male","Black",1,"II",2015,"Public","Higher",NA,0,38,NA,1313.06395004935,1
"SYN-DLBCL-001932",TRUE,"DLBCL","SIM-F025",87,"Male","Other",2,"I",2012,"Public","Higher","Integrated",1,42,174,829.781382904036,1
"SYN-DLBCL-001933",TRUE,"DLBCL","SIM-F059",81,"Male","Hispanic",1,"I",2010,"Public","Lower","Academic",0,40,NA,357.787467275556,1
"SYN-DLBCL-001934",TRUE,"DLBCL","SIM-F027",44,"Female","Other",1,"III",2018,"Private","Middle","Integrated",1,43,121,2362.238374874,0
"SYN-DLBCL-001935",TRUE,"DLBCL","SIM-F009",47,"Male","Other",1,"I",2015,"Private","Lower","Community",1,33,NA,70.0162014551461,0
"SYN-DLBCL-001936",TRUE,"DLBCL","SIM-F047",76,"Female","Black",1,"I",2014,"Private","Lower","Integrated",0,43,NA,1507.7932038717,0
"SYN-DLBCL-001937",TRUE,"DLBCL","SIM-F019",43,"Female","Black",0,"I",2020,"Public","Lower",NA,1,375,244,1132.81132014972,1
"SYN-DLBCL-001938",TRUE,"DLBCL","SIM-F001",72,"Male","Hispanic",0,"III",2017,"Private","Lower","Community",1,11,93,1759.42411728553,0
"SYN-DLBCL-001939",TRUE,"DLBCL","SIM-F019",64,"Male","Black",1,"II",2012,"Public","Higher","Academic",1,10,48,1935.76761345263,0
"SYN-DLBCL-001940",TRUE,"DLBCL","SIM-F021",90,"Female","Hispanic",1,"II",2014,"Public","Lower","Community",0,39,NA,319.44054324614,1
"SYN-DLBCL-001941",TRUE,"DLBCL","SIM-F043",65,"Female","Other",1,"III",2011,"Public","Higher","Integrated",0,28,NA,51.5537770621136,0
"SYN-DLBCL-001942",TRUE,"DLBCL","SIM-F048",69,"Female","Black",2,"I",2017,"Private","Higher","Community",0,24,NA,1721.69413213474,1
"SYN-DLBCL-001943",TRUE,"DLBCL","SIM-F012",69,"Male","Other",0,"I",2016,"Public","Middle","Community",0,21,NA,2106.91201725234,1
"SYN-DLBCL-001944",TRUE,"DLBCL","SIM-F022",74,"Female","Hispanic",0,"III",2016,"Public","Higher","Integrated",0,9,NA,1871.11133174272,0
"SYN-DLBCL-001945",TRUE,"DLBCL","SIM-F029",63,"Male","Other",0,"I",2010,"Public","Lower","Integrated",1,29,74,1681.69450368889,1
"SYN-DLBCL-001946",TRUE,"DLBCL","SIM-F056",90,"Male","Hispanic",1,"I",2013,"Public","Middle","Academic",0,NA,NA,9.05586629305879,1
"SYN-DLBCL-001947",TRUE,"DLBCL","SIM-F050",66,"Female","Hispanic",1,"II",2010,"Public","Middle","Academic",0,28,NA,1048.61342440114,1
"SYN-DLBCL-001948",TRUE,"DLBCL","SIM-F003",55,"Female","Hispanic",1,"III",2015,"Private",NA,"Integrated",1,21,76,3005.74452685192,0
"SYN-DLBCL-001949",TRUE,"DLBCL","SIM-F059",53,"Female","Other",0,"II",2011,"Private","Middle","Academic",1,20,93,97.7080892831605,0
"SYN-DLBCL-001950",TRUE,"DLBCL","SIM-F023",72,"Male","Black",0,"I",2017,"Private","Higher","Integrated",1,9,161,742.980201793159,1
"SYN-DLBCL-001951",TRUE,"DLBCL","SIM-F020",60,"Female","Other",0,"II",2022,"Public","Lower","Community",0,41,NA,2847.78107282124,0
"SYN-DLBCL-001952",TRUE,"DLBCL","SIM-F054",57,"Male","Black",0,"II",2012,"Public","Higher","Integrated",1,375,68,2145.534976708,0
"SYN-DLBCL-001953",TRUE,"DLBCL","SIM-F011",47,"Female","Other",1,"II",2017,"Private",NA,"Integrated",1,15,126,1931.6253684503,1
"SYN-DLBCL-001954",TRUE,"DLBCL","SIM-F057",41,"Male","Black",1,"IV",2020,"Public","Middle","Community",1,35,170,236.058880495334,0
"SYN-DLBCL-001955",TRUE,"DLBCL","SIM-F054",48,"Male","Hispanic",1,"II",2016,"Private","Middle","Integrated",1,27,NA,224.972757263563,0
"SYN-DLBCL-001956",TRUE,"DLBCL","SIM-F033",65,"Female","Black",1,"II",2015,"Public","Middle","Community",0,18,NA,2302.55810092969,1
"SYN-DLBCL-001957",TRUE,"DLBCL","SIM-F026",56,"Male","Black",0,"II",2011,"Public","Middle","Academic",1,43,184,2923.4052716312,0
"SYN-DLBCL-001958",TRUE,"DLBCL","SIM-F040",80,"Male","Other",2,"I",2018,"Private","Middle","Community",0,33,NA,202.498331627037,1
"SYN-DLBCL-001959",TRUE,"DLBCL","SIM-F025",32,"Male","Black",1,"I",2016,NA,"Higher","Integrated",1,28,250,708.756936583668,0
"SYN-DLBCL-001960",TRUE,"DLBCL","SIM-F058",67,"Male","Hispanic",1,"I",2020,"Public","Higher","Academic",1,28,102,1688.8404798077,0
"SYN-DLBCL-001961",TRUE,"DLBCL","SIM-F041",51,"Male","Other",0,"I",2016,"Private","Middle","Academic",1,38,NA,41.0492786765099,0
"SYN-DLBCL-001962",TRUE,"DLBCL","SIM-F031",47,"Female","Black",0,"III",2016,"Private","Lower","Academic",1,5,73,112.003041276553,1
"SYN-DLBCL-001963",TRUE,"DLBCL","SIM-F008",65,"Female","Hispanic",0,"II",2016,NA,"Lower","Academic",1,41,165,2898.28761174809,0
"SYN-DLBCL-001964",TRUE,"DLBCL","SIM-F039",65,"Male","Other",0,"II",2018,"Private","Lower","Integrated",1,29,93,307.969622382065,1
"SYN-DLBCL-001965",TRUE,"DLBCL","SIM-F030",65,"Male","Other",2,"II",2016,"Public","Lower","Academic",0,13,NA,423.652516699361,1
"SYN-DLBCL-001966",TRUE,"DLBCL","SIM-F037",60,"Female","Hispanic",0,"II",2012,"Private","Lower","Community",1,10,121,2547.94693650378,1
"SYN-DLBCL-001967",TRUE,"DLBCL","SIM-F057",86,"Female","Hispanic",1,"II",2020,"Private","Middle","Community",1,8,258,822.083791740022,1
"SYN-DLBCL-001968",TRUE,"DLBCL","SIM-F025",62,"Female","Other",0,"I",2012,"Private",NA,"Integrated",1,38,85,2640.94415668747,0
"SYN-DLBCL-001969",TRUE,"DLBCL","SIM-F013",71,"Female","Other",0,"II",2014,"Private","Middle","Integrated",1,7,232,661.556487632405,1
"SYN-DLBCL-001970",TRUE,"DLBCL","SIM-F041",53,"Male","Other",0,"I",2014,"Private","Middle","Academic",0,34,NA,77.4508632741192,1
"SYN-DLBCL-001971",TRUE,"DLBCL","SIM-F019",51,"Female","Other",1,"II",2017,"Private","Middle","Academic",1,42,158,2691.77446242771,0
"SYN-DLBCL-001972",TRUE,"DLBCL","SIM-F044",57,"Female","Black",0,"II",2011,"Private","Middle","Academic",0,25,NA,1888.86481920141,0
"SYN-DLBCL-001973",TRUE,"DLBCL","SIM-F015",62,"Male","Other",1,"I",2017,"Private","Lower","Academic",1,30,298,1507.5606439868,0
"SYN-DLBCL-001974",TRUE,"DLBCL","SIM-F033",59,"Female","Hispanic",0,"I",2016,"Private",NA,"Community",1,41,177,204.805559852429,1
"SYN-DLBCL-001975",TRUE,"DLBCL","SIM-F044",61,"Female","Black",1,"II",2014,"Private","Lower","Academic",0,12,NA,351.449434637195,1
"SYN-DLBCL-001976",TRUE,"DLBCL","SIM-F010",34,"Female","Other",0,"I",2011,"Private","Middle","Integrated",0,11,NA,1220.0664788112,0
"SYN-DLBCL-001977",TRUE,"DLBCL","SIM-F023",55,"Male","Black",2,"I",2014,"Public","Lower","Integrated",0,34,NA,1626.46459197792,1
"SYN-DLBCL-001978",TRUE,"DLBCL","SIM-F038",90,"Male","Other",0,"I",2019,"Private","Lower","Community",1,41,277,508.397703886399,1
"SYN-DLBCL-001979",TRUE,"DLBCL","SIM-F022",65,"Female","Other",0,"I",2016,"Public","Middle","Integrated",0,38,NA,1121.95761169526,1
"SYN-DLBCL-001980",TRUE,"DLBCL","SIM-F023",73,"Male","Other",0,"III",2010,"Public","Lower","Integrated",0,40,NA,3128.41913315584,0
"SYN-DLBCL-001981",TRUE,"DLBCL","SIM-F023",77,"Male","Hispanic",0,"II",2013,"Private","Lower","Integrated",0,8,NA,1308.5056914034,1
"SYN-DLBCL-001982",TRUE,"DLBCL","SIM-F022",65,"Female","Black",0,"I",2015,"Public","Middle","Integrated",0,37,NA,814.977195589914,1
"SYN-DLBCL-001983",TRUE,"DLBCL","SIM-F053",77,"Female","Black",1,"I",2010,"Public","Middle","Academic",0,24,NA,618.321883752474,1
"SYN-DLBCL-001984",TRUE,"DLBCL","SIM-F044",88,"Male","Other",2,"I",2010,"Private","Lower","Academic",0,27,NA,1292.78546415562,1
"SYN-DLBCL-001985",TRUE,"DLBCL","SIM-F031",53,"Male","Other",0,"I",2011,"Public","Lower","Academic",1,12,47,2445.28333841241,0
"SYN-DLBCL-001986",TRUE,"DLBCL","SIM-F035",66,"Male","Black",0,"I",2019,NA,"Lower",NA,1,6,190,1478.30450653215,0
"SYN-DLBCL-001987",TRUE,"DLBCL","SIM-F025",48,"Female","Hispanic",0,"II",2020,"Private","Middle","Integrated",1,NA,NA,16.072483962445,1
"SYN-DLBCL-001988",TRUE,"DLBCL","SIM-F058",70,"Male","Hispanic",1,"I",2013,"Private","Lower","Academic",1,12,161,604.641805159226,1
"SYN-DLBCL-001989",TRUE,"DLBCL","SIM-F014",62,"Male","Other",1,"IV",2012,"Private","Middle","Integrated",0,22,NA,614.342081344442,1
"SYN-DLBCL-001990",TRUE,"DLBCL","SIM-F002",77,"Male","Hispanic",0,"IV",2020,"Public","Middle","Academic",1,12,104,760.17431497103,1
"SYN-DLBCL-001991",TRUE,"DLBCL","SIM-F004",78,"Female","Other",0,"II",2011,"Public","Higher","Community",1,28,242,681.784206870943,0
"SYN-DLBCL-001992",TRUE,"DLBCL","SIM-F014",48,"Female","Other",1,"II",2017,"Private","Higher","Integrated",0,35,NA,929.658148483759,0
"SYN-DLBCL-001993",TRUE,"DLBCL","SIM-F043",50,"Male","Hispanic",1,"IV",2016,"Private","Higher","Integrated",0,45,NA,1649.58951968816,0
"SYN-DLBCL-001994",TRUE,"DLBCL","SIM-F044",45,"Male","Black",0,"II",2010,"Private","Higher","Academic",1,43,66,1906.02226667166,0
"SYN-DLBCL-001995",TRUE,"DLBCL","SIM-F049",66,"Female","Black",1,"I",2015,"Public","Lower","Academic",0,39,NA,1260.87140571659,1
"SYN-DLBCL-001996",TRUE,"DLBCL","SIM-F005",88,"Female","Other",0,"II",2016,"Public","Lower","Community",0,22,NA,1420.19866972582,1
"SYN-DLBCL-001997",TRUE,"DLBCL","SIM-F011",46,"Male","Black",0,"II",2020,"Private","Lower","Integrated",1,26,NA,99.9670234386336,0
"SYN-DLBCL-001998",TRUE,"DLBCL","SIM-F005",57,"Male","Black",1,"I",2013,"Private",NA,"Community",0,27,NA,2325.00666736974,0
"SYN-DLBCL-001999",TRUE,"DLBCL","SIM-F013",69,"Female","Hispanic",1,"II",2020,"Public","Higher","Integrated",0,9,NA,1971.7292059178,0
"SYN-DLBCL-002000",TRUE,"DLBCL","SIM-F004",57,"Female","Black",1,"II",2019,"Public","Lower",NA,1,44,264,1292.3797946309,1
"SYN-DLBCL-002001",TRUE,"DLBCL","SIM-F058",67,"Female","Other",1,"II",2020,"Private","Lower","Academic",1,22,297,2021.11507331893,1
"SYN-DLBCL-002002",TRUE,"DLBCL","SIM-F001",43,"Male","Black",1,"I",2015,"Private","Higher","Community",1,45,248,2247.86506702309,0
"SYN-DLBCL-002003",TRUE,"DLBCL","SIM-F025",51,"Female","Hispanic",0,"III",2010,"Public","Middle","Integrated",1,43,117,620.706936897755,1
"SYN-DLBCL-002004",TRUE,"DLBCL","SIM-F002",72,"Female","Other",1,"I",2011,"Public","Higher","Academic",0,37,NA,2279.89811715321,0
"SYN-DLBCL-002005",TRUE,"DLBCL","SIM-F055",65,"Male","Black",0,"I",2020,"Private","Lower","Academic",NA,25,NA,3213.73893223586,0
"SYN-DLBCL-002006",TRUE,"DLBCL","SIM-F012",61,"Female","Hispanic",0,"I",2019,"Private",NA,"Community",1,33,219,938.165737863753,1
"SYN-DLBCL-002007",TRUE,"DLBCL","SIM-F052",85,"Male","Other",0,"I",2016,"Public","Higher","Academic",0,21,NA,668.246973110306,1
"SYN-DLBCL-002008",TRUE,"DLBCL","SIM-F058",71,"Female","Other",0,"I",2018,"Private","Higher",NA,1,26,292,605.181316674909,1
"SYN-DLBCL-002009",TRUE,"DLBCL","SIM-F028",60,"Female","Black",1,"II",2014,NA,"Middle","Community",1,13,167,2098.53734844597,0
"SYN-DLBCL-002010",TRUE,"DLBCL","SIM-F026",63,"Male","Other",1,"I",2021,"Public","Higher","Academic",0,32,NA,1661.50647800765,0
"SYN-DLBCL-002011",TRUE,"DLBCL","SIM-F010",64,"Male","Black",1,"I",2018,"Public","Lower","Integrated",1,30,109,210.873371778812,1
"SYN-DLBCL-002012",TRUE,"DLBCL","SIM-F039",56,"Female","Hispanic",0,"I",2021,"Private","Higher","Integrated",1,18,231,2023.2827500056,0
"SYN-DLBCL-002013",TRUE,"DLBCL","SIM-F047",29,"Male","Other",0,"IV",2016,"Private","Lower","Integrated",1,21,279,288.674603551626,0
"SYN-DLBCL-002014",TRUE,"DLBCL","SIM-F032",70,"Female","Other",2,"I",2017,"Public","Higher","Academic",1,38,272,449.930943613932,1
"SYN-DLBCL-002015",TRUE,"DLBCL","SIM-F004",53,"Male","Other",0,"I",2015,"Public","Lower","Community",1,39,228,1590.25065913796,0
"SYN-DLBCL-002016",TRUE,"DLBCL","SIM-F023",69,"Female","Other",0,"I",2020,"Public",NA,"Integrated",1,14,149,295.581486396588,1
"SYN-DLBCL-002017",TRUE,"DLBCL","SIM-F021",78,"Male","Hispanic",1,"II",2016,"Private","Middle","Community",1,38,278,1651.48662269581,0
"SYN-DLBCL-002018",TRUE,"DLBCL","SIM-F037",54,"Male","Hispanic",2,"II",2012,NA,"Lower","Community",1,43,294,1768.42509304639,0
"SYN-DLBCL-002019",TRUE,"DLBCL","SIM-F006",61,"Male","Black",0,"II",2010,"Private","Lower",NA,0,23,NA,1058.25465097801,1
"SYN-DLBCL-002020",TRUE,"DLBCL","SIM-F029",60,"Male","Other",1,"II",2020,"Private","Lower","Integrated",1,12,63,1735.11579263955,0
"SYN-DLBCL-002021",TRUE,"DLBCL","SIM-F034",39,"Female","Other",0,"I",2017,NA,"Lower","Community",1,34,202,2379.82279793592,0
"SYN-DLBCL-002022",TRUE,"DLBCL","SIM-F039",52,"Male","Other",1,"IV",2016,"Private","Middle","Integrated",0,7,NA,301.63943210956,1
"SYN-DLBCL-002023",TRUE,"DLBCL","SIM-F012",70,"Female","Black",1,"I",2018,"Public","Higher",NA,0,45,NA,2965.20396007341,0
"SYN-DLBCL-002024",TRUE,"DLBCL","SIM-F005",66,"Female","Black",0,"I",2019,"Public","Middle","Community",1,41,294,1835.45113295317,0
"SYN-DLBCL-002025",TRUE,"DLBCL","SIM-F001",44,"Female","Hispanic",1,"III",2016,"Private","Lower","Community",0,39,NA,1553.97195965867,0
"SYN-DLBCL-002026",TRUE,"DLBCL","SIM-F018",41,"Female","Black",0,"II",2011,"Private","Middle","Integrated",0,29,NA,3274.45750787389,0
"SYN-DLBCL-002027",TRUE,"DLBCL","SIM-F001",26,"Male","Other",0,"II",2019,NA,"Higher","Community",1,33,130,2653.87737665093,0
"SYN-DLBCL-002028",TRUE,"DLBCL","SIM-F049",51,"Female","Black",1,"I",2016,"Private",NA,"Academic",0,35,NA,70.5139127986955,1
"SYN-DLBCL-002029",TRUE,"DLBCL","SIM-F001",64,"Male","Hispanic",2,"II",2017,"Private","Lower","Community",0,41,NA,855.810247528738,1
"SYN-DLBCL-002030",TRUE,"DLBCL","SIM-F049",90,"Female","Other",0,"II",2022,"Public","Lower","Academic",1,20,166,1524.77641156791,0
"SYN-DLBCL-002031",TRUE,"DLBCL","SIM-F060",65,"Male","Hispanic",1,"IV",2013,"Public","Higher","Academic",0,8,NA,1551.84746289393,0
"SYN-DLBCL-002032",TRUE,"DLBCL","SIM-F040",52,"Female","Other",0,"I",2018,"Public","Middle","Community",1,23,142,2361.71117093996,0
"SYN-DLBCL-002033",TRUE,"DLBCL","SIM-F013",63,"Male","Black",0,"I",2011,"Private","Higher","Integrated",1,25,112,358.518326295676,1
"SYN-DLBCL-002034",TRUE,"DLBCL","SIM-F001",70,"Male","Other",0,"I",2011,"Public","Lower","Community",0,16,NA,818.270637913225,1
"SYN-DLBCL-002035",TRUE,"DLBCL","SIM-F008",37,"Female","Hispanic",1,"II",2011,"Private","Higher","Academic",1,9,65,2165.66249663243,0
"SYN-DLBCL-002036",TRUE,"DLBCL","SIM-F032",69,"Female","Black",1,"I",2014,"Public",NA,"Academic",0,14,NA,475.19833341989,1
"SYN-DLBCL-002037",TRUE,"DLBCL","SIM-F044",55,"Female","Black",0,"I",2011,NA,"Lower","Academic",0,19,NA,103.480463261224,1
"SYN-DLBCL-002038",TRUE,"DLBCL","SIM-F048",53,"Male","Other",0,"I",2014,"Private","Higher","Community",0,16,NA,1538.47282709554,0
"SYN-DLBCL-002039",TRUE,"DLBCL","SIM-F057",48,"Female","Black",1,"II",2022,"Private","Lower","Community",0,40,NA,944.485323373228,0
"SYN-DLBCL-002040",TRUE,"DLBCL","SIM-F040",75,"Male","Hispanic",1,"III",2020,"Public","Lower","Community",1,45,103,1346.13349286628,1
"SYN-DLBCL-002041",TRUE,"DLBCL","SIM-F002",38,"Male","Black",0,"II",2010,"Private","Higher","Academic",1,NA,NA,10.6670677129312,1
"SYN-DLBCL-002042",TRUE,"DLBCL","SIM-F030",67,"Male","Hispanic",0,"II",2021,"Private","Middle","Academic",0,44,NA,2587.91701097158,0
"SYN-DLBCL-002043",TRUE,"DLBCL","SIM-F059",77,"Female","Hispanic",1,"II",2020,"Private","Lower","Academic",1,33,152,1327.07733119334,0
"SYN-DLBCL-002044",TRUE,"DLBCL","SIM-F004",69,"Female","Other",1,"I",2018,"Public","Lower","Community",0,10,NA,1480.86734173366,1
"SYN-DLBCL-002045",TRUE,"DLBCL","SIM-F056",64,"Female","Other",0,"II",2020,"Private",NA,"Academic",0,375,NA,815.635349841474,0
"SYN-DLBCL-002046",TRUE,"DLBCL","SIM-F012",75,"Male","Hispanic",0,"I",2022,"Private","Middle","Community",0,14,NA,1521.83156939223,0
"SYN-DLBCL-002047",TRUE,"DLBCL","SIM-F034",53,"Female","Other",0,"I",2021,"Private","Lower","Community",1,26,275,1302.21145557961,1
"SYN-DLBCL-002048",TRUE,"DLBCL","SIM-F053",83,"Female","Other",0,"I",2010,"Private",NA,NA,1,23,216,329.187807496637,0
"SYN-DLBCL-002049",TRUE,"DLBCL","SIM-F010",61,"Male","Black",2,"II",2017,"Public","Higher","Integrated",1,44,148,1406.15599666014,1
"SYN-DLBCL-002050",TRUE,"DLBCL","SIM-F057",69,"Male","Hispanic",0,"I",2019,"Private","Lower","Community",0,28,NA,253.966163795182,1
"SYN-DLBCL-002051",TRUE,"DLBCL","SIM-F003",44,"Female","Black",1,"IV",2010,"Private","Higher","Integrated",0,40,NA,NA,0
"SYN-DLBCL-002052",TRUE,"DLBCL","SIM-F023",56,"Female","Hispanic",1,"II",2012,"Public","Higher","Integrated",0,8,NA,43.2177573852696,1
"SYN-DLBCL-002053",TRUE,"DLBCL","SIM-F025",63,"Female","Black",1,"II",2021,"Private","Middle",NA,1,35,79,1681.039804928,0
"SYN-DLBCL-002054",TRUE,"DLBCL","SIM-F014",60,"Male","Hispanic",0,"II",2012,"Private","Middle","Integrated",0,27,NA,3126.34192117611,0
"SYN-DLBCL-002055",TRUE,"DLBCL","SIM-F040",71,"Male","Other",0,"III",2019,"Public","Middle","Community",1,21,70,269.84858026527,1
"SYN-DLBCL-002056",TRUE,"DLBCL","SIM-F035",83,"Male","Other",2,"I",2019,"Private","Higher","Integrated",0,23,NA,1566.70397621648,1
"SYN-DLBCL-002057",TRUE,"DLBCL","SIM-F018",43,"Male","Other",0,"II",2022,"Public","Middle","Integrated",0,21,NA,24.4731783911823,1
"SYN-DLBCL-002058",TRUE,"DLBCL","SIM-F041",67,"Female","Black",0,"IV",2013,"Private","Higher","Academic",0,35,NA,1871.75955758335,1
"SYN-DLBCL-002059",TRUE,"DLBCL","SIM-F006",63,"Female","Other",0,"I",2020,"Private","Lower","Integrated",0,22,NA,1630.23403078201,0
"SYN-DLBCL-002060",TRUE,"DLBCL","SIM-F025",50,"Female","Black",0,"II",2010,"Public","Middle","Integrated",1,11,188,2001.9462643913,0
"SYN-DLBCL-002061",TRUE,"DLBCL","SIM-F047",33,"Male","Hispanic",0,"I",2016,"Public","Middle","Integrated",1,9,257,1747.33236895059,0
"SYN-DLBCL-002062",TRUE,"DLBCL","SIM-F045",61,"Female","Other",0,"II",2019,"Private","Higher","Community",1,30,302,2828.13238153314,1
"SYN-DLBCL-002063",TRUE,"DLBCL","SIM-F026",56,"Male","Hispanic",1,"II",2021,"Public","Lower","Academic",0,37,NA,2044.05067001197,1
"SYN-DLBCL-002064",TRUE,"DLBCL","SIM-F021",74,"Female","Other",0,"II",2016,"Public","Middle","Community",0,5,NA,1843.37266126182,0
"SYN-DLBCL-002065",TRUE,"DLBCL","SIM-F001",24,"Female","Hispanic",0,"III",2020,"Private","Middle","Community",1,28,NA,50.8349452726543,0
"SYN-DLBCL-002066",TRUE,"DLBCL","SIM-F009",71,"Male","Other",1,"I",2019,"Public","Lower","Community",1,11,NA,163.43990253675,1
"SYN-DLBCL-002067",TRUE,"DLBCL","SIM-F045",70,"Male","Other",0,"II",2015,"Public","Higher","Community",1,24,86,1745.88737292206,1
"SYN-DLBCL-002068",TRUE,"DLBCL","SIM-F042",87,"Female","Black",0,"II",2013,"Public","Middle","Academic",0,27,NA,40.9273597039282,0
"SYN-DLBCL-002069",TRUE,"DLBCL","SIM-F038",71,"Male","Hispanic",0,"II",2020,NA,"Middle","Community",1,45,69,2512.6122431329,0
"SYN-DLBCL-002070",TRUE,"DLBCL","SIM-F018",70,"Female","Hispanic",1,"III",2015,"Public","Higher","Integrated",0,6,NA,1460.08347005933,0
"SYN-DLBCL-002071",TRUE,"DLBCL","SIM-F055",58,"Female","Hispanic",0,"II",2012,"Private","Lower","Academic",1,25,NA,36.9601029434613,1
"SYN-DLBCL-002072",TRUE,"DLBCL","SIM-F026",86,"Female","Black",0,"I",2015,"Public",NA,"Academic",1,21,57,1889.13181724725,0
"SYN-DLBCL-002073",TRUE,"DLBCL","SIM-F016",69,"Male","Other",0,"I",2021,"Private","Lower","Academic",0,23,NA,1742.52355846344,0
"SYN-DLBCL-002074",TRUE,"DLBCL","SIM-F030",64,"Female","Hispanic",1,"I",2017,"Private","Higher","Academic",1,19,195,231.163587609111,1
"SYN-DLBCL-002075",TRUE,"DLBCL","SIM-F018",52,"Male","Hispanic",0,"I",2015,"Public","Lower","Integrated",0,38,NA,1973.38269577271,1
"SYN-DLBCL-002076",TRUE,"DLBCL","SIM-F017",74,"Female","Other",1,"I",2014,NA,"Higher","Academic",0,21,NA,1168.58715131879,0
"SYN-DLBCL-002077",TRUE,"DLBCL","SIM-F015",77,"Male","Black",0,"II",2012,"Public","Higher","Academic",0,39,NA,1141.71954324469,0
"SYN-DLBCL-002078",TRUE,"DLBCL","SIM-F060",53,"Male","Other",0,"I",2021,"Private","Lower","Academic",1,33,290,313.523014996152,1
"SYN-DLBCL-002079",TRUE,"DLBCL","SIM-F052",47,"Male","Hispanic",0,"II",2020,"Public","Higher","Academic",1,23,290,875.897852937891,1
"SYN-DLBCL-002080",TRUE,"DLBCL","SIM-F011",45,"Female","Other",0,"I",2012,"Private","Lower","Integrated",1,27,188,2491.34402153664,0
"SYN-DLBCL-002081",TRUE,"DLBCL","SIM-F049",59,"Male","Black",0,"II",2012,"Private","Lower","Academic",1,9,NA,75.8311668068088,1
"SYN-DLBCL-002082",TRUE,"DLBCL","SIM-F026",59,"Male","Other",0,"II",2019,"Private","Middle","Academic",0,375,NA,86.107224832928,1
"SYN-DLBCL-002083",TRUE,"DLBCL","SIM-F045",73,"Male","Black",0,"IV",2016,"Public","Middle","Community",0,28,NA,1604.25793289802,1
"SYN-DLBCL-002084",TRUE,"DLBCL","SIM-F056",75,"Female","Hispanic",1,"I",2010,"Public","Higher","Academic",0,38,NA,2405.73754740413,0
"SYN-DLBCL-002085",TRUE,"DLBCL","SIM-F018",53,"Male","Black",2,"I",2020,"Private","Middle","Integrated",0,14,NA,2441.58477318878,1
"SYN-DLBCL-002086",TRUE,"DLBCL","SIM-F019",49,"Female","Other",0,"II",2013,"Private","Lower","Academic",1,5,154,738.973673835147,0
"SYN-DLBCL-002087",TRUE,"DLBCL","SIM-F001",63,"Male","Hispanic",1,"II",2021,"Private","Middle",NA,0,18,NA,62.9201840352801,0
"SYN-DLBCL-002088",TRUE,"DLBCL","SIM-F016",68,"Male","Hispanic",0,"II",2012,"Public","Lower","Academic",0,10,NA,448.54560841324,1
"SYN-DLBCL-002089",TRUE,"DLBCL","SIM-F046",64,"Female","Hispanic",1,"III",2015,"Public","Middle","Academic",0,12,NA,2936.16014282566,1
"SYN-DLBCL-002090",TRUE,"DLBCL","SIM-F007",62,"Female","Other",0,"II",2011,"Private","Higher","Academic",0,27,NA,327.539830352219,1
"SYN-DLBCL-002091",TRUE,"DLBCL","SIM-F044",63,"Male","Other",1,"II",2014,"Private","Middle","Academic",1,34,282,2027.14123560232,0
"SYN-DLBCL-002092",TRUE,"DLBCL","SIM-F041",39,"Male","Hispanic",0,"II",2016,"Private","Higher","Academic",1,39,183,2082.97641313635,0
"SYN-DLBCL-002093",TRUE,"DLBCL","SIM-F027",78,"Female","Other",0,"III",2014,"Public",NA,"Integrated",0,35,NA,1075.26912958002,0
"SYN-DLBCL-002094",TRUE,"DLBCL","SIM-F047",68,"Female","Black",1,"III",2010,"Private","Lower","Integrated",1,12,38,192.023587700756,1
"SYN-DLBCL-002095",TRUE,"DLBCL","SIM-F040",77,"Male","Hispanic",0,"I",2013,"Public","Middle","Community",0,29,NA,522.90855594998,1
"SYN-DLBCL-002096",TRUE,"DLBCL","SIM-F047",60,"Female","Other",0,"II",2018,"Public","Higher","Integrated",0,40,NA,527.106329157403,1
"SYN-DLBCL-002097",TRUE,"DLBCL","SIM-F024",75,"Female","Other",0,"II",2022,"Public","Higher","Integrated",1,11,77,1810.86765385725,1
"SYN-DLBCL-002098",TRUE,"DLBCL","SIM-F036",57,"Male","Other",1,"II",2014,"Public","Higher","Academic",1,20,239,1891.55041064601,0
"SYN-DLBCL-002099",TRUE,"DLBCL","SIM-F046",70,"Female","Other",1,"III",2018,"Public","Middle","Academic",1,6,145,1229.46474716653,1
"SYN-DLBCL-002100",TRUE,"DLBCL","SIM-F052",73,"Female","Other",0,"III",2022,"Public","Higher","Academic",0,31,NA,2741.64849700406,0
"SYN-DLBCL-002101",TRUE,"DLBCL","SIM-F033",58,"Male","Black",1,"I",2015,"Public","Middle","Community",1,5,67,239.476374039257,0
"SYN-DLBCL-002102",TRUE,"DLBCL","SIM-F004",36,"Male","Black",2,"III",2019,"Public","Lower","Community",1,38,315,3110.84608666948,0
"SYN-DLBCL-002103",TRUE,"DLBCL","SIM-F016",89,"Male","Hispanic",1,"I",2022,"Public","Lower","Academic",0,NA,NA,28.5765826580032,1
"SYN-DLBCL-002104",TRUE,"DLBCL","SIM-F036",43,"Male","Other",0,"II",2012,"Public","Middle","Academic",1,21,73,2949.02917804662,0
"SYN-DLBCL-002105",TRUE,"DLBCL","SIM-F037",50,"Male","Black",0,"IV",2018,"Private","Middle","Community",0,16,NA,2374.26555286162,0
"SYN-DLBCL-002106",TRUE,"DLBCL","SIM-F032",70,"Female","Hispanic",0,"III",2021,"Public",NA,"Academic",0,8,NA,2419.28886070199,1
"SYN-DLBCL-002107",TRUE,"DLBCL","SIM-F041",69,"Male","Black",1,"I",2011,"Public","Higher","Academic",0,42,NA,1371.80096860907,1
"SYN-DLBCL-002108",TRUE,"DLBCL","SIM-F003",72,"Female","Hispanic",0,"II",2022,"Private","Lower","Integrated",1,44,223,2501.29794986802,0
"SYN-DLBCL-002109",TRUE,"DLBCL","SIM-F003",68,"Male","Other",1,"I",2017,NA,"Middle","Integrated",0,9,NA,1588.06354806069,1
"SYN-DLBCL-002110",TRUE,"DLBCL","SIM-F014",72,"Male","Other",0,"II",2019,NA,"Middle","Integrated",0,30,NA,2186.92405894632,0
"SYN-DLBCL-002111",TRUE,"DLBCL","SIM-F023",71,"Female","Hispanic",1,"I",2022,"Private","Middle","Integrated",0,5,NA,1519.35418505105,0
"SYN-DLBCL-002112",TRUE,"DLBCL","SIM-F024",46,"Female","Other",0,"III",2017,"Private","Lower","Integrated",1,42,238,2207.66815694747,0
"SYN-DLBCL-002113",TRUE,"DLBCL","SIM-F010",82,"Male","Other",1,"II",2013,"Public","Lower","Integrated",0,6,NA,73.5743351800009,1
"SYN-DLBCL-002114",TRUE,"DLBCL","SIM-F038",81,"Male","Black",2,"I",2019,"Private","Middle",NA,0,43,NA,1339.52237065764,1
"SYN-DLBCL-002115",TRUE,"DLBCL","SIM-F053",61,"Female","Other",1,"II",2020,"Private","Higher",NA,0,23,NA,3199.63331994601,0
"SYN-DLBCL-002116",TRUE,"DLBCL","SIM-F019",76,"Female","Black",0,"II",2016,NA,"Lower","Academic",1,22,NA,92.1555486135185,0
"SYN-DLBCL-002117",TRUE,"DLBCL","SIM-F045",47,"Male","Black",0,"IV",2020,"Public",NA,"Community",1,375,89,NA,1
"SYN-DLBCL-002118",TRUE,"DLBCL","SIM-F037",57,"Male","Hispanic",1,"III",2016,"Private","Higher","Community",0,29,NA,649.576491128465,0
"SYN-DLBCL-002119",TRUE,"DLBCL","SIM-F017",63,"Female","Hispanic",0,"II",2012,"Private","Middle","Academic",0,25,NA,1504.29235562687,1
"SYN-DLBCL-002120",TRUE,"DLBCL","SIM-F024",70,"Male","Black",0,"I",2018,"Public","Middle","Integrated",0,16,NA,1729.57445811713,0
"SYN-DLBCL-002121",TRUE,"DLBCL","SIM-F058",76,"Female","Other",1,"I",2015,"Private",NA,"Academic",0,6,NA,2880.60235396837,1
"SYN-DLBCL-002122",TRUE,"DLBCL","SIM-F029",52,"Male","Other",0,"II",2021,"Private","Higher","Integrated",1,6,168,2692.26121126791,0
"SYN-DLBCL-002123",TRUE,"DLBCL","SIM-F028",57,"Male","Black",2,"I",2012,"Private","Higher","Community",0,40,NA,2518.04015824688,0
"SYN-DLBCL-002124",TRUE,"DLBCL","SIM-F019",61,"Female","Other",1,"II",2012,"Private","Lower","Academic",1,33,155,1317.71428671635,1
"SYN-DLBCL-002125",TRUE,"DLBCL","SIM-F044",77,"Male","Black",0,"II",2010,"Public","Higher","Academic",0,43,NA,359.500701191711,1
"SYN-DLBCL-002126",TRUE,"DLBCL","SIM-F056",65,"Female","Hispanic",0,"III",2013,"Private","Lower","Academic",1,12,260,2364.37707985402,0
"SYN-DLBCL-002127",TRUE,"DLBCL","SIM-F019",58,"Female","Black",0,"III",2014,"Private","Middle","Academic",0,29,NA,1702.50004340429,0
"SYN-DLBCL-002128",TRUE,"DLBCL","SIM-F006",61,"Female","Hispanic",0,"I",2016,"Public","Lower","Integrated",0,28,NA,1192.8661439745,1
"SYN-DLBCL-002129",TRUE,"DLBCL","SIM-F027",50,"Female","Black",1,"I",2018,"Private","Middle","Integrated",0,29,NA,833.368491977668,1
"SYN-DLBCL-002130",TRUE,"DLBCL","SIM-F023",87,"Female","Black",1,"II",2017,"Public","Lower","Integrated",1,NA,NA,20.4773697751845,1
"SYN-DLBCL-002131",TRUE,"DLBCL","SIM-F007",70,"Female","Hispanic",0,"I",2018,"Public","Higher","Academic",1,41,214,1560.08396561607,0
"SYN-DLBCL-002132",TRUE,"DLBCL","SIM-F019",87,"Female","Black",1,"I",2017,"Private","Lower","Academic",1,32,226,1297.26137263855,1
"SYN-DLBCL-002133",TRUE,"DLBCL","SIM-F007",53,"Male","Black",0,"II",2015,"Private","Higher","Academic",1,15,192,1790.88764576738,1
"SYN-DLBCL-002134",TRUE,"DLBCL","SIM-F041",31,"Male","Black",1,"IV",2015,"Private",NA,"Academic",1,22,187,3204.75833799224,0
"SYN-DLBCL-002135",TRUE,"DLBCL","SIM-F047",57,"Male","Other",NA,"II",2014,"Public","Middle","Integrated",0,38,NA,1105.74664293028,1
"SYN-DLBCL-002136",TRUE,"DLBCL","SIM-F031",70,"Female","Other",0,"I",2017,"Private","Higher","Academic",0,41,NA,1871.97016063684,1
"SYN-DLBCL-002137",TRUE,"DLBCL","SIM-F015",77,"Female","Black",1,"I",2010,"Public","Higher","Academic",1,33,287,626.447447910905,0
"SYN-DLBCL-002138",TRUE,"DLBCL","SIM-F023",62,"Male","Black",2,"II",2010,"Private","Lower","Integrated",0,31,NA,1761.31416751072,0
"SYN-DLBCL-002139",TRUE,"DLBCL","SIM-F016",89,"Male","Other",0,"II",2017,"Private","Higher","Academic",0,19,NA,117.63188007017,1
"SYN-DLBCL-002140",TRUE,"DLBCL","SIM-F054",65,"Female","Black",1,"I",2016,NA,"Higher","Integrated",1,8,147,1954.09362497972,0
"SYN-DLBCL-002141",TRUE,"DLBCL","SIM-F052",74,"Female","Other",0,"II",2014,"Public","Lower","Academic",0,5,NA,1731.29114228191,1
"SYN-DLBCL-002142",TRUE,"DLBCL","SIM-F007",47,"Female","Other",0,"I",2015,"Public","Higher","Academic",1,20,108,1787.71579672117,0
"SYN-DLBCL-002143",TRUE,"DLBCL","SIM-F021",76,"Female","Other",0,"I",2022,"Private","Middle","Community",1,16,140,2046.54677578015,0
"SYN-DLBCL-002144",TRUE,"DLBCL","SIM-F048",52,"Male","Other",0,"I",2017,"Private","Middle","Community",1,7,220,251.55154120715,1
"SYN-DLBCL-002145",TRUE,"DLBCL","SIM-F017",70,"Male","Hispanic",1,"II",2020,"Public","Higher","Academic",0,45,NA,613.876810166985,0
"SYN-DLBCL-002146",TRUE,"DLBCL","SIM-F029",71,"Male","Other",1,"I",2010,"Public","Middle","Integrated",0,33,NA,615.184180506434,1
"SYN-DLBCL-002147",TRUE,"DLBCL","SIM-F050",45,"Female","Black",0,"II",2020,"Private","Lower","Academic",1,27,72,1741.4889158064,0
"SYN-DLBCL-002148",TRUE,"DLBCL","SIM-F052",47,"Male","Other",0,"II",2022,"Private","Higher","Academic",1,26,NA,154.202624585755,0
"SYN-DLBCL-002149",TRUE,"DLBCL","SIM-F023",65,"Female","Hispanic",0,"II",2019,NA,"Lower","Integrated",1,20,163,1727.0165594318,0
"SYN-DLBCL-002150",TRUE,"DLBCL","SIM-F030",68,"Female","Hispanic",0,"II",2022,"Public","Lower","Academic",0,34,NA,185.3012480637,0
"SYN-DLBCL-002151",TRUE,"DLBCL","SIM-F019",40,"Female","Other",1,"II",2018,"Private","Lower","Academic",1,39,70,1523.50738850888,0
"SYN-DLBCL-002152",TRUE,"DLBCL","SIM-F048",63,"Male","Hispanic",1,"I",2010,"Private","Higher","Community",0,23,NA,1076.21673447444,1
"SYN-DLBCL-002153",TRUE,"DLBCL","SIM-F028",64,"Male","Other",0,"II",2018,"Private","Middle","Community",0,7,NA,359.855430923878,1
"SYN-DLBCL-002154",TRUE,"DLBCL","SIM-F040",74,"Male","Hispanic",0,"II",2022,NA,"Lower","Community",1,45,297,1376.55641172675,NA
"SYN-DLBCL-002155",TRUE,"DLBCL","SIM-F004",86,"Female","Other",0,"I",2019,"Private","Higher","Community",0,32,NA,873.088146429509,0
"SYN-DLBCL-002156",TRUE,"DLBCL","SIM-F053",74,"Female","Black",0,"II",2018,"Private","Higher","Academic",1,375,200,1776.29958362273,1
"SYN-DLBCL-002157",TRUE,"DLBCL","SIM-F002",59,"Female","Black",1,"I",2018,NA,"Lower",NA,1,43,258,1635.36936919213,0
"SYN-DLBCL-002158",TRUE,"DLBCL","SIM-F044",86,"Male","Other",0,"II",2012,"Public","Higher","Academic",1,21,300,1818.915355473,1
"SYN-DLBCL-002159",TRUE,"DLBCL","SIM-F039",71,"Male","Black",0,"II",2020,"Public","Lower","Integrated",0,9,NA,336.06347308086,1
"SYN-DLBCL-002160",TRUE,"DLBCL","SIM-F047",83,"Male","Black",0,"I",2012,"Public","Lower","Integrated",0,31,NA,181.177653105678,1
"SYN-DLBCL-002161",TRUE,"DLBCL","SIM-F017",77,"Male","Black",1,"II",2022,"Public","Lower","Academic",0,7,NA,122.99039946869,0
"SYN-DLBCL-002162",TRUE,"DLBCL","SIM-F041",59,"Female","Hispanic",0,"I",2016,"Public","Lower","Academic",0,42,NA,1878.67880561622,0
"SYN-DLBCL-002163",TRUE,"DLBCL","SIM-F019",53,"Male","Other",1,"II",2014,"Public","Higher","Academic",0,375,NA,1071.89687675833,1
"SYN-DLBCL-002164",TRUE,"DLBCL","SIM-F044",62,"Female","Other",0,"II",2017,"Private","Higher","Academic",0,43,NA,670.578901189777,1
"SYN-DLBCL-002165",TRUE,"DLBCL","SIM-F047",86,"Male","Other",2,"II",2014,"Public","Higher","Integrated",1,16,NA,240.358006627464,1
"SYN-DLBCL-002166",TRUE,"DLBCL","SIM-F017",70,"Male","Black",0,"II",2018,"Public","Higher","Academic",0,25,NA,3263.78122756956,0
"SYN-DLBCL-002167",TRUE,"DLBCL","SIM-F003",40,"Male","Other",1,"II",2015,"Private",NA,"Integrated",1,41,242,920.028438485379,1
"SYN-DLBCL-002168",TRUE,"DLBCL","SIM-F019",67,"Female","Hispanic",2,"II",2013,"Public","Higher","Academic",0,23,NA,233.609376481139,1
"SYN-DLBCL-002169",TRUE,"DLBCL","SIM-F016",52,"Male","Other",0,"II",2011,"Public","Lower","Academic",0,37,NA,862.695395854919,1
"SYN-DLBCL-002170",TRUE,"DLBCL","SIM-F014",44,"Male","Black",0,"III",2021,"Public","Middle","Integrated",1,32,95,449.079036956104,1
"SYN-DLBCL-002171",TRUE,"DLBCL","SIM-F043",66,"Male","Hispanic",1,"II",2011,"Private","Higher","Integrated",1,5,112,1459.16719861329,0
"SYN-DLBCL-002172",TRUE,"DLBCL","SIM-F035",52,"Female","Other",0,"III",2011,"Public","Middle","Integrated",0,41,NA,2710.56007789099,0
"SYN-DLBCL-002173",TRUE,"DLBCL","SIM-F038",59,"Female","Other",0,"II",2019,"Private",NA,"Community",1,34,61,376.252357563632,0
"SYN-DLBCL-002174",TRUE,"DLBCL","SIM-F028",56,"Female","Other",0,"I",2016,NA,"Lower","Community",1,40,86,1702.3858544731,0
"SYN-DLBCL-002175",TRUE,"DLBCL","SIM-F060",90,"Female","Black",1,"I",2015,"Public","Middle","Academic",1,14,35,1508.86630626395,0
"SYN-DLBCL-002176",TRUE,"DLBCL","SIM-F049",64,"Female","Hispanic",0,"I",2016,"Private","Higher",NA,1,11,246,1723.73837219551,0
"SYN-DLBCL-002177",TRUE,"DLBCL","SIM-F036",68,"Female","Black",0,"IV",2017,"Public","Lower","Academic",1,NA,NA,8.70115355051572,1
"SYN-DLBCL-002178",TRUE,"DLBCL","SIM-F007",65,"Male","Hispanic",1,"II",2021,"Private","Lower","Academic",1,16,81,1838.97695906898,1
"SYN-DLBCL-002179",TRUE,"DLBCL","SIM-F056",67,"Female","Hispanic",2,"I",2015,"Private","Lower","Academic",0,29,NA,899.126159142706,1
"SYN-DLBCL-002180",TRUE,"DLBCL","SIM-F036",52,"Female","Other",0,"I",2013,"Private","Lower","Academic",1,18,39,270.352141658728,0
"SYN-DLBCL-002181",TRUE,"DLBCL","SIM-F018",90,"Male","Other",1,"II",2011,"Public","Lower","Integrated",0,19,NA,384.223292657283,1
"SYN-DLBCL-002182",TRUE,"DLBCL","SIM-F031",62,"Female","Hispanic",0,"II",2011,"Public","Lower","Academic",0,12,NA,436.81354768197,1
"SYN-DLBCL-002183",TRUE,"DLBCL","SIM-F036",54,"Female","Hispanic",0,"I",2015,"Private","Higher","Academic",1,24,86,3067.16780515504,0
"SYN-DLBCL-002184",TRUE,"DLBCL","SIM-F014",73,"Female","Hispanic",0,"I",2017,"Public","Lower","Integrated",0,34,NA,139.300274773869,1
"SYN-DLBCL-002185",TRUE,"DLBCL","SIM-F049",58,"Female","Other",0,"II",2016,"Public",NA,"Academic",1,31,290,2519.12205622881,0
"SYN-DLBCL-002186",TRUE,"DLBCL","SIM-F059",49,"Female","Black",0,"II",2016,"Private","Lower","Academic",1,5,268,975.706843994558,0
"SYN-DLBCL-002187",TRUE,"DLBCL","SIM-F058",76,"Female","Hispanic",0,"III",2014,NA,"Middle","Academic",0,33,NA,809.22002057587,1
"SYN-DLBCL-002188",TRUE,"DLBCL","SIM-F041",45,"Male","Hispanic",0,"II",2012,"Public","Higher","Academic",1,23,68,1543.19370760582,0
"SYN-DLBCL-002189",TRUE,"DLBCL","SIM-F007",64,"Male","Hispanic",1,"I",2011,"Public","Middle","Academic",1,15,62,689.215240538634,1
"SYN-DLBCL-002190",TRUE,"DLBCL","SIM-F018",71,"Male","Black",0,"IV",2011,"Private",NA,"Integrated",0,6,NA,549.629123211272,1
"SYN-DLBCL-002191",TRUE,"DLBCL","SIM-F022",65,"Female","Black",2,"I",2010,"Private","Lower","Integrated",0,43,NA,455.673254712568,1
"SYN-DLBCL-002192",TRUE,"DLBCL","SIM-F008",57,"Male","Black",0,"II",2020,"Private","Lower","Academic",0,375,NA,2953.53765285923,0
"SYN-DLBCL-002193",TRUE,"DLBCL","SIM-F036",61,"Female","Other",0,"I",2013,"Public",NA,NA,1,17,NA,263.541193579794,1
"SYN-DLBCL-002194",TRUE,"DLBCL","SIM-F046",70,"Male","Black",0,"III",2019,"Private","Middle","Academic",1,26,71,808.138746714644,0
"SYN-DLBCL-002195",TRUE,"DLBCL","SIM-F013",33,"Female","Black",0,"IV",2011,"Public","Lower","Integrated",1,6,253,366.596748674409,1
"SYN-DLBCL-002196",TRUE,"DLBCL","SIM-F048",48,"Female","Hispanic",1,"IV",2014,"Private","Higher","Community",0,19,NA,1683.16264656838,0
"SYN-DLBCL-002197",TRUE,"DLBCL","SIM-F010",60,"Male","Other",0,"II",2013,"Private","Middle",NA,1,34,228,1725.56900202593,1
"SYN-DLBCL-002198",TRUE,"DLBCL","SIM-F022",74,"Male","Hispanic",1,"II",2017,"Public","Lower","Integrated",0,16,NA,2709.85283389458,1
"SYN-DLBCL-002199",TRUE,"DLBCL","SIM-F039",64,"Female","Hispanic",1,"I",2019,"Public","Middle","Integrated",0,12,NA,1485.59655714899,1
"SYN-DLBCL-002200",TRUE,"DLBCL","SIM-F011",78,"Male","Black",0,"II",2013,"Private","Middle","Integrated",0,16,NA,366.358488667756,0
"SYN-DLBCL-002201",TRUE,"DLBCL","SIM-F022",53,"Male","Black",1,"II",2021,"Public","Lower","Integrated",0,40,NA,270.183035507798,NA
"SYN-DLBCL-002202",TRUE,"DLBCL","SIM-F056",51,"Female","Other",0,"II",2021,"Private","Lower","Academic",1,32,215,3085.40972964489,0
"SYN-DLBCL-002203",TRUE,"DLBCL","SIM-F001",64,"Male","Other",1,"III",2014,"Private","Higher",NA,0,17,NA,2698.81665104608,1
"SYN-DLBCL-002204",TRUE,"DLBCL","SIM-F014",54,"Female","Hispanic",0,"I",2014,"Public","Higher","Integrated",1,25,53,2127.19593390705,1
"SYN-DLBCL-002205",TRUE,"DLBCL","SIM-F023",59,"Female","Black",0,"II",2017,"Private","Lower","Integrated",1,30,69,211.574148268588,1
"SYN-DLBCL-002206",TRUE,"DLBCL","SIM-F015",69,"Male","Other",0,"IV",2016,"Public","Lower","Academic",0,29,NA,2457.1492400732,1
"SYN-DLBCL-002207",TRUE,"DLBCL","SIM-F016",80,"Male","Black",1,"II",2018,"Private","Higher","Academic",0,12,NA,351.409307851778,0
"SYN-DLBCL-002208",TRUE,"DLBCL","SIM-F053",63,"Female","Black",0,"II",2021,"Private","Middle","Academic",1,9,55,2876.50571863865,0
"SYN-DLBCL-002209",TRUE,"DLBCL","SIM-F005",58,"Male","Black",1,"I",2019,"Private","Higher","Community",0,44,NA,2449.15867235046,0
"SYN-DLBCL-002210",TRUE,"DLBCL","SIM-F038",56,"Male","Black",0,"III",2014,"Public","Middle","Community",1,23,154,1669.4889200991,0
"SYN-DLBCL-002211",TRUE,"DLBCL","SIM-F006",35,"Male","Other",0,"I",2021,"Private","Lower","Integrated",1,29,215,3184.65824129176,0
"SYN-DLBCL-002212",TRUE,"DLBCL","SIM-F058",50,"Female","Black",1,"II",2012,"Public","Higher","Academic",0,12,NA,63.3584144835969,1
"SYN-DLBCL-002213",TRUE,"DLBCL","SIM-F023",67,"Female","Black",1,"I",2014,"Public","Lower","Integrated",0,43,NA,577.283427111797,1
"SYN-DLBCL-002214",TRUE,"DLBCL","SIM-F011",72,"Female","Hispanic",1,"III",2011,NA,"Lower","Integrated",0,20,NA,3162.54728181753,0
"SYN-DLBCL-002215",TRUE,"DLBCL","SIM-F035",60,"Male","Hispanic",2,"I",2014,"Private","Higher","Integrated",0,43,NA,1030.26874483609,1
"SYN-DLBCL-002216",TRUE,"DLBCL","SIM-F021",57,"Female","Hispanic",1,"I",2011,"Private","Lower","Community",0,43,NA,2083.77205033644,1
"SYN-DLBCL-002217",TRUE,"DLBCL","SIM-F027",80,"Male","Black",1,"I",2018,"Public","Middle","Integrated",0,27,NA,1797.74971547537,0
"SYN-DLBCL-002218",TRUE,"DLBCL","SIM-F032",66,"Male","Other",1,"II",2021,"Public","Higher","Academic",1,35,276,375.017048761985,1
"SYN-DLBCL-002219",TRUE,"DLBCL","SIM-F002",61,"Male","Black",1,"II",2012,NA,"Lower","Academic",0,26,NA,2277.84052382573,0
"SYN-DLBCL-002220",TRUE,"DLBCL","SIM-F022",52,"Male","Hispanic",1,"I",2019,"Private","Higher","Integrated",1,25,278,2703.43677118304,0
"SYN-DLBCL-002221",TRUE,"DLBCL","SIM-F056",66,"Female","Hispanic",0,"II",2012,"Private","Higher","Academic",1,22,170,648.000185480296,1
"SYN-DLBCL-002222",TRUE,"DLBCL","SIM-F032",58,"Male","Hispanic",0,"I",2022,"Private","Higher","Academic",1,34,60,1478.33016465534,0
"SYN-DLBCL-002223",TRUE,"DLBCL","SIM-F046",58,"Female","Black",0,"II",2015,NA,"Lower","Academic",0,6,NA,1475.85487225058,1
"SYN-DLBCL-002224",TRUE,"DLBCL","SIM-F014",60,"Female","Black",1,"III",2013,"Private","Middle","Integrated",1,30,217,606.749497214621,1
"SYN-DLBCL-002225",TRUE,"DLBCL","SIM-F045",42,"Male","Other",0,"I",2013,"Private","Lower","Community",1,43,103,113.085351672123,1
"SYN-DLBCL-002226",TRUE,"DLBCL","SIM-F046",52,"Male","Other",0,"II",2018,"Private","Middle","Academic",0,35,NA,1534.63683272363,0
"SYN-DLBCL-002227",TRUE,"DLBCL","SIM-F057",45,"Male","Black",0,"I",2020,"Private","Middle","Community",1,45,69,551.11095514114,1
"SYN-DLBCL-002228",TRUE,"DLBCL","SIM-F047",53,"Female","Other",0,"I",2011,NA,"Higher","Integrated",1,15,88,1493.67759405221,1
"SYN-DLBCL-002229",TRUE,"DLBCL","SIM-F036",80,"Male","Other",1,"II",2015,"Public","Higher","Academic",0,41,NA,1664.08567475388,0
"SYN-DLBCL-002230",TRUE,"DLBCL","SIM-F027",57,"Female","Black",1,"I",2014,"Public",NA,NA,0,33,NA,272.509414484465,1
"SYN-DLBCL-002231",TRUE,"DLBCL","SIM-F041",65,"Female","Hispanic",1,"II",2014,"Private","Middle","Academic",0,12,NA,2641.99365737964,0
"SYN-DLBCL-002232",TRUE,"DLBCL","SIM-F021",67,"Female","Hispanic",0,"I",2018,"Private","Lower","Community",0,27,NA,1504.92713919436,1
"SYN-DLBCL-002233",TRUE,"DLBCL","SIM-F023",61,"Male","Hispanic",1,"I",2013,"Private","Higher","Integrated",0,375,NA,1707.1557088834,1
"SYN-DLBCL-002234",TRUE,"DLBCL","SIM-F048",90,"Female","Black",2,"II",2020,"Public","Middle","Community",0,39,NA,113.18030245166,1
"SYN-DLBCL-002235",TRUE,"DLBCL","SIM-F028",68,"Male","Black",0,"I",2011,"Private","Lower","Community",1,33,159,931.874095534845,1
"SYN-DLBCL-002236",TRUE,"DLBCL","SIM-F010",71,"Male","Other",0,"IV",2017,"Public","Lower","Integrated",1,NA,NA,19.390747405779,1
"SYN-DLBCL-002237",TRUE,"DLBCL","SIM-F022",90,"Female","Black",1,"II",2017,"Private","Higher","Integrated",0,29,NA,88.4638457849221,0
"SYN-DLBCL-002238",TRUE,"DLBCL","SIM-F046",45,"Female","Other",0,"I",2012,"Private",NA,"Academic",0,375,NA,2767.89315629518,0
"SYN-DLBCL-002239",TRUE,"DLBCL","SIM-F023",32,"Male","Black",0,"I",2010,"Private",NA,"Integrated",0,6,NA,1573.59475219758,1
"SYN-DLBCL-002240",TRUE,"DLBCL","SIM-F050",81,"Male","Black",1,"I",2018,NA,"Higher","Academic",1,17,177,2089.06228294014,0
"SYN-DLBCL-002241",TRUE,"DLBCL","SIM-F030",63,"Female","Other",0,"I",2010,"Private","Middle","Academic",0,21,NA,286.884405878847,0
"SYN-DLBCL-002242",TRUE,"DLBCL","SIM-F011",64,"Female","Black",1,"I",2022,"Private",NA,"Integrated",0,28,NA,122.392212289226,0
"SYN-DLBCL-002243",TRUE,"DLBCL","SIM-F014",67,"Male","Hispanic",0,"II",2015,"Public","Higher","Integrated",1,10,224,3056.45938590984,0
"SYN-DLBCL-002244",TRUE,"DLBCL","SIM-F031",54,"Female","Other",0,"IV",2012,NA,"Lower","Academic",1,15,278,2814.04497793643,0
"SYN-DLBCL-002245",TRUE,"DLBCL","SIM-F051",90,"Male","Black",1,"II",2017,"Public","Middle","Community",0,5,NA,309.343268908884,1
"SYN-DLBCL-002246",TRUE,"DLBCL","SIM-F038",72,"Female","Black",1,"I",2019,"Public","Lower","Community",0,35,NA,291.279867016108,0
"SYN-DLBCL-002247",TRUE,"DLBCL","SIM-F016",86,"Female","Black",2,"II",2014,NA,"Higher","Academic",0,24,NA,293.808713110861,1
"SYN-DLBCL-002248",TRUE,"DLBCL","SIM-F014",50,"Female","Other",1,"II",2017,"Private",NA,"Integrated",0,9,NA,1543.26205745689,0
"SYN-DLBCL-002249",TRUE,"DLBCL","SIM-F042",59,"Female","Hispanic",0,"III",2012,"Private","Middle","Academic",0,37,NA,670.483100330194,1
"SYN-DLBCL-002250",TRUE,"DLBCL","SIM-F031",71,"Male","Other",1,"III",2022,"Public","Higher","Academic",1,NA,NA,7.70078629384818,1
"SYN-DLBCL-002251",TRUE,"DLBCL","SIM-F013",67,"Female","Black",1,"I",2017,"Public","Lower","Integrated",0,36,NA,1664.69431752572,0
"SYN-DLBCL-002252",TRUE,"DLBCL","SIM-F005",52,"Female","Black",0,"III",2021,"Public","Lower",NA,1,39,204,1823.68239342119,0
"SYN-DLBCL-002253",TRUE,"DLBCL","SIM-F040",76,"Male","Other",1,"II",2020,"Public","Middle","Community",0,23,NA,337.939707736499,1
"SYN-DLBCL-002254",TRUE,"DLBCL","SIM-F002",59,"Male","Black",1,"II",2015,"Public","Middle","Academic",0,17,NA,854.602432667168,1
"SYN-DLBCL-002255",TRUE,"DLBCL","SIM-F030",65,"Male","Black",0,"III",2016,"Private","Lower","Academic",0,42,NA,974.476560819894,0
"SYN-DLBCL-002256",TRUE,"DLBCL","SIM-F017",62,"Female","Black",1,"IV",2014,"Private","Lower","Academic",1,38,99,1552.48673742986,0
"SYN-DLBCL-002257",TRUE,"DLBCL","SIM-F003",90,"Female","Black",2,"II",2010,"Public","Higher","Integrated",0,19,NA,102.700037603831,1
"SYN-DLBCL-002258",TRUE,"DLBCL","SIM-F047",48,"Male","Black",0,"II",2020,NA,"Middle",NA,1,25,298,808.178913406796,0
"SYN-DLBCL-002259",TRUE,"DLBCL","SIM-F042",87,"Female","Other",0,"II",2019,"Public","Higher","Academic",0,6,NA,421.471526250243,0
"SYN-DLBCL-002260",TRUE,"DLBCL","SIM-F054",73,"Male","Black",1,"I",2010,"Public","Middle","Integrated",1,30,88,1980.95787727074,1
"SYN-DLBCL-002261",TRUE,"DLBCL","SIM-F003",73,"Male","Hispanic",0,"II",2020,"Public","Middle","Integrated",NA,13,NA,2538.05096608936,0
"SYN-DLBCL-002262",TRUE,"DLBCL","SIM-F017",54,"Male","Other",1,"II",2015,NA,"Higher","Academic",0,39,NA,817.524857545785,1
"SYN-DLBCL-002263",TRUE,"DLBCL","SIM-F049",77,"Male","Other",0,"III",2011,"Public","Middle","Academic",0,34,NA,740.06907310515,1
"SYN-DLBCL-002264",TRUE,"DLBCL","SIM-F045",68,"Female","Other",1,"I",2018,"Private","Higher","Community",0,36,NA,822.843788107664,0
"SYN-DLBCL-002265",TRUE,"DLBCL","SIM-F009",61,"Male","Hispanic",1,"I",2020,"Public",NA,NA,1,23,45,1914.00613164669,1
"SYN-DLBCL-002266",TRUE,"DLBCL","SIM-F056",79,"Male","Other",1,"I",2016,"Public","Higher","Academic",1,8,28,1581.25741378726,1
"SYN-DLBCL-002267",TRUE,"DLBCL","SIM-F047",59,"Male","Hispanic",0,"I",2020,"Private","Lower","Integrated",0,14,NA,343.229630654641,1
"SYN-DLBCL-002268",TRUE,"DLBCL","SIM-F034",49,"Female","Black",0,"II",2016,"Private","Higher","Community",1,5,176,1529.37294365489,0
"SYN-DLBCL-002269",TRUE,"DLBCL","SIM-F049",45,"Female","Black",0,"III",2012,"Private","Higher","Academic",1,20,93,3234.12447810639,0
"SYN-DLBCL-002270",TRUE,"DLBCL","SIM-F041",60,"Female","Other",1,"I",2010,"Private","Lower","Academic",1,40,312,2747.89920699201,0
"SYN-DLBCL-002271",TRUE,"DLBCL","SIM-F024",80,"Female","Black",0,"I",2018,"Private","Lower","Integrated",0,27,NA,1894.54934007981,1
"SYN-DLBCL-002272",TRUE,"DLBCL","SIM-F015",87,"Female","Hispanic",2,"I",2019,"Public","Middle",NA,1,22,248,664.418522525474,0
"SYN-DLBCL-002273",TRUE,"DLBCL","SIM-F032",74,"Female","Hispanic",1,"II",2017,"Private","Lower","Academic",1,31,NA,62.9411169500141,1
"SYN-DLBCL-002274",TRUE,"DLBCL","SIM-F047",75,"Female","Black",2,"IV",2019,"Public","Lower",NA,1,41,NA,260.89511459423,1
"SYN-DLBCL-002275",TRUE,"DLBCL","SIM-F048",85,"Male","Black",2,"II",2012,"Public","Lower","Community",0,26,NA,133.764012010386,1
"SYN-DLBCL-002276",TRUE,"DLBCL","SIM-F034",68,"Male","Black",0,"III",2017,"Private","Lower","Community",0,31,NA,1488.10444356181,1
"SYN-DLBCL-002277",TRUE,"DLBCL","SIM-F031",75,"Female","Hispanic",1,"II",2013,"Public","Higher","Academic",0,44,NA,667.721566996032,0
"SYN-DLBCL-002278",TRUE,"DLBCL","SIM-F018",59,"Female","Other",0,"II",2014,"Private",NA,"Integrated",1,15,176,2030.0244589895,0
"SYN-DLBCL-002279",TRUE,"DLBCL","SIM-F007",69,"Female","Black",1,"II",2018,NA,"Higher","Academic",1,39,90,1782.67511386308,NA
"SYN-DLBCL-002280",TRUE,"DLBCL","SIM-F059",77,"Female","Hispanic",1,"II",2011,"Public","Middle","Academic",0,41,NA,1271.86254818534,0
"SYN-DLBCL-002281",TRUE,"DLBCL","SIM-F029",46,"Male","Other",0,"II",2019,"Private","Higher","Integrated",1,8,266,1051.55445948243,0
"SYN-DLBCL-002282",TRUE,"DLBCL","SIM-F057",86,"Male","Black",1,"I",2011,"Private","Middle","Community",0,36,NA,67.3056475412372,1
"SYN-DLBCL-002283",TRUE,"DLBCL","SIM-F005",69,"Male","Hispanic",1,"I",2021,"Private","Middle","Community",1,25,140,251.85482879672,1
"SYN-DLBCL-002284",TRUE,"DLBCL","SIM-F007",76,"Female","Other",0,"II",2020,"Public","Middle","Academic",0,5,NA,1787.3278189078,0
"SYN-DLBCL-002285",TRUE,"DLBCL","SIM-F012",71,"Female","Black",1,"IV",2019,"Private","Middle","Community",0,28,NA,500.444479501654,1
"SYN-DLBCL-002286",TRUE,"DLBCL","SIM-F020",81,"Male","Other",1,"I",2020,NA,"Middle","Community",1,15,217,2115.24325374265,1
"SYN-DLBCL-002287",TRUE,"DLBCL","SIM-F024",90,"Female","Other",0,"I",2016,"Private","Higher","Integrated",0,7,NA,264.439878800899,0
"SYN-DLBCL-002288",TRUE,"DLBCL","SIM-F042",77,"Female","Other",2,"II",2022,"Public","Middle","Academic",0,26,NA,145.425863915263,1
"SYN-DLBCL-002289",TRUE,"DLBCL","SIM-F038",63,"Female","Black",1,"IV",2019,"Public","Lower","Community",1,15,NA,83.539585439367,1
"SYN-DLBCL-002290",TRUE,"DLBCL","SIM-F037",62,"Female","Black",0,"I",2011,"Private",NA,"Community",1,45,113,2573.9912248007,0
"SYN-DLBCL-002291",TRUE,"DLBCL","SIM-F017",59,"Male","Black",0,"I",2016,"Private","Lower","Academic",1,33,93,2366.51333421183,1
"SYN-DLBCL-002292",TRUE,"DLBCL","SIM-F055",67,"Female","Hispanic",0,"II",2022,"Public","Lower","Academic",1,375,104,396.293228289869,1
"SYN-DLBCL-002293",TRUE,"DLBCL","SIM-F026",51,"Female","Other",1,"II",2019,"Private","Middle","Academic",1,17,NA,29.7689894278567,0
"SYN-DLBCL-002294",TRUE,"DLBCL","SIM-F002",63,"Female","Other",0,"I",2013,"Private","Lower","Academic",0,5,NA,1407.08678808063,0
"SYN-DLBCL-002295",TRUE,"DLBCL","SIM-F037",70,"Female","Black",0,"II",2021,"Private","Higher","Community",1,15,122,2052.59108200786,0
"SYN-DLBCL-002296",TRUE,"DLBCL","SIM-F016",64,"Male","Black",0,"II",2017,"Private","Lower","Academic",0,15,NA,2009.6155387722,0
"SYN-DLBCL-002297",TRUE,"DLBCL","SIM-F028",73,"Male","Black",0,"I",2011,"Private","Middle","Community",0,31,NA,2524.44971258651,1
"SYN-DLBCL-002298",TRUE,"DLBCL","SIM-F054",60,"Male","Hispanic",1,"I",2013,"Private","Middle","Integrated",0,6,NA,712.120517246678,1
"SYN-DLBCL-002299",TRUE,"DLBCL","SIM-F017",55,"Female","Hispanic",0,"I",2018,"Private","Lower","Academic",0,28,NA,1479.00870397221,0
"SYN-DLBCL-002300",TRUE,"DLBCL","SIM-F012",58,"Female","Black",1,"I",2016,"Public","Middle","Community",1,16,252,2173.93985332106,0
"SYN-DLBCL-002301",TRUE,"DLBCL","SIM-F023",76,"Female","Hispanic",1,"III",2011,"Private","Middle","Integrated",0,29,NA,457.285166093296,1
"SYN-DLBCL-002302",TRUE,"DLBCL","SIM-F028",49,"Male","Black",1,"I",2010,"Public","Higher","Community",0,15,NA,1497.72809883812,0
"SYN-DLBCL-002303",TRUE,"DLBCL","SIM-F011",52,"Male","Other",1,"II",2018,"Private","Higher","Integrated",1,25,208,2802.40521224565,0
"SYN-DLBCL-002304",TRUE,"DLBCL","SIM-F030",66,"Male","Other",0,"I",2012,"Public","Higher","Academic",1,8,31,2885.84873047308,0
"SYN-DLBCL-002305",TRUE,"DLBCL","SIM-F043",71,"Female","Black",1,"I",2012,"Private","Higher","Integrated",0,39,NA,167.696505153403,1
"SYN-DLBCL-002306",TRUE,"DLBCL","SIM-F050",56,"Female","Black",0,"II",2022,"Private","Higher","Academic",1,45,265,2665.04505479751,1
"SYN-DLBCL-002307",TRUE,"DLBCL","SIM-F024",54,"Male","Other",0,"III",2015,"Public","Higher","Integrated",1,25,131,2313.64713059257,1
"SYN-DLBCL-002308",TRUE,"DLBCL","SIM-F001",60,"Female","Other",1,"I",2018,"Public","Higher","Community",0,7,NA,2615.15148089332,1
"SYN-DLBCL-002309",TRUE,"DLBCL","SIM-F047",57,"Male","Other",1,"IV",2016,"Private","Higher","Integrated",1,22,215,341.14979893533,1
"SYN-DLBCL-002310",TRUE,"DLBCL","SIM-F031",60,"Male","Other",2,"II",2011,"Private","Lower","Academic",1,30,308,2164.99956454621,1
"SYN-DLBCL-002311",TRUE,"DLBCL","SIM-F059",63,"Male","Black",0,"III",2011,"Private","Lower","Academic",0,35,NA,1396.20175607972,1
"SYN-DLBCL-002312",TRUE,"DLBCL","SIM-F031",90,"Female","Other",0,"III",2020,"Public","Lower",NA,1,7,27,2542.00720444438,0
"SYN-DLBCL-002313",TRUE,"DLBCL","SIM-F020",63,"Male","Black",1,"I",2019,"Private","Middle","Community",1,44,323,764.630380421877,0
"SYN-DLBCL-002314",TRUE,"DLBCL","SIM-F050",69,"Female","Black",0,"I",2013,"Private",NA,"Academic",0,17,NA,881.410241481931,0
"SYN-DLBCL-002315",TRUE,"DLBCL","SIM-F026",64,"Male","Other",1,"II",2015,"Public","Middle","Academic",1,43,106,1140.83548995814,1
"SYN-DLBCL-002316",TRUE,"DLBCL","SIM-F034",66,"Male","Hispanic",1,"I",2022,"Private","Lower","Community",0,20,NA,218.484613569395,1
"SYN-DLBCL-002317",TRUE,"DLBCL","SIM-F006",71,"Female","Black",1,"I",2015,"Public","Lower","Integrated",0,9,NA,1143.52076394483,0
"SYN-DLBCL-002318",TRUE,"DLBCL","SIM-F023",55,"Male","Hispanic",0,"I",2015,"Public","Middle","Integrated",0,24,NA,1917.11028605583,0
"SYN-DLBCL-002319",TRUE,"DLBCL","SIM-F052",90,"Female","Other",0,"II",2022,"Private","Higher","Academic",0,375,NA,2258.72691193596,0
"SYN-DLBCL-002320",TRUE,"DLBCL","SIM-F042",77,"Male","Hispanic",1,"I",2019,"Public","Higher","Academic",0,20,NA,591.659942012213,1
"SYN-DLBCL-002321",TRUE,"DLBCL","SIM-F049",56,"Male","Black",1,"II",2011,"Private","Lower","Academic",0,34,NA,168.628727089703,1
"SYN-DLBCL-002322",TRUE,"DLBCL","SIM-F016",78,"Male","Other",1,"III",2020,NA,"Lower","Academic",0,27,NA,1775.02671475173,0
"SYN-DLBCL-002323",TRUE,"DLBCL","SIM-F043",59,"Female","Hispanic",1,"II",2015,"Public","Higher","Integrated",0,8,NA,96.6765410050759,1
"SYN-DLBCL-002324",TRUE,"DLBCL","SIM-F016",64,"Male","Other",0,"I",2020,"Private","Middle","Academic",1,33,NA,194.200212369676,1
"SYN-DLBCL-002325",TRUE,"DLBCL","SIM-F038",65,"Female","Hispanic",2,"II",2011,"Public","Higher","Community",0,45,NA,175.019588257707,1
"SYN-DLBCL-002326",TRUE,"DLBCL","SIM-F060",54,"Female","Black",0,"I",2011,"Private","Higher","Academic",0,32,NA,2969.58640992176,0
"SYN-DLBCL-002327",TRUE,"DLBCL","SIM-F046",68,"Female","Other",1,"III",2011,"Public","Lower","Academic",0,30,NA,1921.75838189786,1
"SYN-DLBCL-002328",TRUE,"DLBCL","SIM-F005",80,"Female","Black",0,"III",2013,"Public","Higher","Community",0,37,NA,353.895275653497,1
"SYN-DLBCL-002329",TRUE,"DLBCL","SIM-F040",60,"Female","Black",1,"II",2016,"Public","Lower","Community",0,10,NA,2284.40629770979,0
"SYN-DLBCL-002330",TRUE,"DLBCL","SIM-F053",59,"Female","Hispanic",1,"II",2019,"Private","Middle","Academic",1,12,239,2031.35790379106,1
"SYN-DLBCL-002331",TRUE,"DLBCL","SIM-F009",68,"Male","Black",1,"II",2018,"Private","Lower","Community",0,14,NA,1961.08144512051,0
"SYN-DLBCL-002332",TRUE,"DLBCL","SIM-F033",44,"Female","Hispanic",1,"IV",2018,"Private","Middle","Community",1,24,276,311.77100898698,0
"SYN-DLBCL-002333",TRUE,"DLBCL","SIM-F028",48,"Female","Black",0,"I",2011,"Public","Middle","Community",0,17,NA,1881.27580351852,0
"SYN-DLBCL-002334",TRUE,"DLBCL","SIM-F053",85,"Female","Hispanic",1,"I",2010,"Public","Higher","Academic",0,28,NA,2121.06935073622,0
"SYN-DLBCL-002335",TRUE,"DLBCL","SIM-F053",65,"Female","Other",1,"II",2018,NA,"Higher","Academic",0,6,NA,1803.29024138278,0
"SYN-DLBCL-002336",TRUE,"DLBCL","SIM-F057",66,"Male","Black",1,"IV",2011,"Private","Higher","Community",1,9,271,813.252947919688,1
"SYN-DLBCL-002337",TRUE,"DLBCL","SIM-F042",47,"Male","Other",0,"I",2019,"Private","Lower","Academic",0,35,NA,115.647989257468,1
"SYN-DLBCL-002338",TRUE,"DLBCL","SIM-F007",85,"Male","Hispanic",0,"II",2017,"Public","Lower","Academic",0,10,NA,28.323288388509,1
"SYN-DLBCL-002339",TRUE,"DLBCL","SIM-F016",37,"Male","Other",0,"III",2021,"Public","Higher","Academic",1,30,96,1849.35456221225,0
"SYN-DLBCL-002340",TRUE,"DLBCL","SIM-F020",59,"Female","Other",1,"IV",2020,"Private","Higher","Community",0,12,NA,1582.42003364954,0
"SYN-DLBCL-002341",TRUE,"DLBCL","SIM-F060",72,"Male","Black",1,"I",2012,"Private","Middle",NA,1,10,286,857.081028968096,0
"SYN-DLBCL-002342",TRUE,"DLBCL","SIM-F048",60,"Female","Black",0,"III",2018,"Private","Higher","Community",1,17,121,1855.01372805563,1
"SYN-DLBCL-002343",TRUE,"DLBCL","SIM-F043",78,"Male","Black",0,"II",2021,"Public","Higher","Integrated",0,7,NA,514.506483337534,1
"SYN-DLBCL-002344",TRUE,"DLBCL","SIM-F010",66,"Female","Other",0,"II",2016,"Private","Middle","Integrated",0,35,NA,1282.69438711926,0
"SYN-DLBCL-002345",TRUE,"DLBCL","SIM-F008",65,"Female","Other",1,"I",2016,"Private","Lower","Academic",1,11,211,1928.29084125883,1
"SYN-DLBCL-002346",TRUE,"DLBCL","SIM-F032",65,"Male","Other",1,"II",2012,"Private","Lower","Academic",1,45,NA,74.4515094351339,1
"SYN-DLBCL-002347",TRUE,"DLBCL","SIM-F002",81,"Female","Black",2,"I",2015,"Public","Lower","Academic",0,16,NA,1500.80531643298,1
"SYN-DLBCL-002348",TRUE,"DLBCL","SIM-F044",66,"Female","Hispanic",1,"I",2020,"Public","Lower","Academic",0,32,NA,379.213793424445,0
"SYN-DLBCL-002349",TRUE,"DLBCL","SIM-F009",51,"Male","Other",1,"II",2015,"Public","Lower","Community",1,9,175,1546.44798315363,0
"SYN-DLBCL-002350",TRUE,"DLBCL","SIM-F019",62,"Female","Other",0,"II",2022,"Private","Middle","Academic",1,17,164,2722.74461554131,0
"SYN-DLBCL-002351",TRUE,"DLBCL","SIM-F019",70,"Female","Black",1,"I",2020,"Public","Middle","Academic",0,12,NA,1492.6248122643,1
"SYN-DLBCL-002352",TRUE,"DLBCL","SIM-F033",69,"Female","Hispanic",1,"II",2010,"Private","Middle","Community",1,40,NA,94.2516865767539,0
"SYN-DLBCL-002353",TRUE,"DLBCL","SIM-F053",66,"Male","Black",2,"III",2020,"Private","Middle","Academic",1,25,237,2179.09206768614,0
"SYN-DLBCL-002354",TRUE,"DLBCL","SIM-F046",54,"Male","Other",1,"I",2017,"Public",NA,"Academic",1,9,255,1653.52448377758,0
"SYN-DLBCL-002355",TRUE,"DLBCL","SIM-F023",74,"Male","Hispanic",0,"III",2021,"Private","Lower",NA,1,24,116,306.50529195506,1
"SYN-DLBCL-002356",TRUE,"DLBCL","SIM-F001",55,"Female","Hispanic",0,"I",2011,"Public","Higher","Community",1,32,194,2272.63043621555,0
"SYN-DLBCL-002357",TRUE,"DLBCL","SIM-F052",55,"Female","Hispanic",0,"II",2013,"Private","Lower","Academic",1,31,152,1930.5723104299,0
"SYN-DLBCL-002358",TRUE,"DLBCL","SIM-F007",78,"Male","Hispanic",1,"II",2015,"Private","Middle","Academic",0,8,NA,944.036874069971,1
"SYN-DLBCL-002359",TRUE,"DLBCL","SIM-F060",78,"Female","Hispanic",2,"I",2018,"Private","Higher","Academic",0,45,NA,74.6062359515918,1
"SYN-DLBCL-002360",TRUE,"DLBCL","SIM-F033",59,"Male","Hispanic",1,"II",2014,"Private","Middle",NA,1,42,229,1671.15080383055,0
"SYN-DLBCL-002361",TRUE,"DLBCL","SIM-F004",67,"Female","Other",0,"II",2010,"Private","Middle","Community",1,43,241,2541.06665457005,1
"SYN-DLBCL-002362",TRUE,"DLBCL","SIM-F048",39,"Female","Other",0,"I",2018,"Private","Middle","Community",1,32,NA,80.7469874701795,1
"SYN-DLBCL-002363",TRUE,"DLBCL","SIM-F044",55,"Female","Hispanic",0,"I",2010,"Private","Lower","Academic",0,20,NA,1281.43178633972,1
"SYN-DLBCL-002364",TRUE,"DLBCL","SIM-F004",50,"Male","Other",0,"I",2010,"Private","Lower","Community",1,8,67,1707.95948430547,0
"SYN-DLBCL-002365",TRUE,"DLBCL","SIM-F043",75,"Male","Hispanic",0,"II",2017,"Public","Higher","Integrated",0,15,NA,1788.99147931021,0
"SYN-DLBCL-002366",TRUE,"DLBCL","SIM-F060",76,"Male","Other",1,"I",2012,"Public","Higher","Academic",NA,45,NA,1067.60196572017,1
"SYN-DLBCL-002367",TRUE,"DLBCL","SIM-F037",69,"Female","Other",2,"II",2015,"Private","Lower","Community",1,12,82,546.912841241424,1
"SYN-DLBCL-002368",TRUE,"DLBCL","SIM-F007",58,"Male","Other",0,"I",2015,"Private","Higher","Academic",0,11,NA,3231.72976115835,0
"SYN-DLBCL-002369",TRUE,"DLBCL","SIM-F032",89,"Female","Other",1,"II",2020,"Public","Middle",NA,0,29,NA,1133.81481510266,1
"SYN-DLBCL-002370",TRUE,"DLBCL","SIM-F019",60,"Male","Other",NA,"II",2014,"Public","Middle",NA,1,24,112,2897.98643346527,0
"SYN-DLBCL-002371",TRUE,"DLBCL","SIM-F025",54,"Male","Hispanic",0,"II",2015,"Private","Lower","Integrated",0,29,NA,1323.99152732011,0
"SYN-DLBCL-002372",TRUE,"DLBCL","SIM-F029",73,"Female","Hispanic",0,"II",2016,"Private","Lower","Integrated",1,34,202,749.161911990553,1
"SYN-DLBCL-002373",TRUE,"DLBCL","SIM-F042",35,"Female","Other",0,"II",2014,"Private","Higher","Academic",1,31,217,831.159722539449,1
"SYN-DLBCL-002374",TRUE,"DLBCL","SIM-F017",69,"Female","Hispanic",0,"I",2018,"Public","Middle","Academic",1,22,205,893.847621712918,1
"SYN-DLBCL-002375",TRUE,"DLBCL","SIM-F020",67,"Male","Hispanic",0,"III",2022,"Public","Higher","Community",0,20,NA,520.051313950918,1
"SYN-DLBCL-002376",TRUE,"DLBCL","SIM-F015",77,"Male","Other",1,"I",2010,"Private","Lower","Academic",0,40,NA,2739.22299829661,0
"SYN-DLBCL-002377",TRUE,"DLBCL","SIM-F033",66,"Female","Black",1,"II",2022,"Public","Higher","Community",1,34,305,2021.77089646573,1
"SYN-DLBCL-002378",TRUE,"DLBCL","SIM-F017",72,"Male","Hispanic",1,"II",2020,"Public","Higher","Academic",1,37,278,395.86966725316,1
"SYN-DLBCL-002379",TRUE,"DLBCL","SIM-F043",63,"Male","Black",1,"II",2011,"Public","Lower","Integrated",1,15,NA,128.049705587945,1
"SYN-DLBCL-002380",TRUE,"DLBCL","SIM-F015",43,"Male","Hispanic",0,"I",2016,"Private","Lower","Academic",1,21,288,468.131267827916,0
"SYN-DLBCL-002381",TRUE,"DLBCL","SIM-F001",73,"Female","Other",1,"IV",2011,"Private","Middle","Community",0,24,NA,982.143717589235,1
"SYN-DLBCL-002382",TRUE,"DLBCL","SIM-F036",48,"Male","Black",0,"II",2016,NA,"Middle",NA,1,38,107,1472.42296054959,0
"SYN-DLBCL-002383",TRUE,"DLBCL","SIM-F030",72,"Female","Black",1,"II",2019,"Public","Middle","Academic",0,22,NA,498.930106161944,1
"SYN-DLBCL-002384",TRUE,"DLBCL","SIM-F014",68,"Male","Hispanic",1,"I",2018,"Public","Higher","Integrated",0,10,NA,848.780230126362,1
"SYN-DLBCL-002385",TRUE,"DLBCL","SIM-F040",68,"Male","Other",2,"IV",2010,"Private","Middle","Community",0,23,NA,1327.74677106748,1
"SYN-DLBCL-002386",TRUE,"DLBCL","SIM-F052",71,"Male","Hispanic",0,"I",2014,"Private","Lower","Academic",1,8,46,1256.53644842839,1
"SYN-DLBCL-002387",TRUE,"DLBCL","SIM-F052",54,"Female","Black",1,"I",2012,"Private","Lower","Academic",0,NA,NA,23.4367860839626,0
"SYN-DLBCL-002388",TRUE,"DLBCL","SIM-F053",39,"Female","Hispanic",0,"I",2011,"Private","Lower","Academic",1,25,148,2390.06961741485,0
"SYN-DLBCL-002389",TRUE,"DLBCL","SIM-F020",53,"Female","Black",0,"I",2016,"Private","Higher","Community",0,11,NA,2730.96497358289,0
"SYN-DLBCL-002390",TRUE,"DLBCL","SIM-F056",37,"Male","Other",0,"IV",2012,"Private","Lower","Academic",1,32,296,1909.14148546522,0
"SYN-DLBCL-002391",TRUE,"DLBCL","SIM-F020",85,"Female","Other",0,"I",2010,NA,"Lower","Community",0,22,NA,2239.01652815053,0
"SYN-DLBCL-002392",TRUE,"DLBCL","SIM-F029",53,"Male","Black",1,"II",2015,"Private","Lower","Integrated",1,29,179,2521.91891403287,0
"SYN-DLBCL-002393",TRUE,"DLBCL","SIM-F004",71,"Male","Hispanic",1,"IV",2021,"Public","Higher","Community",1,35,NA,172.538635309648,0
"SYN-DLBCL-002394",TRUE,"DLBCL","SIM-F021",90,"Male","Other",1,"I",2011,NA,"Higher","Community",0,13,NA,58.175914767886,1
"SYN-DLBCL-002395",TRUE,"DLBCL","SIM-F053",59,"Female","Other",0,"I",2013,"Public","Middle","Academic",0,22,NA,1104.53192200124,1
"SYN-DLBCL-002396",TRUE,"DLBCL","SIM-F040",69,"Male","Other",1,"II",2021,"Public","Middle","Community",1,42,178,1151.42451707599,1
"SYN-DLBCL-002397",TRUE,"DLBCL","SIM-F005",74,"Male","Other",0,"IV",2012,"Private","Lower","Community",0,16,NA,2182.07253739236,1
"SYN-DLBCL-002398",TRUE,"DLBCL","SIM-F060",51,"Male","Other",0,"I",2022,"Private","Higher","Academic",0,8,NA,82.1884476588073,1
"SYN-DLBCL-002399",TRUE,"DLBCL","SIM-F043",50,"Female","Other",0,"I",2015,"Private","Higher","Integrated",0,29,NA,1461.4760417427,1
"SYN-DLBCL-002400",TRUE,"DLBCL","SIM-F046",48,"Female","Hispanic",0,"II",2015,"Private","Lower","Academic",1,31,240,2906.17311647637,1
"SYN-DLBCL-002401",TRUE,"DLBCL","SIM-F015",84,"Female","Hispanic",2,"III",2020,"Private","Middle","Academic",0,NA,NA,19.1378334494449,1
"SYN-DLBCL-002402",TRUE,"DLBCL","SIM-F015",79,"Male","Black",1,"IV",2018,"Public","Higher","Academic",0,8,NA,2315.6198258826,0
"SYN-DLBCL-002403",TRUE,"DLBCL","SIM-F048",50,"Female","Hispanic",0,"II",2015,"Private","Lower","Community",0,7,NA,1227.05854557391,1
"SYN-DLBCL-002404",TRUE,"DLBCL","SIM-F058",39,"Male","Black",0,"II",2018,"Public","Middle","Academic",1,10,106,1983.85237806011,0
"SYN-DLBCL-002405",TRUE,"DLBCL","SIM-F059",69,"Male","Other",1,"IV",2016,"Public","Middle","Academic",0,16,NA,2289.05244411081,1
"SYN-DLBCL-002406",TRUE,"DLBCL","SIM-F030",48,"Male","Hispanic",1,"II",2011,"Private","Higher","Academic",1,35,161,613.583159108567,1
"SYN-DLBCL-002407",TRUE,"DLBCL","SIM-F003",62,"Female","Hispanic",0,"II",2015,"Private","Higher","Integrated",0,39,NA,976.005930975987,1
"SYN-DLBCL-002408",TRUE,"DLBCL","SIM-F015",58,"Female","Hispanic",1,"III",2010,"Public","Lower","Academic",1,44,122,1018.0145002529,0
"SYN-DLBCL-002409",TRUE,"DLBCL","SIM-F008",70,"Female","Black",1,"I",2020,"Public","Lower","Academic",1,41,205,1051.645178337,0
"SYN-DLBCL-002410",TRUE,"DLBCL","SIM-F050",68,"Male","Other",1,"II",2017,"Public",NA,"Academic",0,7,NA,853.618828713189,1
"SYN-DLBCL-002411",TRUE,"DLBCL","SIM-F013",55,"Female","Black",1,"II",2016,"Public","Higher","Integrated",1,375,243,2153.89287153608,0
"SYN-DLBCL-002412",TRUE,"DLBCL","SIM-F053",57,"Male","Other",1,"I",2016,"Public","Higher","Academic",1,31,234,2280.18999487627,0
"SYN-DLBCL-002413",TRUE,"DLBCL","SIM-F043",62,"Male","Other",1,"II",2013,"Public","Middle","Integrated",0,25,NA,689.775137592945,1
"SYN-DLBCL-002414",TRUE,"DLBCL","SIM-F026",64,"Female","Hispanic",0,"III",2010,NA,"Middle","Academic",1,21,225,515.648728177908,1
"SYN-DLBCL-002415",TRUE,"DLBCL","SIM-F044",68,"Male","Black",2,"I",2020,"Public","Middle","Academic",0,NA,NA,5.84329991564382,1
"SYN-DLBCL-002416",TRUE,"DLBCL","SIM-F053",65,"Male","Other",2,"II",2022,"Private","Middle",NA,1,5,134,1099.7103750044,1
"SYN-DLBCL-002417",TRUE,"DLBCL","SIM-F043",80,"Female","Other",2,"I",2014,"Private","Higher","Integrated",0,20,NA,2454.74977387581,0
"SYN-DLBCL-002418",TRUE,"DLBCL","SIM-F043",67,"Male","Other",1,"II",2018,NA,"Higher","Integrated",0,34,NA,596.942595039246,1
"SYN-DLBCL-002419",TRUE,"DLBCL","SIM-F016",46,"Female","Hispanic",0,"III",2012,"Private","Middle","Academic",1,16,98,3020.28508903109,0
"SYN-DLBCL-002420",TRUE,"DLBCL","SIM-F015",50,"Male","Black",1,"I",2020,"Public",NA,"Academic",1,375,229,1332.86555718063,1
"SYN-DLBCL-002421",TRUE,"DLBCL","SIM-F021",69,"Male","Other",0,"II",2017,"Private","Middle","Community",0,39,NA,1696.9936722389,0
"SYN-DLBCL-002422",TRUE,"DLBCL","SIM-F031",61,"Male","Black",1,"II",2015,"Private","Lower","Academic",0,8,NA,320.371167440005,1
"SYN-DLBCL-002423",TRUE,"DLBCL","SIM-F015",70,"Female","Other",0,"II",2013,"Private","Lower","Academic",0,31,NA,708.72969717125,0
"SYN-DLBCL-002424",TRUE,"DLBCL","SIM-F005",56,"Male","Other",1,"II",2010,"Public","Higher","Community",1,32,110,124.249477088552,1
"SYN-DLBCL-002425",TRUE,"DLBCL","SIM-F011",43,"Female","Black",0,"I",2012,"Public","Lower","Integrated",1,8,48,2916.96547873085,0
"SYN-DLBCL-002426",TRUE,"DLBCL","SIM-F034",65,"Male","Hispanic",0,"II",2013,"Private","Higher",NA,1,17,84,3107.31650299509,0
"SYN-DLBCL-002427",TRUE,"DLBCL","SIM-F035",65,"Female","Other",1,"I",2022,"Private",NA,"Integrated",1,23,66,2093.09603998205,0
"SYN-DLBCL-002428",TRUE,"DLBCL","SIM-F025",70,"Female","Hispanic",0,"II",2021,"Public","Middle","Integrated",1,15,240,1649.95282223448,0
"SYN-DLBCL-002429",TRUE,"DLBCL","SIM-F023",56,"Female","Black",0,"II",2011,"Private","Middle","Integrated",1,29,71,610.41355087306,0
"SYN-DLBCL-002430",TRUE,"DLBCL","SIM-F044",62,"Female","Other",1,"I",2014,"Private","Higher","Academic",0,41,NA,2863.76730690477,0
"SYN-DLBCL-002431",TRUE,"DLBCL","SIM-F018",76,"Female","Hispanic",0,"I",2021,"Private","Lower","Integrated",0,39,NA,73.0319182158962,1
"SYN-DLBCL-002432",TRUE,"DLBCL","SIM-F046",69,"Male","Other",1,"II",2012,"Public","Lower","Academic",0,27,NA,930.631504668257,1
"SYN-DLBCL-002433",TRUE,"DLBCL","SIM-F019",50,"Male","Black",1,"I",2011,"Private","Middle","Academic",1,38,220,513.28176659886,1
"SYN-DLBCL-002434",TRUE,"DLBCL","SIM-F057",46,"Male","Black",0,"II",2011,"Private","Middle","Community",1,21,126,1880.64391641761,0
"SYN-DLBCL-002435",TRUE,"DLBCL","SIM-F024",71,"Female","Hispanic",0,"I",2016,"Private","Lower","Integrated",1,21,231,1493.11397058705,1
"SYN-DLBCL-002436",TRUE,"DLBCL","SIM-F003",65,"Female","Hispanic",0,"II",2020,"Public","Middle","Integrated",1,16,146,2101.43040126655,0
"SYN-DLBCL-002437",TRUE,"DLBCL","SIM-F034",52,"Female","Other",1,"II",2020,"Private","Middle","Community",1,43,243,479.033012300045,1
"SYN-DLBCL-002438",TRUE,"DLBCL","SIM-F010",61,"Male","Black",1,"I",2018,"Public","Lower","Integrated",0,41,NA,804.47264561522,1
"SYN-DLBCL-002439",TRUE,"DLBCL","SIM-F055",57,"Male","Hispanic",0,"II",2020,"Private","Middle","Academic",1,37,NA,249.708552925828,1
"SYN-DLBCL-002440",TRUE,"DLBCL","SIM-F045",47,"Male","Black",1,"I",2021,"Private","Lower","Community",0,10,NA,1372.28397610611,1
"SYN-DLBCL-002441",TRUE,"DLBCL","SIM-F039",40,"Male","Other",0,"I",2021,"Public","Lower","Integrated",0,6,NA,1712.90022736299,0
"SYN-DLBCL-002442",TRUE,"DLBCL","SIM-F012",56,"Female","Black",1,"II",2014,"Private","Middle","Community",0,15,NA,1890.88041001465,0
"SYN-DLBCL-002443",TRUE,"DLBCL","SIM-F034",56,"Male","Hispanic",1,"I",2022,"Public","Middle","Community",1,30,234,3102.45975221856,0
"SYN-DLBCL-002444",TRUE,"DLBCL","SIM-F003",68,"Female","Other",1,"I",2016,NA,"Higher","Integrated",1,7,105,1843.46280420083,0
"SYN-DLBCL-002445",TRUE,"DLBCL","SIM-F039",80,"Female","Hispanic",0,"II",2021,"Public","Higher",NA,1,42,152,1473.47577409322,1
"SYN-DLBCL-002446",TRUE,"DLBCL","SIM-F054",62,"Male","Black",0,"I",2020,"Public","Lower","Integrated",0,29,NA,1746.99428774321,1
"SYN-DLBCL-002447",TRUE,"DLBCL","SIM-F031",75,"Male","Black",0,"II",2020,"Public","Lower","Academic",0,18,NA,1903.00126424059,0
"SYN-DLBCL-002448",TRUE,"DLBCL","SIM-F055",72,"Female","Other",0,"II",2015,"Private",NA,"Academic",1,42,79,775.484586137214,1
"SYN-DLBCL-002449",TRUE,"DLBCL","SIM-F018",54,"Female","Other",1,"I",2016,"Private","Higher","Integrated",1,15,274,883.474343427842,1
"SYN-DLBCL-002450",TRUE,"DLBCL","SIM-F006",49,"Male","Other",1,"II",2021,"Private","Lower","Integrated",1,17,167,609.941401240058,0
"SYN-DLBCL-002451",TRUE,"DLBCL","SIM-F006",79,"Male","Other",1,"II",2015,"Public","Middle","Integrated",0,23,NA,1233.46849083201,1
"SYN-DLBCL-002452",TRUE,"DLBCL","SIM-F052",63,"Female","Hispanic",1,"I",2013,"Private","Higher","Academic",0,26,NA,2120.41165822827,1
"SYN-DLBCL-002453",TRUE,"DLBCL","SIM-F033",54,"Female","Black",0,"II",2015,"Private","Higher","Community",0,26,NA,2591.26069837086,1
"SYN-DLBCL-002454",TRUE,"DLBCL","SIM-F035",66,"Male","Other",0,"I",2013,"Private","Lower","Integrated",0,38,NA,133.76218455723,1
"SYN-DLBCL-002455",TRUE,"DLBCL","SIM-F041",71,"Male","Black",0,"II",2010,"Public","Middle","Academic",1,9,154,1017.51124572071,1
"SYN-DLBCL-002456",TRUE,"DLBCL","SIM-F053",43,"Female","Black",0,"II",2016,"Private","Lower","Academic",1,41,183,1989.56531020463,0
"SYN-DLBCL-002457",TRUE,"DLBCL","SIM-F011",71,"Male","Black",1,"II",2021,"Private","Higher","Integrated",0,NA,NA,44.4486469798706,1
"SYN-DLBCL-002458",TRUE,"DLBCL","SIM-F020",73,"Female","Hispanic",0,"I",2022,"Private","Middle","Community",1,7,264,2412.11072241073,0
"SYN-DLBCL-002459",TRUE,"DLBCL","SIM-F013",62,"Male","Other",1,"I",2020,"Public","Middle","Integrated",0,38,NA,1562.82247643359,1
"SYN-DLBCL-002460",TRUE,"DLBCL","SIM-F046",59,"Female","Hispanic",0,"II",2022,"Private","Middle","Academic",1,35,242,837.321429848671,0
"SYN-DLBCL-002461",TRUE,"DLBCL","SIM-F060",57,"Male","Hispanic",2,"I",2016,"Private","Lower","Academic",0,43,NA,1567.0580214553,0
"SYN-DLBCL-002462",TRUE,"DLBCL","SIM-F007",70,"Female","Other",0,"I",2011,"Public","Higher","Academic",1,19,158,2099.87648203038,0
"SYN-DLBCL-002463",TRUE,"DLBCL","SIM-F060",59,"Male","Other",0,"II",2014,"Public","Lower","Academic",0,NA,NA,16.1684239196638,1
"SYN-DLBCL-002464",TRUE,"DLBCL","SIM-F033",62,"Male","Black",0,"I",2017,"Public","Higher","Community",1,10,37,1490.75639448361,0
"SYN-DLBCL-002465",TRUE,"DLBCL","SIM-F049",53,"Male","Other",1,"I",2015,"Private","Lower","Academic",0,39,NA,116.333275182794,1
"SYN-DLBCL-002466",TRUE,"DLBCL","SIM-F015",54,"Male","Other",0,"I",2017,"Private","Higher","Academic",1,9,207,658.080177910114,1
"SYN-DLBCL-002467",TRUE,"DLBCL","SIM-F058",60,"Male","Other",1,"I",2010,"Public","Middle","Academic",0,11,NA,2604.04423725791,0
"SYN-DLBCL-002468",TRUE,"DLBCL","SIM-F023",67,"Female","Hispanic",1,"II",2021,NA,"Middle","Integrated",1,9,NA,95.7289651125917,1
"SYN-DLBCL-002469",TRUE,"DLBCL","SIM-F018",47,"Male","Other",0,"I",2017,"Private","Middle","Integrated",1,14,174,985.10853668409,1
"SYN-DLBCL-002470",TRUE,"DLBCL","SIM-F055",46,"Female","Other",1,"II",2012,"Private","Higher","Academic",0,37,NA,1484.33943571523,0
"SYN-DLBCL-002471",TRUE,"DLBCL","SIM-F037",41,"Male","Black",0,"III",2013,NA,"Lower","Community",1,40,129,2965.23078750819,NA
"SYN-DLBCL-002472",TRUE,"DLBCL","SIM-F052",47,"Male","Black",0,"IV",2021,"Public","Lower","Academic",1,9,106,1272.63244754922,0
"SYN-DLBCL-002473",TRUE,"DLBCL","SIM-F020",53,"Male","Hispanic",0,"II",2014,"Private","Lower","Community",0,20,NA,647.889152624391,1
"SYN-DLBCL-002474",TRUE,"DLBCL","SIM-F034",62,"Female","Other",2,"II",2016,"Private",NA,"Community",1,15,174,2089.48406383512,0
"SYN-DLBCL-002475",TRUE,"DLBCL","SIM-F015",61,"Male","Hispanic",1,"IV",2019,"Public","Middle","Academic",0,44,NA,990.604609419731,1
"SYN-DLBCL-002476",TRUE,"DLBCL","SIM-F020",75,"Male","Other",0,"II",2011,"Public","Lower","Community",1,9,74,234.973274881661,1
"SYN-DLBCL-002477",TRUE,"DLBCL","SIM-F050",72,"Female","Other",1,"I",2012,"Private","Higher","Academic",1,17,NA,223.877411364311,1
"SYN-DLBCL-002478",TRUE,"DLBCL","SIM-F048",61,"Female","Other",2,"III",2022,"Private","Higher","Community",1,18,86,2849.19112104923,0
"SYN-DLBCL-002479",TRUE,"DLBCL","SIM-F001",60,"Male","Hispanic",0,"I",2013,"Public","Higher","Community",1,17,242,741.514677683683,1
"SYN-DLBCL-002480",TRUE,"DLBCL","SIM-F020",37,"Male","Hispanic",1,"I",2016,"Private","Lower","Community",1,45,NA,116.609164087681,1
"SYN-DLBCL-002481",TRUE,"DLBCL","SIM-F034",51,"Female","Hispanic",1,"II",2013,"Private","Lower","Community",1,33,259,1911.03746329551,0
"SYN-DLBCL-002482",TRUE,"DLBCL","SIM-F017",86,"Female","Other",1,"II",2011,"Public","Middle","Academic",0,24,NA,1830.22369617596,0
"SYN-DLBCL-002483",TRUE,"DLBCL","SIM-F034",49,"Female","Other",1,"III",2018,"Private","Middle","Community",0,33,NA,1565.50828084233,0
"SYN-DLBCL-002484",TRUE,"DLBCL","SIM-F050",48,"Female","Other",0,"I",2013,"Private","Middle","Academic",0,13,NA,1593.16515934237,NA
"SYN-DLBCL-002485",TRUE,"DLBCL","SIM-F052",89,"Male","Other",2,"I",2021,"Public","Middle","Academic",0,29,NA,73.3864184193535,1
"SYN-DLBCL-002486",TRUE,"DLBCL","SIM-F028",69,"Female","Other",1,"III",2013,"Public","Lower","Community",0,10,NA,957.480149744727,1
"SYN-DLBCL-002487",TRUE,"DLBCL","SIM-F003",54,"Female","Other",0,"I",2011,"Private","Lower","Integrated",1,25,144,2361.39553679153,0
"SYN-DLBCL-002488",TRUE,"DLBCL","SIM-F014",37,"Male","Black",0,"III",2017,"Private","Middle","Integrated",1,23,211,2170.26441130671,0
"SYN-DLBCL-002489",TRUE,"DLBCL","SIM-F049",26,"Female","Other",1,"I",2019,"Private","Higher","Academic",1,15,NA,174.315847791731,0
"SYN-DLBCL-002490",TRUE,"DLBCL","SIM-F011",67,"Female","Other",0,"IV",2022,"Public","Higher","Integrated",1,44,87,2410.78870231519,0
"SYN-DLBCL-002491",TRUE,"DLBCL","SIM-F001",41,"Female","Black",1,"I",2022,"Private",NA,"Community",1,40,268,1446.69666593894,0
"SYN-DLBCL-002492",TRUE,"DLBCL","SIM-F030",76,"Female","Black",2,"II",2014,"Public","Middle","Academic",0,NA,NA,7.08447579508014,1
"SYN-DLBCL-002493",TRUE,"DLBCL","SIM-F038",82,"Female","Black",1,"IV",2017,"Public","Lower","Community",0,27,NA,1320.30227057264,1
"SYN-DLBCL-002494",TRUE,"DLBCL","SIM-F017",69,"Female","Hispanic",0,"I",2019,"Private","Higher","Academic",1,38,214,1412.66160354373,1
"SYN-DLBCL-002495",TRUE,"DLBCL","SIM-F006",39,"Female","Other",0,"III",2012,"Private","Middle","Integrated",1,36,56,768.085677380068,1
"SYN-DLBCL-002496",TRUE,"DLBCL","SIM-F005",80,"Male","Black",1,"I",2022,"Public","Lower","Community",0,45,NA,463.516756305998,1
"SYN-DLBCL-002497",TRUE,"DLBCL","SIM-F046",47,"Female","Hispanic",0,"III",2014,"Private","Higher","Academic",1,33,56,1975.86831491441,0
"SYN-DLBCL-002498",TRUE,"DLBCL","SIM-F059",73,"Male","Hispanic",1,"I",2014,"Public","Middle","Academic",1,39,267,2151.37898436747,0
"SYN-DLBCL-002499",TRUE,"DLBCL","SIM-F017",90,"Female","Black",2,"II",2022,"Private",NA,"Academic",0,8,NA,720.916130891615,1
"SYN-DLBCL-002500",TRUE,"DLBCL","SIM-F001",65,"Female","Other",1,"III",2011,"Public","Middle","Community",0,28,NA,156.911419280009,1
