"synthetic_id","synthetic","disease","facility_id","age","sex","race_ethnicity","comorbidity","stage","diagnosis_year","insurance","income","facility_type","treatment","chemo_day","adjunct_day","exit_day","event"
"SYN-SCLC-000001",TRUE,"SCLC","SIM-F002",78,"Female","Black",0,"Extensive",2015,"Public","Lower","Academic",1,14,NA,31.5756555999199,1
"SYN-SCLC-000002",TRUE,"SCLC","SIM-F001",72,"Female","Black",0,"Limited",2022,"Private","Middle","Community",0,19,NA,88.628944165787,1
"SYN-SCLC-000003",TRUE,"SCLC","SIM-F001",71,"Male","Hispanic",0,"Limited",2013,"Public","Higher","Community",0,16,NA,17.3239803364054,1
"SYN-SCLC-000004",TRUE,"SCLC","SIM-F043",78,"Female","Other",1,"Extensive",2010,"Public","Higher","Integrated",0,23,NA,64.1426470956183,1
"SYN-SCLC-000005",TRUE,"SCLC","SIM-F033",64,"Male","Other",0,"Extensive",2013,"Private","Higher","Community",1,44,61,633.207933417328,1
"SYN-SCLC-000006",TRUE,"SCLC","SIM-F011",44,"Male","Black",0,"Extensive",2020,"Private",NA,"Integrated",0,13,NA,1137.05760049737,1
"SYN-SCLC-000007",TRUE,"SCLC","SIM-F023",73,"Male","Hispanic",1,"Extensive",2015,"Public","Middle","Integrated",1,39,72,118.124988629144,1
"SYN-SCLC-000008",TRUE,"SCLC","SIM-F036",64,"Male","Other",1,"Extensive",2012,NA,"Middle","Academic",1,13,22,1745.12602056915,1
"SYN-SCLC-000009",TRUE,"SCLC","SIM-F004",60,"Male","Other",0,"Limited",2017,"Private","Middle","Community",0,15,NA,141.970152124437,1
"SYN-SCLC-000010",TRUE,"SCLC","SIM-F032",60,"Female","Hispanic",0,"Extensive",2022,"Public","Middle","Academic",1,27,65,963.916647986531,1
"SYN-SCLC-000011",TRUE,"SCLC","SIM-F026",63,"Female","Hispanic",1,"Extensive",2011,"Private","Higher","Academic",0,14,NA,189.812544068929,1
"SYN-SCLC-000012",TRUE,"SCLC","SIM-F008",79,"Male","Hispanic",1,"Extensive",2013,"Public","Middle","Academic",0,24,NA,97.4231884562215,1
"SYN-SCLC-000013",TRUE,"SCLC","SIM-F003",66,"Female","Other",1,"Extensive",2012,"Private","Lower","Integrated",1,32,55,563.522779961952,1
"SYN-SCLC-000014",TRUE,"SCLC","SIM-F025",70,"Male","Other",1,"Extensive",2019,"Private","Higher","Integrated",1,NA,NA,27.6118585543418,1
"SYN-SCLC-000015",TRUE,"SCLC","SIM-F021",70,"Male","Hispanic",1,"Extensive",2019,"Private","Lower","Community",0,40,NA,98.2699012883746,1
"SYN-SCLC-000016",TRUE,"SCLC","SIM-F054",66,"Male","Black",1,"Extensive",2021,"Private","Higher","Integrated",1,31,46,423.475561132874,1
"SYN-SCLC-000017",TRUE,"SCLC","SIM-F001",49,"Male","Black",0,"Extensive",2019,"Private","Middle","Community",0,32,NA,853.898482859024,1
"SYN-SCLC-000018",TRUE,"SCLC","SIM-F024",71,"Male","Other",1,"Extensive",2018,"Public","Higher","Integrated",0,NA,NA,26.7196827350761,1
"SYN-SCLC-000019",TRUE,"SCLC","SIM-F056",50,"Female","Black",1,"Extensive",2010,"Private","Lower","Academic",1,100,42,180.856518056197,1
"SYN-SCLC-000020",TRUE,"SCLC","SIM-F027",43,"Male","Other",0,"Extensive",2010,"Private",NA,"Integrated",0,23,NA,449.479359726599,1
"SYN-SCLC-000021",TRUE,"SCLC","SIM-F042",61,"Female","Black",1,"Limited",2021,"Private","Middle","Academic",0,43,NA,162.461615452763,1
"SYN-SCLC-000022",TRUE,"SCLC","SIM-F029",64,"Female","Other",1,"Extensive",2015,"Private","Higher","Integrated",1,28,56,251.918584739351,1
"SYN-SCLC-000023",TRUE,"SCLC","SIM-F015",68,"Female","Other",1,"Limited",2011,"Public","Lower","Academic",0,9,NA,764.68607585666,1
"SYN-SCLC-000024",TRUE,"SCLC","SIM-F056",75,"Male","Hispanic",0,"Extensive",2019,"Private","Lower","Academic",0,44,NA,1207.33442385045,1
"SYN-SCLC-000025",TRUE,"SCLC","SIM-F060",63,"Male","Hispanic",1,"Extensive",2021,"Private","Higher","Academic",1,8,10,748.060546187844,1
"SYN-SCLC-000026",TRUE,"SCLC","SIM-F015",68,"Female","Black",1,"Limited",2014,"Private","Lower","Academic",0,14,NA,77.8170307492062,1
"SYN-SCLC-000027",TRUE,"SCLC","SIM-F047",79,"Female","Other",2,"Extensive",2010,"Private","Lower","Integrated",0,NA,NA,5.83784049394286,1
"SYN-SCLC-000028",TRUE,"SCLC","SIM-F055",57,"Female","Black",1,"Extensive",2017,"Private","Higher","Academic",1,32,33,1011.67068691439,NA
"SYN-SCLC-000029",TRUE,"SCLC","SIM-F019",52,"Male","Other",1,"Extensive",2019,"Private","Lower","Academic",0,29,NA,41.515653201236,1
"SYN-SCLC-000030",TRUE,"SCLC","SIM-F017",83,"Female","Other",0,"Limited",2019,"Private","Lower","Academic",1,25,60,142.684726314874,1
"SYN-SCLC-000031",TRUE,"SCLC","SIM-F036",68,"Female","Hispanic",0,"Extensive",2019,"Public","Higher","Academic",0,27,NA,101.666466164444,1
"SYN-SCLC-000032",TRUE,"SCLC","SIM-F035",60,"Male","Other",2,"Extensive",2014,"Private","Higher","Integrated",1,21,57,124.73025106131,1
"SYN-SCLC-000033",TRUE,"SCLC","SIM-F060",48,"Female","Black",1,"Extensive",2017,"Private","Middle","Academic",NA,9,NA,109.067825047205,0
"SYN-SCLC-000034",TRUE,"SCLC","SIM-F045",78,"Male","Black",1,"Extensive",2021,"Public","Higher","Community",0,35,NA,109.411214287018,1
"SYN-SCLC-000035",TRUE,"SCLC","SIM-F040",55,"Female","Other",1,"Extensive",2010,"Public","Lower","Community",0,19,NA,397.520806950002,1
"SYN-SCLC-000036",TRUE,"SCLC","SIM-F004",61,"Female","Hispanic",0,"Extensive",2021,NA,"Higher","Community",1,12,32,507.140580610495,1
"SYN-SCLC-000037",TRUE,"SCLC","SIM-F024",47,"Male","Hispanic",0,"Extensive",2021,"Private","Higher","Integrated",1,15,51,579.212343611132,1
"SYN-SCLC-000038",TRUE,"SCLC","SIM-F032",58,"Female","Black",1,"Extensive",2019,NA,NA,"Academic",0,42,NA,232.930790036917,0
"SYN-SCLC-000039",TRUE,"SCLC","SIM-F003",51,"Female","Hispanic",1,"Extensive",2013,"Private","Lower","Integrated",0,35,NA,1199.55378003884,0
"SYN-SCLC-000040",TRUE,"SCLC","SIM-F049",49,"Male","Hispanic",1,"Extensive",2015,"Private","Higher","Academic",1,NA,NA,3.07107894975128,1
"SYN-SCLC-000041",TRUE,"SCLC","SIM-F022",55,"Female","Hispanic",1,"Extensive",2015,"Private","Lower","Integrated",1,9,26,2047.80851397896,0
"SYN-SCLC-000042",TRUE,"SCLC","SIM-F014",66,"Female","Black",0,"Extensive",2017,"Private","Higher",NA,0,25,NA,1774.22103503507,1
"SYN-SCLC-000043",TRUE,"SCLC","SIM-F018",70,"Male","Hispanic",0,"Extensive",2010,"Private","Higher","Integrated",1,34,36,150.838001260808,1
"SYN-SCLC-000044",TRUE,"SCLC","SIM-F002",50,"Male","Hispanic",0,"Extensive",2019,"Private","Higher","Academic",1,18,57,2632.57131041843,0
"SYN-SCLC-000045",TRUE,"SCLC","SIM-F050",66,"Female","Other",2,"Extensive",2010,"Private","Higher","Academic",0,16,NA,213.378571886824,1
"SYN-SCLC-000046",TRUE,"SCLC","SIM-F035",60,"Female","Other",1,"Extensive",2010,"Public","Lower","Integrated",0,34,NA,148.076613424908,1
"SYN-SCLC-000047",TRUE,"SCLC","SIM-F056",75,"Male","Other",0,"Limited",2013,"Public","Higher","Academic",1,36,39,788.250751809753,1
"SYN-SCLC-000048",TRUE,"SCLC","SIM-F029",66,"Female","Other",1,"Extensive",2022,"Public","Lower","Integrated",0,19,NA,268.441297198229,1
"SYN-SCLC-000049",TRUE,"SCLC","SIM-F005",76,"Male","Black",1,"Extensive",2012,"Public","Middle","Community",1,21,45,663.963205112327,1
"SYN-SCLC-000050",TRUE,"SCLC","SIM-F019",79,"Female","Other",0,"Extensive",2020,"Public","Lower",NA,1,7,18,392.232566157519,1
"SYN-SCLC-000051",TRUE,"SCLC","SIM-F022",66,"Female","Black",0,"Extensive",2016,"Private","Middle",NA,0,36,NA,94.2340098931449,1
"SYN-SCLC-000052",TRUE,"SCLC","SIM-F017",71,"Female","Hispanic",0,"Extensive",2017,NA,"Middle","Academic",0,40,NA,600.015723297488,1
"SYN-SCLC-000053",TRUE,"SCLC","SIM-F012",55,"Female","Black",2,"Extensive",2019,"Private","Lower","Community",1,23,47,201.515424480093,1
"SYN-SCLC-000054",TRUE,"SCLC","SIM-F003",71,"Male","Black",0,"Extensive",2010,"Public","Higher","Integrated",1,43,81,151.449929791684,1
"SYN-SCLC-000055",TRUE,"SCLC","SIM-F015",60,"Male","Other",1,"Extensive",2015,"Private","Higher","Academic",0,30,NA,1167.47351544431,1
"SYN-SCLC-000056",TRUE,"SCLC","SIM-F025",37,"Female","Black",0,"Extensive",2019,"Private","Higher","Integrated",1,19,56,782.281200106332,1
"SYN-SCLC-000057",TRUE,"SCLC","SIM-F058",53,"Female","Other",1,"Extensive",2021,"Private","Higher","Academic",0,13,NA,99.5164943936223,1
"SYN-SCLC-000058",TRUE,"SCLC","SIM-F029",69,"Female","Other",1,"Extensive",2015,"Private","Lower","Integrated",0,29,NA,700.294145842813,1
"SYN-SCLC-000059",TRUE,"SCLC","SIM-F016",46,"Female","Other",1,"Extensive",2010,"Private","Lower","Academic",0,37,NA,101.838958940087,1
"SYN-SCLC-000060",TRUE,"SCLC","SIM-F005",73,"Male","Black",1,"Extensive",2011,"Private","Lower","Community",1,41,54,330.634008163552,1
"SYN-SCLC-000061",TRUE,"SCLC","SIM-F051",56,"Female","Other",1,"Extensive",2013,"Private","Higher",NA,1,40,57,462.089073999838,1
"SYN-SCLC-000062",TRUE,"SCLC","SIM-F057",64,"Male","Black",0,"Extensive",2019,"Private","Lower","Community",0,16,NA,1023.27203838257,1
"SYN-SCLC-000063",TRUE,"SCLC","SIM-F013",61,"Male","Black",1,"Extensive",2021,"Private","Higher","Integrated",0,25,NA,489.54381678521,1
"SYN-SCLC-000064",TRUE,"SCLC","SIM-F038",55,"Female","Hispanic",0,"Limited",2020,"Private",NA,"Community",0,41,NA,1440.78058265484,1
"SYN-SCLC-000065",TRUE,"SCLC","SIM-F025",68,"Female","Other",0,"Extensive",2017,"Private","Middle","Integrated",1,42,43,292.855516199227,1
"SYN-SCLC-000066",TRUE,"SCLC","SIM-F013",51,"Male","Black",0,"Extensive",2010,"Private","Middle",NA,0,32,NA,303.674627301342,1
"SYN-SCLC-000067",TRUE,"SCLC","SIM-F042",62,"Female","Other",1,"Extensive",2013,"Private","Lower","Academic",0,19,NA,19.5754020240856,1
"SYN-SCLC-000068",TRUE,"SCLC","SIM-F041",65,"Female","Other",1,"Extensive",2010,"Public","Higher","Academic",0,37,NA,243.676875989298,1
"SYN-SCLC-000069",TRUE,"SCLC","SIM-F030",61,"Male","Hispanic",0,"Extensive",2015,"Private","Middle","Academic",0,19,NA,884.423417340858,0
"SYN-SCLC-000070",TRUE,"SCLC","SIM-F039",79,"Female","Hispanic",1,"Extensive",2018,"Private","Lower","Integrated",0,16,NA,40.3795196364081,1
"SYN-SCLC-000071",TRUE,"SCLC","SIM-F057",42,"Female","Other",1,"Extensive",2022,"Private","Lower","Community",1,20,20,653.738401858175,1
"SYN-SCLC-000072",TRUE,"SCLC","SIM-F040",90,"Female","Other",0,"Extensive",2010,"Public","Higher","Community",1,28,66,224.172462077019,1
"SYN-SCLC-000073",TRUE,"SCLC","SIM-F020",57,"Male","Other",0,"Extensive",2010,NA,NA,"Community",0,16,NA,776.802258261861,1
"SYN-SCLC-000074",TRUE,"SCLC","SIM-F048",64,"Female","Hispanic",0,"Extensive",2016,"Public",NA,"Community",1,26,62,826.118210844326,1
"SYN-SCLC-000075",TRUE,"SCLC","SIM-F005",76,"Female","Black",1,"Extensive",2010,"Public","Middle","Community",0,9,NA,462.947821382741,1
"SYN-SCLC-000076",TRUE,"SCLC","SIM-F030",52,"Female","Other",1,"Extensive",2018,"Private","Lower","Academic",1,20,50,1577.60147566674,0
"SYN-SCLC-000077",TRUE,"SCLC","SIM-F036",73,"Male","Black",1,"Extensive",2015,"Public","Middle","Academic",0,36,NA,520.311697463717,1
"SYN-SCLC-000078",TRUE,"SCLC","SIM-F039",72,"Male","Black",0,"Extensive",2020,"Private","Middle","Integrated",0,42,NA,58.9965691476939,1
"SYN-SCLC-000079",TRUE,"SCLC","SIM-F033",77,"Male","Hispanic",0,"Extensive",2018,"Public","Middle","Community",1,38,65,69.5780998199581,1
"SYN-SCLC-000080",TRUE,"SCLC","SIM-F020",63,"Male","Hispanic",0,"Extensive",2022,"Private","Higher","Community",1,23,44,624.056383103356,1
"SYN-SCLC-000081",TRUE,"SCLC","SIM-F060",59,"Male","Other",1,"Extensive",2012,"Private","Lower","Academic",0,34,NA,352.707606237907,1
"SYN-SCLC-000082",TRUE,"SCLC","SIM-F014",77,"Female","Black",0,"Extensive",2021,"Public","Middle","Integrated",0,10,NA,160.820821868978,1
"SYN-SCLC-000083",TRUE,"SCLC","SIM-F058",52,"Male","Hispanic",1,"Extensive",2018,"Public","Middle","Academic",1,28,28,1209.13697682345,1
"SYN-SCLC-000084",TRUE,"SCLC","SIM-F034",78,"Female","Black",0,"Extensive",2020,"Public","Middle","Community",0,36,NA,264.221054862478,1
"SYN-SCLC-000085",TRUE,"SCLC","SIM-F037",47,"Male","Hispanic",1,"Extensive",2017,"Private",NA,"Community",1,25,26,1523.29069408988,1
"SYN-SCLC-000086",TRUE,"SCLC","SIM-F049",43,"Male","Hispanic",0,"Extensive",2022,"Public","Lower","Academic",1,8,35,427.249357619507,1
"SYN-SCLC-000087",TRUE,"SCLC","SIM-F041",65,"Male","Other",1,"Extensive",2013,"Private","Middle","Academic",0,12,NA,383.13139176962,1
"SYN-SCLC-000088",TRUE,"SCLC","SIM-F006",53,"Male","Hispanic",0,"Extensive",2014,"Private","Middle","Integrated",1,27,67,339.617695174077,1
"SYN-SCLC-000089",TRUE,"SCLC","SIM-F030",66,"Female","Black",0,"Extensive",2021,"Public","Lower","Academic",0,NA,NA,16.7861871820672,1
"SYN-SCLC-000090",TRUE,"SCLC","SIM-F042",79,"Male","Black",1,"Extensive",2018,"Private","Middle","Academic",0,11,NA,149.135127857173,1
"SYN-SCLC-000091",TRUE,"SCLC","SIM-F018",47,"Male","Other",1,"Extensive",2013,"Public","Lower","Integrated",0,45,NA,184.721738432262,1
"SYN-SCLC-000092",TRUE,"SCLC","SIM-F039",45,"Male","Other",0,"Extensive",2015,"Private","Higher","Integrated",1,44,NA,1640.09439610178,0
"SYN-SCLC-000093",TRUE,"SCLC","SIM-F036",70,"Male","Black",0,"Extensive",2020,"Private","Middle","Academic",1,30,69,646.091607365727,1
"SYN-SCLC-000094",TRUE,"SCLC","SIM-F041",61,"Female","Black",0,"Extensive",2018,"Private","Lower","Academic",1,9,25,109.512999113279,1
"SYN-SCLC-000095",TRUE,"SCLC","SIM-F019",43,"Male","Hispanic",1,"Extensive",2019,"Private","Higher","Academic",1,35,39,1388.1493768591,1
"SYN-SCLC-000096",TRUE,"SCLC","SIM-F030",51,"Female","Black",0,"Extensive",2010,"Public","Higher","Academic",1,14,24,227.353238260481,1
"SYN-SCLC-000097",TRUE,"SCLC","SIM-F058",83,"Male","Hispanic",1,"Limited",2018,"Public","Higher","Academic",0,35,NA,432.556881782816,0
"SYN-SCLC-000098",TRUE,"SCLC","SIM-F051",62,"Female","Hispanic",0,"Extensive",2010,"Private","Higher","Community",1,14,25,498.942188318211,1
"SYN-SCLC-000099",TRUE,"SCLC","SIM-F052",65,"Female","Other",0,"Extensive",2016,"Private","Higher","Academic",0,43,NA,1010.12081172931,1
"SYN-SCLC-000100",TRUE,"SCLC","SIM-F007",47,"Female","Black",1,"Extensive",2019,"Private","Lower",NA,0,35,NA,1519.40023738844,1
"SYN-SCLC-000101",TRUE,"SCLC","SIM-F016",58,"Female","Black",1,"Limited",2016,"Private","Lower","Academic",1,25,58,892.014865167439,0
"SYN-SCLC-000102",TRUE,"SCLC","SIM-F018",79,"Male","Black",1,"Extensive",2013,"Private","Higher","Integrated",0,8,NA,95.5219838741005,1
"SYN-SCLC-000103",TRUE,"SCLC","SIM-F007",61,"Male","Black",0,"Extensive",2016,"Private","Higher","Academic",1,9,19,648.103551920326,1
"SYN-SCLC-000104",TRUE,"SCLC","SIM-F054",71,"Male","Hispanic",1,"Limited",2013,"Public","Middle","Integrated",0,29,NA,490.213570590714,1
"SYN-SCLC-000105",TRUE,"SCLC","SIM-F008",82,"Female","Other",NA,"Extensive",2014,"Private","Middle","Academic",0,25,NA,448.052354658692,1
"SYN-SCLC-000106",TRUE,"SCLC","SIM-F011",59,"Female","Hispanic",1,"Extensive",2011,"Private","Lower","Integrated",1,17,45,123.771453681376,1
"SYN-SCLC-000107",TRUE,"SCLC","SIM-F024",55,"Female","Other",0,"Extensive",2015,"Public","Higher","Integrated",0,45,NA,86.7536273288485,1
"SYN-SCLC-000108",TRUE,"SCLC","SIM-F002",56,"Male","Hispanic",0,"Extensive",2016,"Public","Higher","Academic",1,10,23,520.238522536641,1
"SYN-SCLC-000109",TRUE,"SCLC","SIM-F046",72,"Male","Black",1,"Extensive",2016,"Public","Higher",NA,1,19,41,1607.94160621691,1
"SYN-SCLC-000110",TRUE,"SCLC","SIM-F054",65,"Male","Black",1,"Extensive",2017,"Public",NA,"Integrated",1,9,45,587.440124116838,0
"SYN-SCLC-000111",TRUE,"SCLC","SIM-F060",50,"Female","Hispanic",0,"Extensive",2013,"Private","Middle","Academic",1,43,61,970.816428249271,1
"SYN-SCLC-000112",TRUE,"SCLC","SIM-F041",59,"Female","Black",1,"Extensive",2011,"Private","Higher","Academic",1,40,50,970.669053672627,1
"SYN-SCLC-000113",TRUE,"SCLC","SIM-F052",80,"Female","Other",0,"Extensive",2012,"Private","Higher","Academic",1,15,20,573.033165311226,1
"SYN-SCLC-000114",TRUE,"SCLC","SIM-F009",62,"Female","Hispanic",1,"Extensive",2010,"Private","Higher","Community",1,8,29,1059.7530675733,1
"SYN-SCLC-000115",TRUE,"SCLC","SIM-F012",79,"Male","Hispanic",0,"Extensive",2014,"Public","Middle","Community",0,20,NA,252.694594243455,1
"SYN-SCLC-000116",TRUE,"SCLC","SIM-F050",39,"Female","Hispanic",1,"Extensive",2013,"Private","Middle","Academic",1,14,48,850.537362379031,1
"SYN-SCLC-000117",TRUE,"SCLC","SIM-F015",90,"Female","Hispanic",2,"Extensive",2012,"Public","Middle","Academic",0,5,NA,58.6224291555037,1
"SYN-SCLC-000118",TRUE,"SCLC","SIM-F007",60,"Male","Black",0,"Extensive",2016,"Private",NA,"Academic",0,25,NA,358.91886576322,1
"SYN-SCLC-000119",TRUE,"SCLC","SIM-F055",52,"Female","Other",NA,"Extensive",2011,"Private",NA,"Academic",0,20,NA,93.2746212691678,1
"SYN-SCLC-000120",TRUE,"SCLC","SIM-F042",38,"Male","Other",0,"Extensive",2016,"Private","Higher","Academic",1,29,33,775.08597901091,0
"SYN-SCLC-000121",TRUE,"SCLC","SIM-F052",53,"Female","Other",1,"Extensive",2021,NA,"Middle","Academic",0,12,NA,427.788541117309,1
"SYN-SCLC-000122",TRUE,"SCLC","SIM-F026",62,"Male","Black",1,"Extensive",2012,"Public","Middle","Academic",0,9,NA,340.047144795312,1
"SYN-SCLC-000123",TRUE,"SCLC","SIM-F029",78,"Female","Black",2,"Extensive",2021,"Public","Higher","Integrated",0,16,NA,258.647766437761,1
"SYN-SCLC-000124",TRUE,"SCLC","SIM-F006",54,"Male","Other",0,"Extensive",2017,"Private","Higher","Integrated",0,43,NA,1124.76687216186,1
"SYN-SCLC-000125",TRUE,"SCLC","SIM-F008",60,"Male","Other",1,"Extensive",2022,"Private","Middle",NA,0,26,NA,595.249731391072,1
"SYN-SCLC-000126",TRUE,"SCLC","SIM-F001",46,"Male","Other",1,"Extensive",2011,"Private","Lower","Community",0,16,NA,153.022990882933,1
"SYN-SCLC-000127",TRUE,"SCLC","SIM-F035",47,"Female","Hispanic",0,"Extensive",2011,"Private","Middle","Integrated",1,8,28,1467.92601885623,0
"SYN-SCLC-000128",TRUE,"SCLC","SIM-F028",50,"Female","Black",1,"Extensive",2021,"Public","Middle","Community",0,36,NA,88.4897759628339,1
"SYN-SCLC-000129",TRUE,"SCLC","SIM-F047",62,"Female","Other",0,"Extensive",2014,"Private","Lower","Integrated",1,21,26,824.500010057182,1
"SYN-SCLC-000130",TRUE,"SCLC","SIM-F028",59,"Male","Other",0,"Extensive",2022,"Public","Middle","Community",0,41,NA,1383.94951135242,1
"SYN-SCLC-000131",TRUE,"SCLC","SIM-F041",67,"Male","Black",0,"Limited",2015,"Private","Lower","Academic",1,34,40,1255.55200450593,1
"SYN-SCLC-000132",TRUE,"SCLC","SIM-F025",62,"Male","Hispanic",0,"Extensive",2017,"Public","Higher","Integrated",1,6,NA,37.7782951722126,1
"SYN-SCLC-000133",TRUE,"SCLC","SIM-F027",52,"Male","Hispanic",0,"Extensive",2011,"Private","Higher","Integrated",0,45,NA,1072.84642990181,1
"SYN-SCLC-000134",TRUE,"SCLC","SIM-F034",63,"Male","Black",0,"Extensive",2022,"Public","Higher","Community",0,28,NA,1418.19266118262,1
"SYN-SCLC-000135",TRUE,"SCLC","SIM-F018",50,"Female","Hispanic",1,"Limited",2012,"Private","Higher","Integrated",0,16,NA,384.741913664714,1
"SYN-SCLC-000136",TRUE,"SCLC","SIM-F057",54,"Male","Black",1,"Extensive",2017,"Private","Lower","Community",0,36,NA,424.017018958618,1
"SYN-SCLC-000137",TRUE,"SCLC","SIM-F025",20,"Male","Black",0,"Extensive",2011,"Private","Higher","Integrated",1,7,20,1652.60391879943,0
"SYN-SCLC-000138",TRUE,"SCLC","SIM-F005",65,"Female","Other",2,"Limited",2014,"Public","Middle","Community",0,31,NA,907.921479921194,1
"SYN-SCLC-000139",TRUE,"SCLC","SIM-F013",71,"Female","Other",1,"Extensive",2013,"Private","Lower","Integrated",0,13,NA,176.518284499463,1
"SYN-SCLC-000140",TRUE,"SCLC","SIM-F037",68,"Male","Hispanic",0,"Extensive",2018,"Public",NA,"Community",1,40,45,445.815684052774,0
"SYN-SCLC-000141",TRUE,"SCLC","SIM-F013",63,"Female","Black",0,"Extensive",2020,"Private","Higher","Integrated",0,39,NA,683.734190318855,1
"SYN-SCLC-000142",TRUE,"SCLC","SIM-F029",73,"Male","Hispanic",0,"Extensive",2014,"Public","Lower","Integrated",0,17,NA,499.944787428363,1
"SYN-SCLC-000143",TRUE,"SCLC","SIM-F003",81,"Female","Hispanic",2,"Limited",2012,"Private","Higher","Integrated",0,12,NA,120.887491612492,1
"SYN-SCLC-000144",TRUE,"SCLC","SIM-F038",65,"Female","Hispanic",0,"Extensive",2010,"Private",NA,"Community",0,41,NA,177.47980379567,1
"SYN-SCLC-000145",TRUE,"SCLC","SIM-F048",54,"Male","Other",0,"Extensive",2014,"Private","Lower","Community",1,23,58,449.115717327723,1
"SYN-SCLC-000146",TRUE,"SCLC","SIM-F055",66,"Male","Other",1,"Extensive",2018,"Private","Middle","Academic",0,17,NA,275.213596286666,1
"SYN-SCLC-000147",TRUE,"SCLC","SIM-F033",79,"Male","Black",2,"Extensive",2012,"Public","Lower","Community",0,45,NA,168.648346223839,1
"SYN-SCLC-000148",TRUE,"SCLC","SIM-F001",59,"Male","Black",0,"Extensive",2013,"Private","Higher","Community",0,26,NA,165.795432737455,1
"SYN-SCLC-000149",TRUE,"SCLC","SIM-F015",67,"Female","Black",1,"Extensive",2016,"Private","Higher","Academic",1,NA,NA,25.2383248271021,1
"SYN-SCLC-000150",TRUE,"SCLC","SIM-F055",67,"Male","Black",0,"Limited",2012,"Public","Lower","Academic",0,NA,NA,12.9488524836789,1
"SYN-SCLC-000151",TRUE,"SCLC","SIM-F005",54,"Male","Black",0,"Extensive",2021,"Private","Lower","Community",0,23,NA,1247.06937984138,1
"SYN-SCLC-000152",TRUE,"SCLC","SIM-F045",85,"Male","Other",0,"Limited",2011,"Public","Lower","Community",0,30,NA,192.220959682085,1
"SYN-SCLC-000153",TRUE,"SCLC","SIM-F039",64,"Male","Black",2,"Extensive",2017,"Public","Higher","Integrated",1,37,43,1160.48000248905,1
"SYN-SCLC-000154",TRUE,"SCLC","SIM-F020",51,"Male","Black",0,"Extensive",2010,"Private","Lower","Community",1,17,19,181.541022957886,1
"SYN-SCLC-000155",TRUE,"SCLC","SIM-F042",57,"Male","Hispanic",0,"Extensive",2018,"Private",NA,"Academic",1,42,53,600.978186759711,1
"SYN-SCLC-000156",TRUE,"SCLC","SIM-F058",52,"Female","Black",0,"Extensive",2022,"Private","Higher","Academic",1,25,64,1484.08911107042,1
"SYN-SCLC-000157",TRUE,"SCLC","SIM-F036",57,"Female","Hispanic",2,"Limited",2022,"Private","Lower","Academic",0,7,NA,254.671237832626,1
"SYN-SCLC-000158",TRUE,"SCLC","SIM-F032",55,"Male","Black",1,"Extensive",2010,"Private","Middle","Academic",1,32,33,660.700794175,1
"SYN-SCLC-000159",TRUE,"SCLC","SIM-F049",56,"Female","Black",0,"Extensive",2014,"Public","Lower","Academic",0,42,NA,441.087976421296,1
"SYN-SCLC-000160",TRUE,"SCLC","SIM-F006",49,"Female","Hispanic",0,"Extensive",2013,"Private","Higher","Integrated",1,13,37,112.951077252222,1
"SYN-SCLC-000161",TRUE,"SCLC","SIM-F022",74,"Female","Hispanic",1,"Extensive",2022,NA,"Middle","Integrated",0,9,NA,191.632710696232,1
"SYN-SCLC-000162",TRUE,"SCLC","SIM-F032",50,"Male","Black",1,"Extensive",2012,"Public","Lower","Academic",0,11,NA,488.108791092117,1
"SYN-SCLC-000163",TRUE,"SCLC","SIM-F013",56,"Female","Other",0,"Extensive",2011,"Private","Lower","Integrated",1,27,52,563.659352542679,1
"SYN-SCLC-000164",TRUE,"SCLC","SIM-F055",68,"Male","Black",0,"Extensive",2017,"Public","Lower","Academic",1,37,71,1418.33371533056,1
"SYN-SCLC-000165",TRUE,"SCLC","SIM-F008",64,"Female","Black",1,"Extensive",2010,"Public","Lower","Academic",0,26,NA,135.425483506981,1
"SYN-SCLC-000166",TRUE,"SCLC","SIM-F055",90,"Male","Hispanic",0,"Extensive",2022,"Public","Lower","Academic",0,28,NA,36.5387306813178,1
"SYN-SCLC-000167",TRUE,"SCLC","SIM-F015",57,"Male","Other",2,"Extensive",2011,"Private","Middle","Academic",0,28,NA,193.240693832306,1
"SYN-SCLC-000168",TRUE,"SCLC","SIM-F042",74,"Female","Hispanic",1,"Extensive",2017,"Private","Higher","Academic",0,30,NA,492.598180524529,1
"SYN-SCLC-000169",TRUE,"SCLC","SIM-F048",75,"Female","Other",1,"Extensive",2014,"Private","Middle","Community",0,37,NA,98.0726056751,1
"SYN-SCLC-000170",TRUE,"SCLC","SIM-F003",60,"Female","Black",0,"Extensive",2016,"Public","Middle","Integrated",0,NA,NA,14.0507663131295,1
"SYN-SCLC-000171",TRUE,"SCLC","SIM-F050",44,"Female","Other",0,"Extensive",2013,"Private","Middle",NA,1,40,53,955.403168772701,1
"SYN-SCLC-000172",TRUE,"SCLC","SIM-F026",66,"Male","Black",2,"Extensive",2021,"Private","Lower","Academic",0,22,NA,585.285462017657,1
"SYN-SCLC-000173",TRUE,"SCLC","SIM-F018",49,"Male","Other",0,"Extensive",2011,"Public","Middle","Integrated",1,36,64,91.6318527911969,1
"SYN-SCLC-000174",TRUE,"SCLC","SIM-F054",54,"Male","Hispanic",1,"Extensive",2018,NA,"Lower",NA,1,21,33,1644.24560290427,1
"SYN-SCLC-000175",TRUE,"SCLC","SIM-F043",69,"Male","Black",0,"Extensive",2015,NA,"Higher","Integrated",0,28,NA,546.447803899823,1
"SYN-SCLC-000176",TRUE,"SCLC","SIM-F034",89,"Female","Hispanic",0,"Extensive",2020,"Public","Middle","Community",0,10,NA,14.1854719522872,1
"SYN-SCLC-000177",TRUE,"SCLC","SIM-F048",41,"Male","Other",0,"Limited",2010,"Private","Lower","Community",1,18,22,70.2638701524898,1
"SYN-SCLC-000178",TRUE,"SCLC","SIM-F045",61,"Female","Black",1,"Extensive",2015,"Private","Higher","Community",0,9,NA,551.817994169377,1
"SYN-SCLC-000179",TRUE,"SCLC","SIM-F047",61,"Male","Other",1,"Extensive",2011,"Public","Higher","Integrated",0,14,NA,304.145919938619,1
"SYN-SCLC-000180",TRUE,"SCLC","SIM-F032",90,"Male","Black",2,"Limited",2010,"Public","Lower","Academic",0,45,NA,441.465592679007,1
"SYN-SCLC-000181",TRUE,"SCLC","SIM-F038",74,"Male","Other",1,"Extensive",2019,"Public","Lower","Community",0,23,NA,243.187974775628,1
"SYN-SCLC-000182",TRUE,"SCLC","SIM-F006",52,"Female","Black",1,"Limited",2021,"Private","Higher","Integrated",1,11,50,198.283835289527,1
"SYN-SCLC-000183",TRUE,"SCLC","SIM-F055",66,"Male","Black",0,"Extensive",2014,"Public","Higher","Academic",0,45,NA,725.548533726415,1
"SYN-SCLC-000184",TRUE,"SCLC","SIM-F051",54,"Male","Other",0,"Extensive",2020,"Private","Higher","Community",1,38,73,111.302113664469,1
"SYN-SCLC-000185",TRUE,"SCLC","SIM-F040",64,"Female","Hispanic",0,"Extensive",2016,"Private","Lower","Community",1,12,50,367.573381670188,1
"SYN-SCLC-000186",TRUE,"SCLC","SIM-F023",66,"Male","Black",1,"Extensive",2015,"Public","Middle","Integrated",0,37,NA,43.3089583594489,1
"SYN-SCLC-000187",TRUE,"SCLC","SIM-F020",51,"Male","Black",1,"Extensive",2018,"Public","Middle","Community",1,25,60,167.899211224689,1
"SYN-SCLC-000188",TRUE,"SCLC","SIM-F050",76,"Male","Black",0,"Extensive",2017,"Public","Lower",NA,1,41,75,861.914434858988,1
"SYN-SCLC-000189",TRUE,"SCLC","SIM-F001",75,"Male","Black",0,"Limited",2010,"Private","Higher","Community",0,6,NA,93.3590938110603,1
"SYN-SCLC-000190",TRUE,"SCLC","SIM-F018",50,"Male","Hispanic",0,"Extensive",2012,"Public",NA,"Integrated",1,42,76,1646.25361616723,0
"SYN-SCLC-000191",TRUE,"SCLC","SIM-F048",57,"Male","Other",0,"Extensive",2018,"Private",NA,"Community",1,12,NA,18.1738708713888,1
"SYN-SCLC-000192",TRUE,"SCLC","SIM-F037",68,"Male","Hispanic",1,"Extensive",2016,"Public","Higher","Community",1,22,29,822.499851911946,1
"SYN-SCLC-000193",TRUE,"SCLC","SIM-F008",36,"Female","Other",0,"Extensive",2020,"Private","Lower","Academic",1,22,28,632.768384865429,1
"SYN-SCLC-000194",TRUE,"SCLC","SIM-F044",57,"Male","Black",0,"Extensive",2013,"Public","Middle","Academic",1,9,48,792.510932816538,1
"SYN-SCLC-000195",TRUE,"SCLC","SIM-F034",70,"Male","Hispanic",0,"Limited",2012,"Public","Higher","Community",0,19,NA,593.136730279542,1
"SYN-SCLC-000196",TRUE,"SCLC","SIM-F056",69,"Female","Other",2,"Extensive",2019,"Public","Higher","Academic",0,9,NA,806.535186349097,1
"SYN-SCLC-000197",TRUE,"SCLC","SIM-F028",64,"Male","Other",0,"Limited",2010,"Private","Lower","Community",0,17,NA,217.570108132983,1
"SYN-SCLC-000198",TRUE,"SCLC","SIM-F043",53,"Female","Black",1,"Extensive",2014,NA,"Lower","Integrated",0,25,NA,147.141967796784,1
"SYN-SCLC-000199",TRUE,"SCLC","SIM-F005",61,"Female","Hispanic",1,"Extensive",2022,"Public","Middle","Community",1,44,73,692.837945670551,1
"SYN-SCLC-000200",TRUE,"SCLC","SIM-F026",66,"Female","Black",0,"Extensive",2012,NA,"Middle","Academic",1,40,41,114.280307150335,1
"SYN-SCLC-000201",TRUE,"SCLC","SIM-F017",44,"Male","Black",0,"Extensive",2020,"Private","Higher","Academic",1,43,70,699.267326521119,1
"SYN-SCLC-000202",TRUE,"SCLC","SIM-F044",72,"Male","Hispanic",2,"Extensive",2014,"Public","Middle","Academic",1,8,45,243.283260298327,1
"SYN-SCLC-000203",TRUE,"SCLC","SIM-F038",70,"Male","Hispanic",0,"Extensive",2022,"Public","Lower","Community",1,43,67,96.4391327926685,1
"SYN-SCLC-000204",TRUE,"SCLC","SIM-F003",52,"Male","Black",1,"Extensive",2017,"Private","Lower","Integrated",1,38,64,973.493946990475,1
"SYN-SCLC-000205",TRUE,"SCLC","SIM-F017",70,"Female","Hispanic",2,"Extensive",2016,"Public","Higher","Academic",0,7,NA,453.533411719147,1
"SYN-SCLC-000206",TRUE,"SCLC","SIM-F055",59,"Female","Hispanic",0,"Extensive",2011,NA,"Middle","Academic",1,15,43,149.185730314131,1
"SYN-SCLC-000207",TRUE,"SCLC","SIM-F033",64,"Female","Other",1,"Extensive",2011,"Public","Higher","Community",1,36,43,319.833365756986,1
"SYN-SCLC-000208",TRUE,"SCLC","SIM-F043",70,"Female","Other",2,"Extensive",2015,"Public",NA,"Integrated",0,23,NA,763.558000888381,1
"SYN-SCLC-000209",TRUE,"SCLC","SIM-F030",84,"Female","Black",0,"Extensive",2011,"Public","Middle","Academic",0,NA,NA,11.7273303202344,1
"SYN-SCLC-000210",TRUE,"SCLC","SIM-F010",72,"Male","Hispanic",1,"Extensive",2014,"Private","Lower",NA,NA,15,NA,111.584301124138,1
"SYN-SCLC-000211",TRUE,"SCLC","SIM-F037",59,"Male","Black",1,"Extensive",2015,"Public","Higher","Community",0,36,NA,780.443880110979,0
"SYN-SCLC-000212",TRUE,"SCLC","SIM-F035",55,"Female","Black",1,"Extensive",2020,"Private","Higher","Integrated",1,15,18,1236.11163803734,1
"SYN-SCLC-000213",TRUE,"SCLC","SIM-F054",54,"Female","Other",1,"Extensive",2016,"Public","Middle","Integrated",1,32,58,106.710950435279,1
"SYN-SCLC-000214",TRUE,"SCLC","SIM-F013",76,"Female","Hispanic",1,"Limited",2015,"Private","Higher","Integrated",1,28,43,105.535817421476,1
"SYN-SCLC-000215",TRUE,"SCLC","SIM-F052",56,"Male","Other",0,"Extensive",2013,"Public","Lower","Academic",1,11,20,518.909873811736,1
"SYN-SCLC-000216",TRUE,"SCLC","SIM-F048",78,"Female","Other",2,"Extensive",2011,NA,"Higher","Community",1,32,58,414.093062152153,1
"SYN-SCLC-000217",TRUE,"SCLC","SIM-F051",72,"Male","Black",1,"Extensive",2011,"Private","Lower","Community",0,11,NA,311.336373337774,1
"SYN-SCLC-000218",TRUE,"SCLC","SIM-F031",60,"Male","Black",0,"Extensive",2022,"Private","Higher","Academic",1,32,49,983.978195974283,1
"SYN-SCLC-000219",TRUE,"SCLC","SIM-F010",66,"Male","Hispanic",0,"Limited",2011,"Private","Higher","Integrated",0,31,NA,903.780339741291,1
"SYN-SCLC-000220",TRUE,"SCLC","SIM-F027",58,"Female","Other",1,"Extensive",2018,"Private","Higher","Integrated",1,NA,NA,7.45431631352501,1
"SYN-SCLC-000221",TRUE,"SCLC","SIM-F052",59,"Female","Other",0,"Limited",2021,"Public","Lower","Academic",1,5,9,658.317211246277,1
"SYN-SCLC-000222",TRUE,"SCLC","SIM-F012",78,"Female","Black",2,"Extensive",2020,"Public","Lower","Community",0,8,NA,111.342558849132,1
"SYN-SCLC-000223",TRUE,"SCLC","SIM-F049",86,"Female","Other",0,"Extensive",2019,"Public","Lower","Academic",0,6,NA,1194.07798888424,1
"SYN-SCLC-000224",TRUE,"SCLC","SIM-F035",90,"Male","Other",0,"Extensive",2017,"Public","Lower","Integrated",1,37,48,198.218001667263,1
"SYN-SCLC-000225",TRUE,"SCLC","SIM-F007",54,"Male","Other",0,"Extensive",2018,"Private","Lower","Academic",1,42,80,1199.26657408376,1
"SYN-SCLC-000226",TRUE,"SCLC","SIM-F026",62,"Female","Other",0,"Extensive",2010,"Private","Middle","Academic",0,30,NA,153.542673084851,1
"SYN-SCLC-000227",TRUE,"SCLC","SIM-F030",57,"Female","Other",0,"Extensive",2019,"Private","Higher","Academic",0,18,NA,819.166550282389,0
"SYN-SCLC-000228",TRUE,"SCLC","SIM-F040",29,"Female","Other",0,"Extensive",2019,"Private","Higher","Community",0,7,NA,505.80297134245,0
"SYN-SCLC-000229",TRUE,"SCLC","SIM-F004",56,"Female","Other",0,"Extensive",2017,"Private",NA,"Community",1,20,45,629.696459212269,1
"SYN-SCLC-000230",TRUE,"SCLC","SIM-F048",73,"Female","Black",0,"Limited",2019,"Private","Higher","Community",0,12,NA,450.89839219915,1
"SYN-SCLC-000231",TRUE,"SCLC","SIM-F054",59,"Male","Hispanic",0,"Extensive",2021,"Public","Middle","Integrated",1,15,39,265.130752638549,1
"SYN-SCLC-000232",TRUE,"SCLC","SIM-F007",77,"Male","Hispanic",NA,"Extensive",2011,"Public","Middle","Academic",1,17,46,481.670876970697,1
"SYN-SCLC-000233",TRUE,"SCLC","SIM-F004",70,"Female","Hispanic",1,"Extensive",2014,"Public","Higher","Community",0,18,NA,227.945237278818,1
"SYN-SCLC-000234",TRUE,"SCLC","SIM-F014",48,"Male","Hispanic",1,"Extensive",2011,"Private","Higher","Integrated",0,NA,NA,7.89768408962169,1
"SYN-SCLC-000235",TRUE,"SCLC","SIM-F032",51,"Female","Hispanic",1,"Extensive",2010,"Public","Higher","Academic",1,20,60,108.451440323297,1
"SYN-SCLC-000236",TRUE,"SCLC","SIM-F017",36,"Male","Hispanic",0,"Extensive",2011,"Private","Higher","Academic",1,6,18,603.152805519231,1
"SYN-SCLC-000237",TRUE,"SCLC","SIM-F060",57,"Female","Other",2,"Limited",2011,"Private","Higher","Academic",0,14,NA,1754.79638876102,1
"SYN-SCLC-000238",TRUE,"SCLC","SIM-F057",79,"Male","Other",0,"Extensive",2022,"Public","Higher","Community",0,23,NA,192.358181918091,1
"SYN-SCLC-000239",TRUE,"SCLC","SIM-F056",74,"Female","Hispanic",1,"Extensive",2022,"Public","Lower","Academic",1,32,70,412.765427301191,1
"SYN-SCLC-000240",TRUE,"SCLC","SIM-F005",47,"Male","Black",0,"Extensive",2010,"Private","Higher","Community",1,29,38,428.295634726074,1
"SYN-SCLC-000241",TRUE,"SCLC","SIM-F014",62,"Male","Other",1,"Limited",2011,"Private","Higher","Integrated",0,11,NA,1062.45940379257,1
"SYN-SCLC-000242",TRUE,"SCLC","SIM-F043",68,"Female","Black",0,"Extensive",2020,NA,"Lower","Integrated",1,14,20,246.335181433157,1
"SYN-SCLC-000243",TRUE,"SCLC","SIM-F013",46,"Female","Hispanic",1,"Extensive",2013,"Private","Higher","Integrated",1,8,20,606.390195098788,1
"SYN-SCLC-000244",TRUE,"SCLC","SIM-F019",64,"Female","Black",0,"Extensive",2022,"Private","Higher","Academic",0,44,NA,1593.71536048676,1
"SYN-SCLC-000245",TRUE,"SCLC","SIM-F048",90,"Male","Black",1,"Extensive",2022,"Public","Higher","Community",1,NA,NA,25.9790487696623,1
"SYN-SCLC-000246",TRUE,"SCLC","SIM-F056",51,"Male","Hispanic",1,"Extensive",2021,"Private","Higher","Academic",1,100,16,578.071127580585,1
"SYN-SCLC-000247",TRUE,"SCLC","SIM-F022",50,"Male","Black",1,"Extensive",2014,"Private","Higher","Integrated",1,26,36,1943.59518268844,0
"SYN-SCLC-000248",TRUE,"SCLC","SIM-F023",75,"Female","Black",0,"Extensive",2014,"Private","Lower","Integrated",0,32,NA,117.7200837288,1
"SYN-SCLC-000249",TRUE,"SCLC","SIM-F006",67,"Male","Hispanic",1,"Extensive",2011,"Private","Higher",NA,1,22,49,80.4236891362637,1
"SYN-SCLC-000250",TRUE,"SCLC","SIM-F014",68,"Male","Other",0,"Extensive",2022,"Public","Lower","Integrated",0,18,NA,151.190063304117,1
"SYN-SCLC-000251",TRUE,"SCLC","SIM-F007",73,"Female","Other",0,"Extensive",2020,"Private","Lower","Academic",1,25,35,936.458487846195,1
"SYN-SCLC-000252",TRUE,"SCLC","SIM-F052",86,"Female","Black",1,"Extensive",2011,NA,"Lower","Academic",0,12,NA,859.631708075596,1
"SYN-SCLC-000253",TRUE,"SCLC","SIM-F031",46,"Female","Other",0,"Extensive",2014,"Private","Lower","Academic",1,27,NA,1867.65256335726,0
"SYN-SCLC-000254",TRUE,"SCLC","SIM-F059",61,"Male","Hispanic",0,"Extensive",2017,"Public","Lower",NA,1,7,21,1035.83687165914,1
"SYN-SCLC-000255",TRUE,"SCLC","SIM-F045",41,"Male","Black",0,"Extensive",2012,"Public","Higher","Community",0,35,NA,328.385379878676,1
"SYN-SCLC-000256",TRUE,"SCLC","SIM-F046",46,"Female","Other",0,"Extensive",2018,NA,"Middle","Academic",1,9,43,856.544513865917,1
"SYN-SCLC-000257",TRUE,"SCLC","SIM-F052",86,"Male","Black",1,"Extensive",2017,NA,"Higher","Academic",0,NA,NA,3.4111823196441,1
"SYN-SCLC-000258",TRUE,"SCLC","SIM-F043",78,"Male","Other",1,"Extensive",2019,"Private","Middle","Integrated",1,29,57,157.441190573646,1
"SYN-SCLC-000259",TRUE,"SCLC","SIM-F018",65,"Male","Black",0,"Extensive",2016,"Public","Middle","Integrated",1,41,46,369.910764528489,1
"SYN-SCLC-000260",TRUE,"SCLC","SIM-F057",43,"Male","Black",0,"Extensive",2012,"Private",NA,"Community",1,NA,NA,6.98103173013563,1
"SYN-SCLC-000261",TRUE,"SCLC","SIM-F041",82,"Male","Black",1,"Extensive",2014,"Private","Higher","Academic",1,29,NA,50.9019810663344,1
"SYN-SCLC-000262",TRUE,"SCLC","SIM-F046",60,"Male","Other",1,"Extensive",2012,"Private","Middle","Academic",0,33,NA,100.108875932964,1
"SYN-SCLC-000263",TRUE,"SCLC","SIM-F010",41,"Male","Other",1,"Extensive",2014,"Public",NA,"Integrated",0,13,NA,735.007035003262,1
"SYN-SCLC-000264",TRUE,"SCLC","SIM-F035",60,"Male","Black",1,"Extensive",2012,NA,"Middle","Integrated",1,24,27,461.836776803314,1
"SYN-SCLC-000265",TRUE,"SCLC","SIM-F003",76,"Male","Black",0,"Extensive",2022,"Public","Lower","Integrated",0,26,NA,78.4789135074969,1
"SYN-SCLC-000266",TRUE,"SCLC","SIM-F027",48,"Male","Other",0,"Extensive",2016,"Private","Middle","Integrated",1,22,24,529.390030538483,1
"SYN-SCLC-000267",TRUE,"SCLC","SIM-F005",67,"Male","Hispanic",0,"Extensive",2012,NA,"Middle","Community",0,20,NA,869.056522261498,1
"SYN-SCLC-000268",TRUE,"SCLC","SIM-F021",63,"Male","Black",0,"Extensive",2017,"Private","Higher","Community",1,100,66,2037.15131848896,1
"SYN-SCLC-000269",TRUE,"SCLC","SIM-F026",71,"Male","Other",0,"Extensive",2020,"Public","Higher","Academic",1,5,18,1212.88857489692,1
"SYN-SCLC-000270",TRUE,"SCLC","SIM-F054",62,"Female","Other",0,"Extensive",2022,"Public",NA,"Integrated",0,40,NA,467.974068435029,1
"SYN-SCLC-000271",TRUE,"SCLC","SIM-F050",85,"Female","Black",1,"Extensive",2014,"Private","Middle","Academic",0,42,NA,110.628086467813,1
"SYN-SCLC-000272",TRUE,"SCLC","SIM-F040",53,"Female","Black",1,"Extensive",2022,NA,"Higher","Community",1,21,21,761.844995385836,1
"SYN-SCLC-000273",TRUE,"SCLC","SIM-F002",53,"Male","Other",2,"Extensive",2010,"Public","Higher","Academic",0,25,NA,353.594708501449,1
"SYN-SCLC-000274",TRUE,"SCLC","SIM-F031",65,"Male","Other",NA,"Extensive",2018,"Public","Lower","Academic",0,35,NA,413.673134984743,1
"SYN-SCLC-000275",TRUE,"SCLC","SIM-F039",63,"Male","Other",2,"Extensive",2022,"Private","Higher",NA,1,25,55,854.190558016264,1
"SYN-SCLC-000276",TRUE,"SCLC","SIM-F015",54,"Female","Black",0,"Extensive",2016,"Private","Higher","Academic",0,41,NA,151.975638719495,1
"SYN-SCLC-000277",TRUE,"SCLC","SIM-F018",42,"Female","Black",1,"Extensive",2014,NA,"Higher","Integrated",1,40,59,1057.43301813212,1
"SYN-SCLC-000278",TRUE,"SCLC","SIM-F010",53,"Male","Black",1,"Extensive",2021,"Private","Lower","Integrated",1,14,44,601.811281696687,1
"SYN-SCLC-000279",TRUE,"SCLC","SIM-F060",54,"Male","Black",0,"Limited",2020,"Private","Higher","Academic",1,32,48,2952.75556840585,0
"SYN-SCLC-000280",TRUE,"SCLC","SIM-F003",79,"Female","Other",1,"Extensive",2010,"Public","Lower","Integrated",0,31,NA,85.8937502291891,1
"SYN-SCLC-000281",TRUE,"SCLC","SIM-F002",88,"Male","Other",0,"Extensive",2010,"Public","Lower",NA,0,17,NA,129.285263077796,1
"SYN-SCLC-000282",TRUE,"SCLC","SIM-F021",61,"Female","Hispanic",0,"Extensive",2016,"Public","Higher","Community",0,23,NA,1781.59535989165,0
"SYN-SCLC-000283",TRUE,"SCLC","SIM-F026",39,"Female","Hispanic",0,"Limited",2010,NA,"Lower","Academic",1,31,45,1270.06777294679,0
"SYN-SCLC-000284",TRUE,"SCLC","SIM-F012",45,"Female","Black",1,"Extensive",2015,"Private","Higher","Community",0,8,NA,923.092372638741,1
"SYN-SCLC-000285",TRUE,"SCLC","SIM-F033",57,"Female","Hispanic",1,"Extensive",2010,"Private","Middle","Community",1,24,37,60.8514224385496,1
"SYN-SCLC-000286",TRUE,"SCLC","SIM-F021",80,"Male","Black",0,"Extensive",2015,"Private","Higher",NA,0,17,NA,458.788576474323,1
"SYN-SCLC-000287",TRUE,"SCLC","SIM-F025",76,"Male","Other",0,"Extensive",2022,"Private","Higher","Integrated",1,45,53,377.052365103068,1
"SYN-SCLC-000288",TRUE,"SCLC","SIM-F016",46,"Female","Black",0,"Limited",2018,"Private","Higher","Academic",1,13,42,468.839215955824,1
"SYN-SCLC-000289",TRUE,"SCLC","SIM-F048",64,"Male","Other",1,"Extensive",2011,"Private","Lower","Community",0,100,NA,463.840873389704,1
"SYN-SCLC-000290",TRUE,"SCLC","SIM-F006",87,"Female","Hispanic",1,"Extensive",2014,"Public","Higher","Integrated",0,26,NA,76.9619947287714,1
"SYN-SCLC-000291",TRUE,"SCLC","SIM-F052",44,"Male","Hispanic",0,"Extensive",2014,NA,"Middle","Academic",1,36,58,321.563674974171,1
"SYN-SCLC-000292",TRUE,"SCLC","SIM-F049",43,"Male","Other",0,"Limited",2021,NA,"Higher","Academic",1,32,46,333.966982438281,1
"SYN-SCLC-000293",TRUE,"SCLC","SIM-F053",82,"Female","Hispanic",2,"Extensive",2012,"Public","Middle","Academic",0,16,NA,224.315727010866,1
"SYN-SCLC-000294",TRUE,"SCLC","SIM-F026",71,"Female","Hispanic",1,"Limited",2013,"Private","Higher",NA,1,37,76,408.884246426079,1
"SYN-SCLC-000295",TRUE,"SCLC","SIM-F006",52,"Female","Hispanic",0,"Extensive",2018,"Public",NA,"Integrated",0,18,NA,1387.32059184927,0
"SYN-SCLC-000296",TRUE,"SCLC","SIM-F041",73,"Male","Black",0,"Extensive",2020,"Public","Higher","Academic",0,41,NA,768.702937625349,0
"SYN-SCLC-000297",TRUE,"SCLC","SIM-F038",67,"Female","Black",1,"Extensive",2019,"Public",NA,"Community",0,27,NA,215.992576222013,1
"SYN-SCLC-000298",TRUE,"SCLC","SIM-F033",53,"Female","Hispanic",0,"Extensive",2021,"Private","Lower","Community",1,25,37,1037.53410095922,1
"SYN-SCLC-000299",TRUE,"SCLC","SIM-F018",90,"Male","Hispanic",0,"Extensive",2010,NA,NA,"Integrated",1,16,NA,32.2286114614555,1
"SYN-SCLC-000300",TRUE,"SCLC","SIM-F042",63,"Male","Black",2,"Extensive",2013,"Public","Higher","Academic",0,38,NA,143.396428909975,1
"SYN-SCLC-000301",TRUE,"SCLC","SIM-F043",45,"Female","Black",1,"Extensive",2021,"Private","Lower","Integrated",0,NA,NA,3.25164651121667,1
"SYN-SCLC-000302",TRUE,"SCLC","SIM-F027",60,"Female","Black",1,"Extensive",2010,"Private","Lower","Integrated",0,9,NA,127.830759365633,1
"SYN-SCLC-000303",TRUE,"SCLC","SIM-F018",63,"Female","Other",2,"Extensive",2014,"Public","Middle","Integrated",0,28,NA,181.715901677784,1
"SYN-SCLC-000304",TRUE,"SCLC","SIM-F019",50,"Male","Other",1,"Extensive",2017,"Private","Middle","Academic",1,30,60,1295.39582159295,1
"SYN-SCLC-000305",TRUE,"SCLC","SIM-F013",40,"Female","Black",1,"Extensive",2021,"Public","Higher",NA,1,12,48,868.069283555837,1
"SYN-SCLC-000306",TRUE,"SCLC","SIM-F042",56,"Male","Hispanic",1,"Limited",2012,"Private","Higher","Academic",1,21,23,270.701467680455,1
"SYN-SCLC-000307",TRUE,"SCLC","SIM-F018",60,"Male","Other",1,"Extensive",2017,"Private","Lower","Integrated",0,40,NA,405.346937690568,1
"SYN-SCLC-000308",TRUE,"SCLC","SIM-F023",63,"Female","Hispanic",1,"Extensive",2017,"Private","Higher","Integrated",1,7,9,1157.92157617185,1
"SYN-SCLC-000309",TRUE,"SCLC","SIM-F022",59,"Female","Black",NA,"Extensive",2012,"Public","Lower","Integrated",1,35,49,92.1511669199627,1
"SYN-SCLC-000310",TRUE,"SCLC","SIM-F021",51,"Female","Black",0,"Extensive",2015,"Private","Middle","Community",1,35,41,1633.50686905779,1
"SYN-SCLC-000311",TRUE,"SCLC","SIM-F011",69,"Male","Hispanic",1,"Limited",2013,"Private","Higher","Integrated",0,13,NA,281.682800562282,1
"SYN-SCLC-000312",TRUE,"SCLC","SIM-F009",48,"Male","Black",1,"Extensive",2011,"Private","Middle","Community",1,43,45,521.160666670841,1
"SYN-SCLC-000313",TRUE,"SCLC","SIM-F030",49,"Male","Black",0,"Extensive",2017,"Public","Middle","Academic",1,12,21,245.191828239391,0
"SYN-SCLC-000314",TRUE,"SCLC","SIM-F042",57,"Female","Other",1,"Extensive",2014,"Private","Middle","Academic",0,20,NA,47.9617260301495,1
"SYN-SCLC-000315",TRUE,"SCLC","SIM-F021",50,"Male","Other",1,"Extensive",2014,"Private","Middle","Community",NA,24,NA,375.851552441101,1
"SYN-SCLC-000316",TRUE,"SCLC","SIM-F011",70,"Female","Hispanic",0,"Extensive",2011,"Public","Middle","Integrated",0,11,NA,67.7770765995583,1
"SYN-SCLC-000317",TRUE,"SCLC","SIM-F045",90,"Male","Other",0,"Extensive",2018,NA,"Middle",NA,0,100,NA,12.1490559808559,1
"SYN-SCLC-000318",TRUE,"SCLC","SIM-F040",42,"Male","Black",0,"Extensive",2018,"Private","Higher","Community",1,44,NA,776.348178322082,1
"SYN-SCLC-000319",TRUE,"SCLC","SIM-F058",66,"Female","Black",1,"Extensive",2021,"Public","Higher","Academic",1,16,22,869.308785927843,1
"SYN-SCLC-000320",TRUE,"SCLC","SIM-F047",58,"Male","Hispanic",0,"Extensive",2012,NA,"Lower","Integrated",0,16,NA,2100.1287461922,0
"SYN-SCLC-000321",TRUE,"SCLC","SIM-F050",57,"Male","Hispanic",1,"Limited",2017,"Private","Higher","Academic",0,38,NA,1074.64989525472,0
"SYN-SCLC-000322",TRUE,"SCLC","SIM-F054",59,"Male","Black",0,"Extensive",2013,"Public","Lower","Integrated",1,37,39,70.6841779772957,1
"SYN-SCLC-000323",TRUE,"SCLC","SIM-F057",48,"Female","Black",1,"Extensive",2019,"Public","Lower","Community",NA,42,NA,522.782258862762,0
"SYN-SCLC-000324",TRUE,"SCLC","SIM-F051",79,"Male","Other",1,"Extensive",2016,"Public","Lower","Community",0,NA,NA,24.4844849725692,1
"SYN-SCLC-000325",TRUE,"SCLC","SIM-F046",55,"Male","Black",0,"Extensive",2020,"Private",NA,"Academic",1,10,NA,14.8367884401042,1
"SYN-SCLC-000326",TRUE,"SCLC","SIM-F007",64,"Male","Other",0,"Limited",2021,"Private","Middle","Academic",1,11,36,492.120874259327,1
"SYN-SCLC-000327",TRUE,"SCLC","SIM-F019",68,"Female","Hispanic",0,"Extensive",2017,"Private",NA,"Academic",1,NA,NA,16.8171252338457,0
"SYN-SCLC-000328",TRUE,"SCLC","SIM-F052",86,"Female","Black",1,"Extensive",2013,"Public","Higher","Academic",1,41,54,1215.36469566972,1
"SYN-SCLC-000329",TRUE,"SCLC","SIM-F005",71,"Male","Other",2,"Extensive",2022,"Private","Higher","Community",1,43,64,321.026755772564,1
"SYN-SCLC-000330",TRUE,"SCLC","SIM-F002",60,"Male","Other",0,"Extensive",2017,"Private","Middle","Academic",1,42,46,1394.8183035167,1
"SYN-SCLC-000331",TRUE,"SCLC","SIM-F025",57,"Female","Hispanic",1,"Extensive",2020,"Private","Higher","Integrated",1,39,53,601.286538924837,1
"SYN-SCLC-000332",TRUE,"SCLC","SIM-F037",67,"Female","Black",0,"Limited",2015,"Private","Higher","Community",0,11,NA,431.706294681781,1
"SYN-SCLC-000333",TRUE,"SCLC","SIM-F018",63,"Female","Hispanic",0,"Extensive",2020,"Private","Higher","Integrated",0,12,NA,327.801823854503,1
"SYN-SCLC-000334",TRUE,"SCLC","SIM-F057",65,"Female","Other",0,"Extensive",2014,"Public","Higher","Community",1,19,38,296.910448013985,1
"SYN-SCLC-000335",TRUE,"SCLC","SIM-F012",71,"Female","Other",0,"Extensive",2018,"Public","Higher","Community",0,11,NA,438.964398697686,1
"SYN-SCLC-000336",TRUE,"SCLC","SIM-F035",64,"Female","Hispanic",0,"Extensive",2015,"Public","Lower",NA,1,24,54,192.079459118692,1
"SYN-SCLC-000337",TRUE,"SCLC","SIM-F006",86,"Male","Other",1,"Extensive",2010,"Public","Higher","Integrated",0,25,NA,104.420762379746,1
"SYN-SCLC-000338",TRUE,"SCLC","SIM-F032",60,"Female","Other",0,"Extensive",2016,"Private","Lower",NA,0,NA,NA,6.45812249955157,1
"SYN-SCLC-000339",TRUE,"SCLC","SIM-F004",45,"Male","Hispanic",1,"Extensive",2012,NA,"Middle","Community",0,40,NA,1323.83149184119,1
"SYN-SCLC-000340",TRUE,"SCLC","SIM-F038",65,"Male","Other",1,"Limited",2011,"Private","Middle",NA,0,43,NA,82.6341168579847,1
"SYN-SCLC-000341",TRUE,"SCLC","SIM-F030",60,"Female","Black",0,"Extensive",2021,"Private","Lower",NA,0,13,NA,82.626341679316,1
"SYN-SCLC-000342",TRUE,"SCLC","SIM-F021",89,"Female","Hispanic",0,"Extensive",2010,"Public","Lower",NA,0,32,NA,63.640742291219,1
"SYN-SCLC-000343",TRUE,"SCLC","SIM-F038",61,"Male","Other",0,"Extensive",2012,"Private","Higher","Community",1,15,25,386.832850417743,1
"SYN-SCLC-000344",TRUE,"SCLC","SIM-F018",41,"Male","Black",1,"Extensive",2010,"Private","Middle","Integrated",1,8,27,108.659633657968,1
"SYN-SCLC-000345",TRUE,"SCLC","SIM-F055",78,"Male","Other",0,"Extensive",2015,"Private","Lower","Academic",1,5,21,74.8668639537871,1
"SYN-SCLC-000346",TRUE,"SCLC","SIM-F039",53,"Female","Hispanic",0,"Extensive",2021,"Private","Higher","Integrated",1,21,49,719.25122074414,1
"SYN-SCLC-000347",TRUE,"SCLC","SIM-F056",76,"Male","Black",0,"Extensive",2014,"Public","Middle","Academic",0,19,NA,501.57241553921,1
"SYN-SCLC-000348",TRUE,"SCLC","SIM-F006",82,"Male","Other",2,"Extensive",2022,NA,"Lower","Integrated",0,13,NA,13.0294757199839,1
"SYN-SCLC-000349",TRUE,"SCLC","SIM-F015",74,"Male","Black",1,"Extensive",2014,"Private",NA,"Academic",0,44,NA,415.01049966541,1
"SYN-SCLC-000350",TRUE,"SCLC","SIM-F017",59,"Male","Hispanic",1,"Extensive",2014,"Private","Middle","Academic",1,29,NA,47.0909720078204,0
"SYN-SCLC-000351",TRUE,"SCLC","SIM-F018",81,"Male","Black",2,"Extensive",2014,"Public","Middle","Integrated",0,5,NA,25.2237466452343,1
"SYN-SCLC-000352",TRUE,"SCLC","SIM-F040",81,"Female","Black",0,"Extensive",2019,"Private","Higher","Community",0,6,NA,1517.67989161829,1
"SYN-SCLC-000353",TRUE,"SCLC","SIM-F034",72,"Female","Black",1,"Extensive",2018,"Private","Middle","Community",1,40,70,613.683920507912,0
"SYN-SCLC-000354",TRUE,"SCLC","SIM-F007",78,"Male","Other",0,"Extensive",2019,"Public","Higher","Academic",1,42,51,196.421252762879,1
"SYN-SCLC-000355",TRUE,"SCLC","SIM-F026",61,"Female","Hispanic",0,"Extensive",2013,"Private","Higher","Academic",1,11,26,765.212017508218,1
"SYN-SCLC-000356",TRUE,"SCLC","SIM-F011",52,"Female","Black",0,"Limited",2018,"Private","Lower","Integrated",0,18,NA,624.22538023442,0
"SYN-SCLC-000357",TRUE,"SCLC","SIM-F021",71,"Male","Black",1,"Extensive",2020,"Public","Middle","Community",0,6,NA,68.9769731770606,1
"SYN-SCLC-000358",TRUE,"SCLC","SIM-F037",47,"Female","Hispanic",0,"Limited",2013,"Public","Higher","Community",1,12,19,2385.78329127282,0
"SYN-SCLC-000359",TRUE,"SCLC","SIM-F029",57,"Female","Other",1,"Extensive",2018,"Private","Lower","Integrated",0,36,NA,252.609663046896,0
"SYN-SCLC-000360",TRUE,"SCLC","SIM-F009",55,"Male","Hispanic",0,"Extensive",2021,"Private","Middle","Community",0,10,NA,567.162651918628,1
"SYN-SCLC-000361",TRUE,"SCLC","SIM-F036",79,"Male","Other",0,"Extensive",2019,"Private","Higher","Academic",1,35,50,772.762679430624,NA
"SYN-SCLC-000362",TRUE,"SCLC","SIM-F044",78,"Female","Black",1,"Extensive",2012,"Public","Lower","Academic",1,45,47,48.8421875125361,1
"SYN-SCLC-000363",TRUE,"SCLC","SIM-F027",51,"Male","Other",1,"Extensive",2018,"Private","Higher","Integrated",1,44,74,1256.90668417024,0
"SYN-SCLC-000364",TRUE,"SCLC","SIM-F057",90,"Male","Black",0,"Limited",2015,"Public","Lower","Community",0,22,NA,29.494747760972,1
"SYN-SCLC-000365",TRUE,"SCLC","SIM-F022",71,"Male","Other",2,"Extensive",2017,NA,"Higher","Integrated",0,10,NA,335.986845532463,1
"SYN-SCLC-000366",TRUE,"SCLC","SIM-F056",43,"Male","Other",1,"Extensive",2018,"Public","Lower","Academic",1,32,44,233.528982508389,1
"SYN-SCLC-000367",TRUE,"SCLC","SIM-F036",66,"Female","Hispanic",1,"Extensive",2021,"Private","Higher","Academic",0,17,NA,492.924650716429,1
"SYN-SCLC-000368",TRUE,"SCLC","SIM-F043",45,"Male","Hispanic",0,"Limited",2020,"Private","Lower",NA,0,33,NA,100.317995375677,1
"SYN-SCLC-000369",TRUE,"SCLC","SIM-F034",66,"Female","Black",1,"Extensive",2021,"Private","Middle","Community",0,NA,NA,1.35925111770911,1
"SYN-SCLC-000370",TRUE,"SCLC","SIM-F024",25,"Male","Other",1,"Extensive",2022,"Private","Higher","Integrated",1,14,14,1860.64776570071,0
"SYN-SCLC-000371",TRUE,"SCLC","SIM-F027",64,"Female","Black",1,"Extensive",2013,"Private","Lower","Integrated",0,20,NA,510.637973042264,1
"SYN-SCLC-000372",TRUE,"SCLC","SIM-F053",64,"Female","Other",1,"Limited",2019,"Private",NA,"Academic",0,20,NA,680.599470808328,1
"SYN-SCLC-000373",TRUE,"SCLC","SIM-F021",68,"Male","Black",1,"Extensive",2016,NA,"Middle","Community",1,24,31,294.021227186101,1
"SYN-SCLC-000374",TRUE,"SCLC","SIM-F039",75,"Male","Other",0,"Extensive",2018,"Private","Middle","Integrated",0,20,NA,270.046754824092,0
"SYN-SCLC-000375",TRUE,"SCLC","SIM-F018",74,"Male","Other",1,"Extensive",2010,"Public","Higher","Integrated",0,NA,NA,2.81115231977819,1
"SYN-SCLC-000376",TRUE,"SCLC","SIM-F036",47,"Female","Other",1,"Extensive",2018,"Public","Lower","Academic",0,8,NA,56.9099606278772,1
"SYN-SCLC-000377",TRUE,"SCLC","SIM-F030",69,"Male","Black",2,"Extensive",2014,"Public","Middle","Academic",1,33,38,212.364757831797,1
"SYN-SCLC-000378",TRUE,"SCLC","SIM-F011",82,"Female","Other",0,"Extensive",2014,"Public","Lower","Integrated",0,15,NA,84.2496721530394,1
"SYN-SCLC-000379",TRUE,"SCLC","SIM-F021",65,"Male","Other",0,"Extensive",2022,"Private","Middle","Community",0,45,NA,256.005745648268,1
"SYN-SCLC-000380",TRUE,"SCLC","SIM-F039",54,"Male","Hispanic",1,"Extensive",2018,"Public","Middle","Integrated",0,17,NA,540.767334737186,1
"SYN-SCLC-000381",TRUE,"SCLC","SIM-F015",66,"Female","Black",0,"Limited",2021,"Private","Middle","Academic",1,NA,NA,4.72503445676138,1
"SYN-SCLC-000382",TRUE,"SCLC","SIM-F048",69,"Male","Hispanic",0,"Extensive",2010,"Private","Higher","Community",0,21,NA,91.7601797243082,1
"SYN-SCLC-000383",TRUE,"SCLC","SIM-F030",58,"Female","Other",0,"Extensive",2013,"Private","Higher","Academic",0,39,NA,78.3330050739556,1
"SYN-SCLC-000384",TRUE,"SCLC","SIM-F020",49,"Female","Hispanic",1,"Limited",2011,NA,"Middle","Community",1,12,NA,950.899399606344,1
"SYN-SCLC-000385",TRUE,"SCLC","SIM-F012",66,"Female","Other",0,"Extensive",2018,"Public","Higher","Community",0,17,NA,251.897105189205,1
"SYN-SCLC-000386",TRUE,"SCLC","SIM-F052",70,"Female","Black",0,"Extensive",2010,"Private","Lower","Academic",1,34,59,1172.28210867127,1
"SYN-SCLC-000387",TRUE,"SCLC","SIM-F031",38,"Female","Hispanic",0,"Extensive",2022,"Private","Lower","Academic",1,10,45,316.959136306987,1
"SYN-SCLC-000388",TRUE,"SCLC","SIM-F051",60,"Male","Black",0,"Extensive",2022,"Public","Lower","Community",1,14,18,520.03194633859,1
"SYN-SCLC-000389",TRUE,"SCLC","SIM-F053",62,"Female","Hispanic",0,"Extensive",2011,"Private","Higher","Academic",0,12,NA,204.537921840755,1
"SYN-SCLC-000390",TRUE,"SCLC","SIM-F012",84,"Male","Other",1,"Extensive",2012,"Public","Lower","Community",1,38,NA,41.8395511408417,1
"SYN-SCLC-000391",TRUE,"SCLC","SIM-F040",72,"Female","Hispanic",0,"Extensive",2021,"Public","Higher","Community",1,23,53,248.19506124089,1
"SYN-SCLC-000392",TRUE,"SCLC","SIM-F042",86,"Female","Hispanic",0,"Extensive",2015,"Public",NA,"Academic",1,36,49,354.564264971772,1
"SYN-SCLC-000393",TRUE,"SCLC","SIM-F041",51,"Female","Other",0,"Extensive",2016,"Private","Lower","Academic",0,40,NA,1492.99591571875,1
"SYN-SCLC-000394",TRUE,"SCLC","SIM-F013",69,"Female","Black",1,"Extensive",2014,"Public",NA,"Integrated",0,33,NA,35.2533283536398,1
"SYN-SCLC-000395",TRUE,"SCLC","SIM-F048",51,"Female","Other",1,"Extensive",2022,"Private","Middle","Community",0,8,NA,1760.68184092641,0
"SYN-SCLC-000396",TRUE,"SCLC","SIM-F017",90,"Male","Other",2,"Extensive",2019,"Public","Higher","Academic",0,NA,NA,28.3616588530864,1
"SYN-SCLC-000397",TRUE,"SCLC","SIM-F021",71,"Female","Hispanic",1,"Extensive",2016,"Public","Higher","Community",1,44,76,89.476871524505,1
"SYN-SCLC-000398",TRUE,"SCLC","SIM-F021",70,"Male","Other",1,"Extensive",2011,"Private","Higher",NA,0,16,NA,174.687003398758,1
"SYN-SCLC-000399",TRUE,"SCLC","SIM-F011",63,"Male","Hispanic",1,"Extensive",2013,"Private","Lower","Integrated",1,24,64,69.4315398707819,1
"SYN-SCLC-000400",TRUE,"SCLC","SIM-F005",78,"Male","Hispanic",1,"Extensive",2012,"Private","Middle","Community",1,31,39,42.5605292606877,1
"SYN-SCLC-000401",TRUE,"SCLC","SIM-F054",79,"Male","Hispanic",2,"Extensive",2019,NA,"Middle","Integrated",0,29,NA,428.843807593286,1
"SYN-SCLC-000402",TRUE,"SCLC","SIM-F034",53,"Female","Hispanic",1,"Limited",2017,"Private","Higher","Community",1,35,42,2062.93481608007,1
"SYN-SCLC-000403",TRUE,"SCLC","SIM-F044",45,"Female","Black",0,"Extensive",2016,"Private","Middle","Academic",0,36,NA,356.270173616389,1
"SYN-SCLC-000404",TRUE,"SCLC","SIM-F032",68,"Male","Black",NA,"Limited",2011,"Private","Lower","Academic",0,18,NA,638.57479029342,1
"SYN-SCLC-000405",TRUE,"SCLC","SIM-F051",58,"Female","Black",0,"Extensive",2015,"Public","Lower","Community",0,27,NA,111.462197203008,1
"SYN-SCLC-000406",TRUE,"SCLC","SIM-F006",65,"Female","Black",0,"Extensive",2011,"Private","Middle","Integrated",0,41,NA,207.708584490346,1
"SYN-SCLC-000407",TRUE,"SCLC","SIM-F052",65,"Female","Other",1,"Extensive",2015,"Public","Lower","Academic",0,28,NA,178.692082446617,1
"SYN-SCLC-000408",TRUE,"SCLC","SIM-F008",66,"Female","Black",0,"Extensive",2015,"Private","Middle",NA,1,6,40,1429.16442250949,0
"SYN-SCLC-000409",TRUE,"SCLC","SIM-F006",75,"Male","Other",1,"Extensive",2016,"Private","Higher","Integrated",NA,20,NA,672.253314370058,1
"SYN-SCLC-000410",TRUE,"SCLC","SIM-F007",55,"Male","Other",0,"Limited",2021,"Private","Middle","Academic",1,36,56,80.5113208810421,1
"SYN-SCLC-000411",TRUE,"SCLC","SIM-F044",63,"Female","Black",0,"Extensive",2011,"Public",NA,"Academic",0,35,NA,209.720896489887,1
"SYN-SCLC-000412",TRUE,"SCLC","SIM-F042",64,"Female","Black",2,"Extensive",2022,"Private","Higher","Academic",1,21,59,537.34141010525,1
"SYN-SCLC-000413",TRUE,"SCLC","SIM-F018",62,"Female","Other",1,"Limited",2015,"Public","Higher",NA,0,31,NA,1127.93625413705,1
"SYN-SCLC-000414",TRUE,"SCLC","SIM-F021",70,"Female","Other",0,"Extensive",2021,"Public","Middle","Community",0,44,NA,118.031745315965,1
"SYN-SCLC-000415",TRUE,"SCLC","SIM-F040",63,"Male","Hispanic",1,"Extensive",2011,"Private","Middle","Community",0,5,NA,137.131724262186,1
"SYN-SCLC-000416",TRUE,"SCLC","SIM-F046",52,"Male","Black",0,"Extensive",2012,"Public","Lower","Academic",0,25,NA,2698.78386497381,0
"SYN-SCLC-000417",TRUE,"SCLC","SIM-F052",55,"Female","Other",0,"Extensive",2012,"Private","Higher","Academic",0,20,NA,303.665689919692,1
"SYN-SCLC-000418",TRUE,"SCLC","SIM-F009",23,"Male","Hispanic",1,"Limited",2020,"Private","Higher","Community",1,35,41,865.51094114768,1
"SYN-SCLC-000419",TRUE,"SCLC","SIM-F023",68,"Male","Black",0,"Extensive",2013,"Private","Higher","Integrated",1,22,28,1702.74126230157,0
"SYN-SCLC-000420",TRUE,"SCLC","SIM-F020",63,"Female","Hispanic",0,"Extensive",2015,"Private","Higher","Community",1,9,9,49.5550155359196,1
"SYN-SCLC-000421",TRUE,"SCLC","SIM-F040",53,"Female","Hispanic",0,"Limited",2010,"Private","Middle","Community",0,20,NA,123.596237341896,1
"SYN-SCLC-000422",TRUE,"SCLC","SIM-F035",61,"Male","Black",0,"Extensive",2014,"Public","Higher","Integrated",0,33,NA,361.894619744556,1
"SYN-SCLC-000423",TRUE,"SCLC","SIM-F038",77,"Male","Black",0,"Extensive",2017,"Public","Lower","Community",1,43,71,306.179536037167,1
"SYN-SCLC-000424",TRUE,"SCLC","SIM-F052",65,"Female","Black",1,"Extensive",2017,"Public","Higher","Academic",1,41,79,91.5303927473724,0
"SYN-SCLC-000425",TRUE,"SCLC","SIM-F051",51,"Male","Other",1,"Limited",2016,"Private","Higher","Community",1,31,50,1414.24523474649,0
"SYN-SCLC-000426",TRUE,"SCLC","SIM-F057",59,"Female","Black",0,"Extensive",2015,"Public","Higher","Community",0,45,NA,235.995040130469,1
"SYN-SCLC-000427",TRUE,"SCLC","SIM-F005",39,"Female","Black",0,"Extensive",2021,"Private","Higher","Community",1,14,38,2168.22470956482,0
"SYN-SCLC-000428",TRUE,"SCLC","SIM-F004",73,"Male","Hispanic",0,"Extensive",2016,"Private","Middle","Community",0,41,NA,53.306473813802,1
"SYN-SCLC-000429",TRUE,"SCLC","SIM-F057",49,"Female","Black",0,"Limited",2014,"Private","Lower","Community",0,13,NA,832.194520974407,1
"SYN-SCLC-000430",TRUE,"SCLC","SIM-F015",57,"Female","Hispanic",0,"Extensive",2015,"Public","Middle","Academic",1,13,26,828.099898153701,1
"SYN-SCLC-000431",TRUE,"SCLC","SIM-F011",62,"Male","Black",0,"Extensive",2022,"Private","Lower","Integrated",0,8,NA,47.1501437748,1
"SYN-SCLC-000432",TRUE,"SCLC","SIM-F016",59,"Male","Other",0,"Extensive",2022,"Private","Higher","Academic",0,32,NA,386.698315750118,1
"SYN-SCLC-000433",TRUE,"SCLC","SIM-F014",56,"Male","Black",1,"Extensive",2014,"Private","Middle","Integrated",1,35,67,235.170137552781,1
"SYN-SCLC-000434",TRUE,"SCLC","SIM-F015",62,"Female","Black",2,"Extensive",2010,"Private","Higher","Academic",1,41,47,490.817878146377,1
"SYN-SCLC-000435",TRUE,"SCLC","SIM-F025",67,"Male","Other",1,"Extensive",2022,"Public","Middle","Integrated",0,38,NA,307.451545509819,1
"SYN-SCLC-000436",TRUE,"SCLC","SIM-F033",65,"Male","Black",2,"Extensive",2014,"Public","Middle","Community",0,32,NA,324.372534504936,1
"SYN-SCLC-000437",TRUE,"SCLC","SIM-F005",56,"Male","Other",0,"Extensive",2020,"Public",NA,"Community",1,19,53,159.387772846916,1
"SYN-SCLC-000438",TRUE,"SCLC","SIM-F049",52,"Male","Hispanic",1,"Extensive",2012,"Private","Higher","Academic",1,17,17,901.298542027097,1
"SYN-SCLC-000439",TRUE,"SCLC","SIM-F020",61,"Female","Hispanic",1,"Extensive",2010,NA,"Higher","Community",0,22,NA,1215.81652215677,1
"SYN-SCLC-000440",TRUE,"SCLC","SIM-F022",75,"Male","Other",0,"Extensive",2021,"Private","Middle","Integrated",0,36,NA,377.1687408508,1
"SYN-SCLC-000441",TRUE,"SCLC","SIM-F014",72,"Male","Black",2,"Limited",2011,"Private",NA,"Integrated",0,10,NA,122.66862555188,1
"SYN-SCLC-000442",TRUE,"SCLC","SIM-F018",50,"Male","Hispanic",1,"Extensive",2015,"Private","Higher","Integrated",0,41,NA,582.984045075453,1
"SYN-SCLC-000443",TRUE,"SCLC","SIM-F003",61,"Female","Other",1,"Extensive",2018,"Private","Middle","Integrated",0,37,NA,936.626476213518,1
"SYN-SCLC-000444",TRUE,"SCLC","SIM-F028",53,"Male","Hispanic",0,"Extensive",2022,"Private","Middle","Community",1,24,NA,38.706102995419,1
"SYN-SCLC-000445",TRUE,"SCLC","SIM-F055",66,"Male","Black",0,"Extensive",2022,"Public","Middle","Academic",0,27,NA,1277.27387501365,1
"SYN-SCLC-000446",TRUE,"SCLC","SIM-F002",85,"Female","Other",1,"Extensive",2017,"Public","Middle","Academic",0,NA,NA,14.7392638347539,1
"SYN-SCLC-000447",TRUE,"SCLC","SIM-F052",56,"Male","Other",2,"Extensive",2011,"Private","Lower","Academic",0,18,NA,457.2783412673,1
"SYN-SCLC-000448",TRUE,"SCLC","SIM-F031",49,"Male","Black",1,"Extensive",2022,NA,"Lower",NA,0,41,NA,160.513845019993,1
"SYN-SCLC-000449",TRUE,"SCLC","SIM-F028",66,"Male","Hispanic",0,"Extensive",2018,"Private","Lower","Community",1,35,66,718.504415482645,1
"SYN-SCLC-000450",TRUE,"SCLC","SIM-F011",74,"Male","Other",1,"Limited",2013,"Public","Lower","Integrated",0,29,NA,320.436039925653,1
"SYN-SCLC-000451",TRUE,"SCLC","SIM-F035",51,"Male","Hispanic",1,"Extensive",2022,"Private","Lower",NA,1,45,68,1005.36134360969,1
"SYN-SCLC-000452",TRUE,"SCLC","SIM-F027",55,"Female","Other",1,"Extensive",2010,"Public","Higher","Integrated",1,37,43,238.904211115821,1
"SYN-SCLC-000453",TRUE,"SCLC","SIM-F053",70,"Female","Other",1,"Extensive",2017,"Private","Higher","Academic",1,45,65,137.477421282194,1
"SYN-SCLC-000454",TRUE,"SCLC","SIM-F053",40,"Female","Other",1,"Extensive",2022,"Private","Lower","Academic",1,45,71,446.319464245266,1
"SYN-SCLC-000455",TRUE,"SCLC","SIM-F026",43,"Male","Black",1,"Limited",2016,"Public","Middle","Academic",1,16,NA,18.8852114988744,1
"SYN-SCLC-000456",TRUE,"SCLC","SIM-F056",69,"Male","Black",0,"Extensive",2017,"Public","Higher","Academic",1,12,NA,18.6232478281012,1
"SYN-SCLC-000457",TRUE,"SCLC","SIM-F051",61,"Female","Hispanic",1,"Limited",2010,"Private","Lower","Community",0,12,NA,52.8592116670422,1
"SYN-SCLC-000458",TRUE,"SCLC","SIM-F005",50,"Male","Black",0,"Extensive",2017,"Public",NA,"Community",1,14,30,255.308497694381,1
"SYN-SCLC-000459",TRUE,"SCLC","SIM-F033",63,"Female","Other",1,"Extensive",2017,"Private","Higher","Community",0,24,NA,60.9443650493664,1
"SYN-SCLC-000460",TRUE,"SCLC","SIM-F029",80,"Male","Other",1,"Extensive",2020,"Public","Middle","Integrated",0,24,NA,133.732630554296,1
"SYN-SCLC-000461",TRUE,"SCLC","SIM-F057",68,"Male","Black",1,"Extensive",2017,"Public","Higher","Community",0,100,NA,562.316771945973,1
"SYN-SCLC-000462",TRUE,"SCLC","SIM-F028",57,"Male","Black",0,"Extensive",2013,"Private","Higher","Community",1,14,32,390.973961675615,1
"SYN-SCLC-000463",TRUE,"SCLC","SIM-F029",76,"Female","Other",1,"Extensive",2012,"Public","Middle","Integrated",0,33,NA,356.423203566856,1
"SYN-SCLC-000464",TRUE,"SCLC","SIM-F005",48,"Male","Other",0,"Limited",2018,"Private","Middle","Community",1,7,20,561.990403045638,1
"SYN-SCLC-000465",TRUE,"SCLC","SIM-F032",62,"Male","Other",0,"Extensive",2014,"Private","Lower","Academic",1,5,28,965.668917897985,1
"SYN-SCLC-000466",TRUE,"SCLC","SIM-F018",59,"Male","Black",0,"Extensive",2022,"Private","Middle","Integrated",0,29,NA,445.452506433309,1
"SYN-SCLC-000467",TRUE,"SCLC","SIM-F052",62,"Female","Black",2,"Extensive",2019,"Public","Lower","Academic",0,15,NA,512.096299944627,1
"SYN-SCLC-000468",TRUE,"SCLC","SIM-F011",57,"Male","Black",0,"Extensive",2020,"Public","Higher",NA,0,22,NA,39.9331995142306,1
"SYN-SCLC-000469",TRUE,"SCLC","SIM-F008",64,"Female","Hispanic",1,"Extensive",2011,"Private","Lower","Academic",1,22,55,103.172164348789,1
"SYN-SCLC-000470",TRUE,"SCLC","SIM-F002",51,"Male","Other",0,"Extensive",2016,"Private","Middle","Academic",0,21,NA,107.335871600602,1
"SYN-SCLC-000471",TRUE,"SCLC","SIM-F054",72,"Male","Black",0,"Extensive",2016,"Private","Higher",NA,1,12,25,57.8894591203071,1
"SYN-SCLC-000472",TRUE,"SCLC","SIM-F011",76,"Male","Black",0,"Extensive",2016,"Public","Lower","Integrated",0,11,NA,254.401871139804,1
"SYN-SCLC-000473",TRUE,"SCLC","SIM-F041",74,"Male","Black",2,"Extensive",2014,"Public","Lower","Academic",0,NA,NA,11.1113002332552,1
"SYN-SCLC-000474",TRUE,"SCLC","SIM-F010",76,"Female","Black",0,"Extensive",2013,"Public","Higher","Integrated",0,33,NA,435.706036028028,1
"SYN-SCLC-000475",TRUE,"SCLC","SIM-F005",63,"Male","Hispanic",1,"Extensive",2011,"Public","Higher",NA,0,44,NA,435.9040949819,1
"SYN-SCLC-000476",TRUE,"SCLC","SIM-F003",72,"Female","Hispanic",0,"Extensive",2013,NA,"Lower","Integrated",0,17,NA,1249.0812402687,1
"SYN-SCLC-000477",TRUE,"SCLC","SIM-F051",55,"Female","Hispanic",1,"Extensive",2019,"Public","Higher","Community",1,31,64,1536.9980697718,0
"SYN-SCLC-000478",TRUE,"SCLC","SIM-F058",51,"Male","Other",1,"Extensive",2022,"Private","Middle","Academic",1,18,57,125.970633623864,1
"SYN-SCLC-000479",TRUE,"SCLC","SIM-F039",57,"Female","Black",0,"Extensive",2017,"Private","Lower","Integrated",0,28,NA,793.542425614104,1
"SYN-SCLC-000480",TRUE,"SCLC","SIM-F049",67,"Female","Black",1,"Extensive",2018,"Private","Higher","Academic",0,NA,NA,14.0485716430627,1
"SYN-SCLC-000481",TRUE,"SCLC","SIM-F008",76,"Male","Hispanic",0,"Extensive",2010,"Private","Lower","Academic",0,37,NA,248.76587557521,1
"SYN-SCLC-000482",TRUE,"SCLC","SIM-F027",64,"Female","Other",0,"Extensive",2022,"Public","Higher",NA,0,18,NA,86.5644702654024,1
"SYN-SCLC-000483",TRUE,"SCLC","SIM-F013",59,"Female","Black",1,"Extensive",2013,"Public","Middle","Integrated",0,17,NA,892.546226379289,1
"SYN-SCLC-000484",TRUE,"SCLC","SIM-F024",70,"Male","Hispanic",0,"Limited",2010,"Public","Lower","Integrated",0,24,NA,588.600452882275,1
"SYN-SCLC-000485",TRUE,"SCLC","SIM-F010",88,"Male","Black",0,"Extensive",2018,"Private","Lower","Integrated",1,23,34,616.629807596125,1
"SYN-SCLC-000486",TRUE,"SCLC","SIM-F022",63,"Female","Hispanic",0,"Extensive",2018,"Public","Lower","Integrated",1,10,14,85.2682382500459,1
"SYN-SCLC-000487",TRUE,"SCLC","SIM-F022",52,"Female","Black",1,"Extensive",2011,"Public","Higher",NA,0,22,NA,64.7816636857681,1
"SYN-SCLC-000488",TRUE,"SCLC","SIM-F024",69,"Male","Other",2,"Limited",2015,"Public","Middle","Integrated",1,31,52,64.9347116582301,1
"SYN-SCLC-000489",TRUE,"SCLC","SIM-F017",56,"Female","Black",0,"Extensive",2017,"Private","Lower",NA,0,9,NA,2817.95409092981,1
"SYN-SCLC-000490",TRUE,"SCLC","SIM-F010",84,"Female","Hispanic",2,"Extensive",2016,"Public","Middle","Integrated",1,43,70,427.094454572269,1
"SYN-SCLC-000491",TRUE,"SCLC","SIM-F035",54,"Male","Hispanic",1,"Extensive",2015,"Public","Middle","Integrated",1,37,NA,115.784639207111,1
"SYN-SCLC-000492",TRUE,"SCLC","SIM-F060",64,"Female","Black",1,"Extensive",2012,"Private","Lower","Academic",0,23,NA,408.326616980384,1
"SYN-SCLC-000493",TRUE,"SCLC","SIM-F011",59,"Female","Other",0,"Limited",2010,"Public",NA,"Integrated",1,7,39,423.85207599107,1
"SYN-SCLC-000494",TRUE,"SCLC","SIM-F046",62,"Male","Hispanic",0,"Extensive",2019,"Public","Middle","Academic",1,24,24,99.7169860577438,1
"SYN-SCLC-000495",TRUE,"SCLC","SIM-F014",61,"Male","Other",1,"Extensive",2011,"Public",NA,"Integrated",0,36,NA,808.224459003134,1
"SYN-SCLC-000496",TRUE,"SCLC","SIM-F040",68,"Female","Other",0,"Limited",2015,NA,"Middle","Community",0,30,NA,221.836358958917,1
"SYN-SCLC-000497",TRUE,"SCLC","SIM-F031",57,"Male","Black",1,"Extensive",2019,"Private","Lower","Academic",0,100,NA,806.844736037572,1
"SYN-SCLC-000498",TRUE,"SCLC","SIM-F010",76,"Male","Black",1,"Extensive",2022,"Private","Higher","Integrated",1,5,7,429.259291625635,1
"SYN-SCLC-000499",TRUE,"SCLC","SIM-F043",71,"Female","Black",0,"Extensive",2015,"Public","Lower","Integrated",0,43,NA,520.091647629208,1
"SYN-SCLC-000500",TRUE,"SCLC","SIM-F032",62,"Male","Black",2,"Limited",2016,"Public","Higher","Academic",1,26,46,1319.87920791527,1
"SYN-SCLC-000501",TRUE,"SCLC","SIM-F005",44,"Female","Hispanic",1,"Extensive",2012,"Private","Middle","Community",1,35,48,2283.23619766976,0
"SYN-SCLC-000502",TRUE,"SCLC","SIM-F021",90,"Female","Other",1,"Extensive",2016,"Private","Middle","Community",0,20,NA,373.35128260403,1
"SYN-SCLC-000503",TRUE,"SCLC","SIM-F020",81,"Female","Other",1,"Extensive",2013,"Public","Middle","Community",0,16,NA,138.640626840728,1
"SYN-SCLC-000504",TRUE,"SCLC","SIM-F021",66,"Female","Hispanic",1,"Extensive",2018,"Private","Middle","Community",0,29,NA,398.873163531004,1
"SYN-SCLC-000505",TRUE,"SCLC","SIM-F015",56,"Female","Other",0,"Extensive",2022,"Public","Middle","Academic",0,22,NA,455.898440293446,0
"SYN-SCLC-000506",TRUE,"SCLC","SIM-F008",64,"Male","Other",0,"Extensive",2010,"Private","Higher","Academic",1,42,80,751.921413326301,1
"SYN-SCLC-000507",TRUE,"SCLC","SIM-F036",61,"Male","Black",0,"Extensive",2016,"Private","Higher","Academic",1,43,64,491.537497705006,0
"SYN-SCLC-000508",TRUE,"SCLC","SIM-F036",54,"Female","Black",1,"Extensive",2016,"Public","Middle","Academic",1,35,64,563.218789686294,1
"SYN-SCLC-000509",TRUE,"SCLC","SIM-F004",37,"Female","Other",0,"Limited",2021,"Private","Higher","Community",1,39,78,1258.63092529531,1
"SYN-SCLC-000510",TRUE,"SCLC","SIM-F007",64,"Female","Other",2,"Extensive",2014,"Private","Higher","Academic",0,16,NA,131.636269725859,0
"SYN-SCLC-000511",TRUE,"SCLC","SIM-F023",90,"Male","Other",2,"Extensive",2018,"Public","Middle","Integrated",0,24,NA,102.262085151263,1
"SYN-SCLC-000512",TRUE,"SCLC","SIM-F002",65,"Male","Other",1,"Extensive",2012,"Private","Lower","Academic",0,35,NA,474.397322700429,1
"SYN-SCLC-000513",TRUE,"SCLC","SIM-F003",76,"Male","Other",1,"Extensive",2021,"Private","Lower","Integrated",0,NA,NA,4.34867364163012,1
"SYN-SCLC-000514",TRUE,"SCLC","SIM-F020",59,"Male","Other",1,"Extensive",2018,"Public","Middle",NA,1,39,43,201.167052826884,1
"SYN-SCLC-000515",TRUE,"SCLC","SIM-F014",59,"Female","Black",0,"Extensive",2015,"Private","Lower","Integrated",1,24,63,461.427602319515,1
"SYN-SCLC-000516",TRUE,"SCLC","SIM-F035",64,"Female","Other",1,"Extensive",2014,"Private","Middle","Integrated",1,NA,NA,28.6692174110291,1
"SYN-SCLC-000517",TRUE,"SCLC","SIM-F055",45,"Female","Black",0,"Extensive",2013,"Private","Middle","Academic",0,39,NA,875.244463465867,1
"SYN-SCLC-000518",TRUE,"SCLC","SIM-F013",59,"Male","Hispanic",0,"Extensive",2015,"Private","Middle","Integrated",1,21,39,843.402343939664,1
"SYN-SCLC-000519",TRUE,"SCLC","SIM-F024",72,"Female","Hispanic",0,"Extensive",2011,"Private","Middle","Integrated",1,23,NA,37.810238879174,0
"SYN-SCLC-000520",TRUE,"SCLC","SIM-F014",73,"Male","Black",0,"Extensive",2016,"Public","Higher","Integrated",1,NA,NA,7.78232758681462,1
"SYN-SCLC-000521",TRUE,"SCLC","SIM-F034",60,"Male","Other",0,"Extensive",2021,"Private","Middle","Community",1,14,47,1287.84734016734,1
"SYN-SCLC-000522",TRUE,"SCLC","SIM-F008",67,"Female","Hispanic",0,"Extensive",2020,"Private","Middle","Academic",1,41,64,1259.70237388043,0
"SYN-SCLC-000523",TRUE,"SCLC","SIM-F010",74,"Male","Hispanic",0,"Extensive",2021,"Public","Lower","Integrated",0,12,NA,1462.39235128755,1
"SYN-SCLC-000524",TRUE,"SCLC","SIM-F028",82,"Male","Other",0,"Limited",2014,"Public","Middle","Community",NA,38,NA,250.739154559427,NA
"SYN-SCLC-000525",TRUE,"SCLC","SIM-F029",41,"Male","Other",0,"Limited",2016,NA,"Middle","Integrated",1,32,65,363.567381894122,1
"SYN-SCLC-000526",TRUE,"SCLC","SIM-F006",45,"Female","Other",0,"Extensive",2019,"Private","Middle","Integrated",1,43,63,164.516924417097,1
"SYN-SCLC-000527",TRUE,"SCLC","SIM-F053",58,"Male","Black",0,"Extensive",2021,"Private","Middle","Academic",1,43,82,277.938818371131,1
"SYN-SCLC-000528",TRUE,"SCLC","SIM-F006",53,"Female","Black",1,"Limited",2018,"Public","Lower","Integrated",0,44,NA,467.360917644962,1
"SYN-SCLC-000529",TRUE,"SCLC","SIM-F051",85,"Female","Hispanic",1,"Extensive",2010,"Public","Higher","Community",0,39,NA,385.674186884385,1
"SYN-SCLC-000530",TRUE,"SCLC","SIM-F027",56,"Male","Other",1,"Extensive",2010,NA,"Higher","Integrated",1,33,49,99.5502715843861,1
"SYN-SCLC-000531",TRUE,"SCLC","SIM-F002",73,"Female","Black",1,"Extensive",2012,"Private","Higher","Academic",0,33,NA,654.05270476329,1
"SYN-SCLC-000532",TRUE,"SCLC","SIM-F041",61,"Male","Other",1,"Limited",2015,"Private","Lower","Academic",1,25,46,641.859677452157,1
"SYN-SCLC-000533",TRUE,"SCLC","SIM-F010",72,"Female","Black",0,"Extensive",2020,"Private","Middle","Integrated",1,12,17,100.01638271707,1
"SYN-SCLC-000534",TRUE,"SCLC","SIM-F022",43,"Female","Hispanic",0,"Limited",2017,"Private","Higher","Integrated",0,28,NA,2009.6833970712,0
"SYN-SCLC-000535",TRUE,"SCLC","SIM-F014",62,"Female","Black",0,"Extensive",2015,"Private","Middle",NA,1,11,24,2078.40638445449,0
"SYN-SCLC-000536",TRUE,"SCLC","SIM-F058",44,"Male","Black",0,"Extensive",2011,"Private","Middle","Academic",0,36,NA,1989.93847740617,1
"SYN-SCLC-000537",TRUE,"SCLC","SIM-F060",83,"Female","Black",1,"Extensive",2020,"Public","Lower","Academic",0,20,NA,203.184365752326,1
"SYN-SCLC-000538",TRUE,"SCLC","SIM-F023",58,"Male","Hispanic",0,"Extensive",2020,"Private","Middle","Integrated",0,NA,NA,23.2767230130192,1
"SYN-SCLC-000539",TRUE,"SCLC","SIM-F024",76,"Female","Other",0,"Extensive",2020,"Private","Middle","Integrated",NA,34,NA,1765.92055540373,0
"SYN-SCLC-000540",TRUE,"SCLC","SIM-F027",43,"Male","Black",2,"Extensive",2012,"Private","Higher",NA,1,24,39,456.445926173277,1
"SYN-SCLC-000541",TRUE,"SCLC","SIM-F026",48,"Female","Other",0,"Extensive",2012,"Public","Middle","Academic",1,30,52,662.069719478422,1
"SYN-SCLC-000542",TRUE,"SCLC","SIM-F041",32,"Female","Hispanic",0,"Extensive",2015,"Private","Higher","Academic",1,19,25,1486.05012435815,0
"SYN-SCLC-000543",TRUE,"SCLC","SIM-F015",50,"Female","Other",0,"Extensive",2013,"Private","Middle","Academic",1,32,57,89.3339081835962,1
"SYN-SCLC-000544",TRUE,"SCLC","SIM-F008",48,"Female","Other",1,"Extensive",2016,"Private","Middle","Academic",0,33,NA,1221.93577032219,1
"SYN-SCLC-000545",TRUE,"SCLC","SIM-F030",74,"Female","Black",0,"Extensive",2014,"Public","Middle","Academic",0,39,NA,50.943969118936,1
"SYN-SCLC-000546",TRUE,"SCLC","SIM-F034",80,"Male","Hispanic",1,"Limited",2021,"Private",NA,"Community",1,22,34,303.367887027562,0
"SYN-SCLC-000547",TRUE,"SCLC","SIM-F019",70,"Female","Hispanic",0,"Limited",2016,"Public","Higher","Academic",0,NA,NA,3.60065441719986,1
"SYN-SCLC-000548",TRUE,"SCLC","SIM-F005",40,"Male","Other",0,"Extensive",2010,"Private","Lower","Community",1,32,36,1037.78125718982,1
"SYN-SCLC-000549",TRUE,"SCLC","SIM-F039",60,"Male","Other",1,"Extensive",2014,"Private","Middle","Integrated",0,22,NA,472.445115164397,1
"SYN-SCLC-000550",TRUE,"SCLC","SIM-F027",63,"Female","Black",1,"Extensive",2017,"Public",NA,"Integrated",0,32,NA,1012.38986431907,1
"SYN-SCLC-000551",TRUE,"SCLC","SIM-F030",79,"Male","Black",1,"Extensive",2020,"Private","Higher","Academic",0,25,NA,523.355789476303,1
"SYN-SCLC-000552",TRUE,"SCLC","SIM-F030",73,"Male","Black",1,"Extensive",2012,"Private","Higher","Academic",0,44,NA,1340.30467863919,1
"SYN-SCLC-000553",TRUE,"SCLC","SIM-F011",57,"Male","Hispanic",1,"Extensive",2014,"Public","Higher","Integrated",1,9,42,77.5857131587274,1
"SYN-SCLC-000554",TRUE,"SCLC","SIM-F060",77,"Male","Black",1,"Extensive",2015,"Public","Middle","Academic",0,25,NA,87.3423142514593,1
"SYN-SCLC-000555",TRUE,"SCLC","SIM-F040",47,"Female","Hispanic",0,"Limited",2011,"Private","Lower",NA,1,14,23,1543.00333555262,1
"SYN-SCLC-000556",TRUE,"SCLC","SIM-F024",71,"Male","Other",0,"Extensive",2022,"Public","Higher","Integrated",1,40,46,130.441087921876,1
"SYN-SCLC-000557",TRUE,"SCLC","SIM-F025",75,"Female","Black",0,"Extensive",2020,"Public","Lower","Integrated",0,10,NA,587.752826421225,1
"SYN-SCLC-000558",TRUE,"SCLC","SIM-F031",86,"Female","Other",1,"Extensive",2013,"Public","Lower","Academic",0,19,NA,37.9378361075864,1
"SYN-SCLC-000559",TRUE,"SCLC","SIM-F004",70,"Male","Black",2,"Extensive",2020,"Public","Lower","Community",0,NA,NA,5.37761794149423,1
"SYN-SCLC-000560",TRUE,"SCLC","SIM-F029",62,"Female","Hispanic",2,"Extensive",2011,"Public","Middle","Integrated",0,18,NA,60.9954648007027,1
"SYN-SCLC-000561",TRUE,"SCLC","SIM-F058",58,"Male","Hispanic",1,"Limited",2013,"Private","Higher",NA,1,19,20,681.570843598824,1
"SYN-SCLC-000562",TRUE,"SCLC","SIM-F017",39,"Female","Black",1,"Extensive",2019,"Private","Middle","Academic",1,30,51,1283.4153636964,0
"SYN-SCLC-000563",TRUE,"SCLC","SIM-F024",45,"Male","Other",1,"Extensive",2012,"Private","Middle","Integrated",1,22,56,112.274698121331,1
"SYN-SCLC-000564",TRUE,"SCLC","SIM-F010",76,"Male","Other",0,"Extensive",2016,"Private","Middle","Integrated",1,NA,NA,6.67602844349738,1
"SYN-SCLC-000565",TRUE,"SCLC","SIM-F047",44,"Male","Hispanic",0,"Extensive",2022,"Private","Lower","Integrated",1,30,57,308.947305807159,0
"SYN-SCLC-000566",TRUE,"SCLC","SIM-F031",61,"Male","Other",1,"Extensive",2017,"Private","Lower","Academic",1,45,46,464.117910786911,1
"SYN-SCLC-000567",TRUE,"SCLC","SIM-F018",54,"Female","Hispanic",0,"Extensive",2020,"Public","Lower","Integrated",1,21,52,551.789383150332,1
"SYN-SCLC-000568",TRUE,"SCLC","SIM-F011",67,"Female","Black",NA,"Extensive",2020,"Public","Higher","Integrated",1,32,32,72.5277801446016,1
"SYN-SCLC-000569",TRUE,"SCLC","SIM-F028",60,"Female","Hispanic",1,"Limited",2018,"Private","Middle","Community",1,26,29,273.727197535336,0
"SYN-SCLC-000570",TRUE,"SCLC","SIM-F021",63,"Male","Black",1,"Extensive",2011,"Public","Higher","Community",0,36,NA,642.907914790076,1
"SYN-SCLC-000571",TRUE,"SCLC","SIM-F054",64,"Male","Black",0,"Extensive",2010,"Public","Lower","Integrated",1,33,41,130.360407376092,1
"SYN-SCLC-000572",TRUE,"SCLC","SIM-F058",86,"Female","Black",1,"Extensive",2010,"Public","Higher","Academic",0,14,NA,58.1119120523068,1
"SYN-SCLC-000573",TRUE,"SCLC","SIM-F022",53,"Female","Other",0,"Extensive",2016,"Private",NA,"Integrated",0,100,NA,543.849215067975,1
"SYN-SCLC-000574",TRUE,"SCLC","SIM-F059",48,"Female","Other",0,"Extensive",2018,"Public","Lower","Academic",1,42,49,649.73826030893,1
"SYN-SCLC-000575",TRUE,"SCLC","SIM-F052",65,"Female","Hispanic",2,"Extensive",2016,"Public","Lower","Academic",1,10,18,1985.6124344243,1
"SYN-SCLC-000576",TRUE,"SCLC","SIM-F057",64,"Male","Other",1,"Extensive",2011,"Private","Lower","Community",0,28,NA,1055.97394246384,1
"SYN-SCLC-000577",TRUE,"SCLC","SIM-F055",48,"Male","Other",0,"Extensive",2011,"Private","Lower","Academic",1,36,75,1086.4045708345,1
"SYN-SCLC-000578",TRUE,"SCLC","SIM-F044",56,"Female","Black",1,"Extensive",2015,"Public","Middle","Academic",1,21,32,416.150783189015,1
"SYN-SCLC-000579",TRUE,"SCLC","SIM-F049",78,"Male","Hispanic",2,"Extensive",2021,"Public","Higher","Academic",1,36,49,443.448176030683,1
"SYN-SCLC-000580",TRUE,"SCLC","SIM-F019",70,"Male","Hispanic",0,"Extensive",2010,"Private","Middle","Academic",0,27,NA,381.174718840346,1
"SYN-SCLC-000581",TRUE,"SCLC","SIM-F055",59,"Male","Other",0,"Extensive",2011,"Public","Lower","Academic",0,29,NA,220.268893028975,1
"SYN-SCLC-000582",TRUE,"SCLC","SIM-F059",60,"Female","Other",0,"Extensive",2016,"Private","Lower","Academic",0,40,NA,81.4845295921874,1
"SYN-SCLC-000583",TRUE,"SCLC","SIM-F043",73,"Male","Hispanic",0,"Extensive",2012,"Private","Higher","Integrated",1,27,64,689.201573962118,1
"SYN-SCLC-000584",TRUE,"SCLC","SIM-F004",78,"Male","Hispanic",2,"Extensive",2020,"Private","Lower","Community",0,6,NA,139.490507720669,1
"SYN-SCLC-000585",TRUE,"SCLC","SIM-F041",67,"Male","Black",0,"Extensive",2014,"Public","Lower",NA,0,27,NA,152.850435355706,1
"SYN-SCLC-000586",TRUE,"SCLC","SIM-F052",49,"Female","Other",2,"Extensive",2015,"Private","Higher","Academic",1,26,40,129.002210367331,1
"SYN-SCLC-000587",TRUE,"SCLC","SIM-F018",61,"Male","Other",0,"Limited",2012,"Public","Middle","Integrated",0,31,NA,742.514488191282,1
"SYN-SCLC-000588",TRUE,"SCLC","SIM-F035",69,"Male","Hispanic",1,"Extensive",2016,"Private","Middle","Integrated",1,19,19,1127.77971607405,1
"SYN-SCLC-000589",TRUE,"SCLC","SIM-F028",30,"Female","Hispanic",0,"Extensive",2020,"Private","Higher","Community",1,30,NA,143.350820747503,1
"SYN-SCLC-000590",TRUE,"SCLC","SIM-F048",60,"Male","Hispanic",1,"Extensive",2011,"Public","Lower","Community",1,14,14,81.3751880388391,1
"SYN-SCLC-000591",TRUE,"SCLC","SIM-F013",73,"Female","Other",0,"Extensive",2020,"Private","Middle","Integrated",1,21,42,85.2250477774957,1
"SYN-SCLC-000592",TRUE,"SCLC","SIM-F012",64,"Female","Black",2,"Extensive",2016,"Public","Higher","Community",0,6,NA,35.3087460164168,1
"SYN-SCLC-000593",TRUE,"SCLC","SIM-F053",52,"Female","Other",1,"Extensive",2016,"Public","Higher",NA,1,38,49,1914.38207848441,1
"SYN-SCLC-000594",TRUE,"SCLC","SIM-F006",59,"Male","Other",0,"Extensive",2017,"Public","Higher","Integrated",1,NA,NA,6.6415597271962,1
"SYN-SCLC-000595",TRUE,"SCLC","SIM-F027",64,"Female","Black",0,"Extensive",2022,"Private","Higher","Integrated",0,NA,NA,5.61419742967355,1
"SYN-SCLC-000596",TRUE,"SCLC","SIM-F027",51,"Female","Other",2,"Limited",2010,NA,NA,"Integrated",0,42,NA,749.207781801954,1
"SYN-SCLC-000597",TRUE,"SCLC","SIM-F056",70,"Male","Black",1,"Extensive",2013,"Private","Higher","Academic",1,NA,NA,26.4342222276872,1
"SYN-SCLC-000598",TRUE,"SCLC","SIM-F007",35,"Male","Black",0,"Extensive",2021,"Private","Middle","Academic",1,35,NA,53.0282161556644,1
"SYN-SCLC-000599",TRUE,"SCLC","SIM-F028",75,"Male","Black",0,"Extensive",2021,"Public","Middle","Community",0,16,NA,1041.15646481038,1
"SYN-SCLC-000600",TRUE,"SCLC","SIM-F059",59,"Female","Hispanic",0,"Extensive",2020,"Private","Lower","Academic",1,100,70,141.37110001957,1
"SYN-SCLC-000601",TRUE,"SCLC","SIM-F055",40,"Male","Hispanic",0,"Extensive",2022,"Private","Higher","Academic",1,40,50,885.598363224417,0
"SYN-SCLC-000602",TRUE,"SCLC","SIM-F013",77,"Female","Other",0,"Limited",2015,"Public","Higher","Integrated",0,41,NA,725.922363199028,1
"SYN-SCLC-000603",TRUE,"SCLC","SIM-F004",69,"Female","Black",0,"Extensive",2016,"Private","Higher",NA,0,45,NA,260.142306451316,1
"SYN-SCLC-000604",TRUE,"SCLC","SIM-F010",76,"Male","Black",0,"Extensive",2021,"Public","Lower","Integrated",0,14,NA,450.905886450383,1
"SYN-SCLC-000605",TRUE,"SCLC","SIM-F029",37,"Female","Black",1,"Extensive",2013,"Private",NA,"Integrated",0,21,NA,825.748305236424,1
"SYN-SCLC-000606",TRUE,"SCLC","SIM-F050",41,"Male","Black",0,"Extensive",2018,"Private","Middle","Academic",1,37,74,1404.12561299978,0
"SYN-SCLC-000607",TRUE,"SCLC","SIM-F015",43,"Female","Black",1,"Extensive",2017,"Private","Higher","Academic",0,45,NA,1165.48728186578,1
"SYN-SCLC-000608",TRUE,"SCLC","SIM-F055",62,"Female","Other",0,"Extensive",2021,"Private","Lower","Academic",1,19,41,250.296724085398,1
"SYN-SCLC-000609",TRUE,"SCLC","SIM-F005",39,"Male","Other",1,"Extensive",2014,"Private","Lower","Community",1,31,65,179.896002178725,1
"SYN-SCLC-000610",TRUE,"SCLC","SIM-F050",37,"Male","Black",0,"Extensive",2010,"Private","Middle","Academic",1,11,19,1489.18597311746,1
"SYN-SCLC-000611",TRUE,"SCLC","SIM-F041",68,"Male","Other",1,"Extensive",2014,"Private","Middle","Academic",0,13,NA,755.684612448114,1
"SYN-SCLC-000612",TRUE,"SCLC","SIM-F004",40,"Male","Black",0,"Limited",2017,"Private","Lower","Community",0,27,NA,123.883268746549,1
"SYN-SCLC-000613",TRUE,"SCLC","SIM-F034",63,"Female","Black",1,"Extensive",2015,"Private","Higher","Community",0,16,NA,806.116606037748,1
"SYN-SCLC-000614",TRUE,"SCLC","SIM-F052",81,"Female","Black",0,"Extensive",2016,"Private",NA,"Academic",1,22,60,443.920892278259,1
"SYN-SCLC-000615",TRUE,"SCLC","SIM-F043",89,"Male","Other",2,"Extensive",2010,"Private","Middle",NA,0,NA,NA,14.3854659701181,1
"SYN-SCLC-000616",TRUE,"SCLC","SIM-F047",52,"Female","Black",0,"Limited",2010,"Private","Lower","Integrated",1,10,22,1342.82841843199,1
"SYN-SCLC-000617",TRUE,"SCLC","SIM-F050",71,"Female","Hispanic",0,"Extensive",2012,"Private","Lower","Academic",0,NA,NA,6.07152143861257,1
"SYN-SCLC-000618",TRUE,"SCLC","SIM-F043",73,"Male","Hispanic",2,"Extensive",2021,"Private","Higher","Integrated",0,38,NA,322.323715210438,1
"SYN-SCLC-000619",TRUE,"SCLC","SIM-F059",86,"Female","Hispanic",0,"Extensive",2010,"Public","Lower","Academic",1,13,43,451.757519855776,1
"SYN-SCLC-000620",TRUE,"SCLC","SIM-F050",56,"Male","Black",1,"Extensive",2017,"Public","Higher","Academic",1,26,32,204.361233353719,1
"SYN-SCLC-000621",TRUE,"SCLC","SIM-F004",50,"Female","Other",0,"Extensive",2014,"Public","Lower","Community",1,15,51,1021.19158689888,1
"SYN-SCLC-000622",TRUE,"SCLC","SIM-F052",63,"Male","Black",0,"Extensive",2010,"Public","Higher","Academic",1,22,55,644.218503393181,1
"SYN-SCLC-000623",TRUE,"SCLC","SIM-F054",76,"Male","Hispanic",1,"Extensive",2014,"Private","Middle",NA,1,7,44,380.686941954167,1
"SYN-SCLC-000624",TRUE,"SCLC","SIM-F027",85,"Female","Other",2,"Extensive",2020,"Public",NA,"Integrated",0,NA,NA,4.3671365046375,1
"SYN-SCLC-000625",TRUE,"SCLC","SIM-F040",61,"Female","Hispanic",1,"Extensive",2015,"Private","Lower","Community",1,34,48,299.520658398276,1
"SYN-SCLC-000626",TRUE,"SCLC","SIM-F012",62,"Male","Black",1,"Extensive",2010,"Private","Higher","Community",1,22,29,846.541963690111,1
"SYN-SCLC-000627",TRUE,"SCLC","SIM-F055",76,"Female","Black",1,"Extensive",2015,"Private","Lower","Academic",1,43,63,212.031701651988,1
"SYN-SCLC-000628",TRUE,"SCLC","SIM-F014",71,"Female","Black",1,"Extensive",2021,"Private","Middle","Integrated",0,31,NA,87.62933787409,1
"SYN-SCLC-000629",TRUE,"SCLC","SIM-F051",74,"Male","Other",1,"Extensive",2017,"Public","Middle","Community",1,12,13,149.790579139259,1
"SYN-SCLC-000630",TRUE,"SCLC","SIM-F050",45,"Male","Hispanic",0,"Limited",2020,"Public","Lower","Academic",1,19,57,1574.74070540862,0
"SYN-SCLC-000631",TRUE,"SCLC","SIM-F003",74,"Male","Hispanic",1,"Extensive",2011,"Public","Lower","Integrated",0,45,NA,477.510785140406,1
"SYN-SCLC-000632",TRUE,"SCLC","SIM-F027",70,"Male","Black",2,"Extensive",2015,NA,"Lower",NA,NA,16,NA,77.2365200670104,1
"SYN-SCLC-000633",TRUE,"SCLC","SIM-F002",58,"Female","Other",2,"Limited",2021,"Private","Middle","Academic",1,29,36,154.336732196532,1
"SYN-SCLC-000634",TRUE,"SCLC","SIM-F011",90,"Female","Other",1,"Extensive",2015,"Public","Higher","Integrated",0,37,NA,119.3058191191,1
"SYN-SCLC-000635",TRUE,"SCLC","SIM-F028",65,"Male","Other",1,"Extensive",2015,"Private","Higher",NA,1,27,36,499.127148709085,1
"SYN-SCLC-000636",TRUE,"SCLC","SIM-F011",46,"Male","Other",1,"Extensive",2022,"Private","Higher","Integrated",1,22,39,433.291225767445,1
"SYN-SCLC-000637",TRUE,"SCLC","SIM-F041",56,"Male","Other",0,"Extensive",2014,"Private","Middle","Academic",0,25,NA,519.000967386275,1
"SYN-SCLC-000638",TRUE,"SCLC","SIM-F006",63,"Female","Hispanic",2,"Limited",2013,"Public","Middle","Integrated",0,36,NA,141.689967426264,1
"SYN-SCLC-000639",TRUE,"SCLC","SIM-F020",52,"Female","Other",0,"Extensive",2012,"Private","Middle","Community",0,22,NA,198.231278713761,1
"SYN-SCLC-000640",TRUE,"SCLC","SIM-F017",61,"Male","Other",1,"Extensive",2011,"Private","Middle","Academic",0,NA,NA,15.8950523103525,1
"SYN-SCLC-000641",TRUE,"SCLC","SIM-F059",50,"Female","Other",0,"Limited",2017,"Private","Lower","Academic",0,23,NA,287.134857318881,1
"SYN-SCLC-000642",TRUE,"SCLC","SIM-F023",50,"Female","Black",2,"Extensive",2013,"Public","Lower","Integrated",1,35,49,146.093429647871,1
"SYN-SCLC-000643",TRUE,"SCLC","SIM-F032",63,"Female","Other",0,"Extensive",2022,NA,"Lower","Academic",0,42,NA,129.354259116301,1
"SYN-SCLC-000644",TRUE,"SCLC","SIM-F031",32,"Male","Hispanic",1,"Extensive",2014,"Private","Higher","Academic",1,39,76,252.873155459322,1
"SYN-SCLC-000645",TRUE,"SCLC","SIM-F022",74,"Female","Black",1,"Extensive",2022,NA,"Higher","Integrated",1,43,NA,52.874171190708,1
"SYN-SCLC-000646",TRUE,"SCLC","SIM-F051",61,"Male","Hispanic",1,"Extensive",2013,"Private","Higher","Community",1,19,32,802.776262483296,1
"SYN-SCLC-000647",TRUE,"SCLC","SIM-F059",77,"Female","Other",0,"Extensive",2021,"Public","Higher","Academic",0,16,NA,544.243417316621,1
"SYN-SCLC-000648",TRUE,"SCLC","SIM-F038",62,"Female","Black",1,"Extensive",2010,"Public","Middle","Community",0,8,NA,1384.05998630429,1
"SYN-SCLC-000649",TRUE,"SCLC","SIM-F057",72,"Female","Other",0,"Extensive",2014,"Public","Lower","Community",1,18,56,1036.83584589511,0
"SYN-SCLC-000650",TRUE,"SCLC","SIM-F050",63,"Male","Black",0,"Extensive",2016,"Private","Higher","Academic",1,7,29,179.427174255252,0
"SYN-SCLC-000651",TRUE,"SCLC","SIM-F059",80,"Male","Other",1,"Extensive",2018,"Public","Middle","Academic",1,34,48,1771.18098255759,1
"SYN-SCLC-000652",TRUE,"SCLC","SIM-F027",71,"Male","Hispanic",0,"Extensive",2014,"Public","Lower","Integrated",1,NA,NA,22.4108393483361,1
"SYN-SCLC-000653",TRUE,"SCLC","SIM-F041",45,"Male","Hispanic",0,"Extensive",2020,NA,"Lower","Academic",1,9,24,1421.33186823572,0
"SYN-SCLC-000654",TRUE,"SCLC","SIM-F027",56,"Female","Black",0,"Extensive",2013,"Public","Higher","Integrated",1,32,35,1107.1365531224,1
"SYN-SCLC-000655",TRUE,"SCLC","SIM-F051",78,"Male","Black",2,"Extensive",2011,"Private","Middle","Community",1,42,52,686.822126196092,1
"SYN-SCLC-000656",TRUE,"SCLC","SIM-F040",36,"Female","Hispanic",0,"Limited",2020,NA,NA,"Community",1,6,43,156.816831547385,1
"SYN-SCLC-000657",TRUE,"SCLC","SIM-F056",56,"Male","Hispanic",0,"Extensive",2019,"Private","Lower","Academic",0,100,NA,664.169061060681,1
"SYN-SCLC-000658",TRUE,"SCLC","SIM-F043",71,"Male","Black",0,"Extensive",2021,"Public","Middle","Integrated",1,26,47,663.514976265688,1
"SYN-SCLC-000659",TRUE,"SCLC","SIM-F015",40,"Female","Hispanic",0,"Limited",2011,"Private","Lower",NA,1,32,56,1387.00980154332,0
"SYN-SCLC-000660",TRUE,"SCLC","SIM-F059",59,"Male","Other",0,"Extensive",2011,"Public","Higher","Academic",1,24,48,191.385563984505,1
"SYN-SCLC-000661",TRUE,"SCLC","SIM-F051",77,"Male","Hispanic",0,"Extensive",2010,"Public","Middle","Community",1,36,73,116.62314387143,1
"SYN-SCLC-000662",TRUE,"SCLC","SIM-F044",69,"Male","Other",1,"Extensive",2017,"Public","Higher","Academic",0,17,NA,32.2141302516118,1
"SYN-SCLC-000663",TRUE,"SCLC","SIM-F037",42,"Female","Other",0,"Extensive",2013,"Private",NA,"Community",1,36,36,1099.97245533853,1
"SYN-SCLC-000664",TRUE,"SCLC","SIM-F012",52,"Male","Hispanic",1,"Extensive",2022,"Public","Lower","Community",1,15,33,177.82920021397,1
"SYN-SCLC-000665",TRUE,"SCLC","SIM-F053",58,"Female","Black",1,"Extensive",2015,"Private","Higher","Academic",1,38,46,884.890059390352,1
"SYN-SCLC-000666",TRUE,"SCLC","SIM-F001",56,"Male","Other",1,"Limited",2018,"Public","Higher","Community",1,19,23,229.390096289454,1
"SYN-SCLC-000667",TRUE,"SCLC","SIM-F030",83,"Male","Hispanic",0,"Extensive",2022,"Public","Middle","Academic",1,17,43,555.503877626472,1
"SYN-SCLC-000668",TRUE,"SCLC","SIM-F057",49,"Female","Black",0,"Extensive",2010,"Private","Lower","Community",1,25,44,148.326988428521,1
"SYN-SCLC-000669",TRUE,"SCLC","SIM-F048",29,"Male","Black",0,"Extensive",2020,NA,"Higher",NA,NA,30,61,1972.34576409915,0
"SYN-SCLC-000670",TRUE,"SCLC","SIM-F013",73,"Female","Other",0,"Extensive",2011,"Public","Higher","Integrated",0,45,NA,355.734248666522,1
"SYN-SCLC-000671",TRUE,"SCLC","SIM-F033",58,"Female","Hispanic",1,"Extensive",2012,"Public","Middle","Community",1,17,56,556.560932859616,1
"SYN-SCLC-000672",TRUE,"SCLC","SIM-F053",71,"Female","Hispanic",0,"Extensive",2021,"Public","Lower","Academic",1,41,48,122.710141313612,1
"SYN-SCLC-000673",TRUE,"SCLC","SIM-F009",72,"Female","Hispanic",0,"Limited",2012,"Private","Lower","Community",0,34,NA,255.827678988561,0
"SYN-SCLC-000674",TRUE,"SCLC","SIM-F013",77,"Male","Hispanic",0,"Extensive",2012,"Private","Higher","Integrated",1,15,53,822.397095597978,1
"SYN-SCLC-000675",TRUE,"SCLC","SIM-F017",52,"Female","Black",0,"Limited",2015,"Private","Middle","Academic",1,30,69,2301.80109098088,0
"SYN-SCLC-000676",TRUE,"SCLC","SIM-F044",38,"Male","Other",0,"Limited",2020,"Private","Lower","Academic",1,37,47,365.429904685506,0
"SYN-SCLC-000677",TRUE,"SCLC","SIM-F046",54,"Female","Other",1,"Extensive",2013,NA,"Middle","Academic",0,17,NA,943.120377152846,1
"SYN-SCLC-000678",TRUE,"SCLC","SIM-F033",57,"Female","Hispanic",0,"Extensive",2021,"Private","Higher","Community",1,34,NA,42.478066977821,1
"SYN-SCLC-000679",TRUE,"SCLC","SIM-F032",43,"Male","Other",0,"Limited",2015,"Private","Higher","Academic",1,19,41,1552.6907324174,0
"SYN-SCLC-000680",TRUE,"SCLC","SIM-F046",59,"Male","Hispanic",1,"Extensive",2018,"Public","Middle",NA,1,33,54,275.9036901701,1
"SYN-SCLC-000681",TRUE,"SCLC","SIM-F005",43,"Male","Other",0,"Extensive",2018,"Public","Lower","Community",1,26,63,704.043929215121,1
"SYN-SCLC-000682",TRUE,"SCLC","SIM-F049",61,"Female","Other",0,"Extensive",2018,"Public","Lower","Academic",0,NA,NA,17.6759432051692,1
"SYN-SCLC-000683",TRUE,"SCLC","SIM-F054",80,"Male","Other",1,"Extensive",2021,"Public","Higher","Integrated",1,20,50,138.613895093244,1
"SYN-SCLC-000684",TRUE,"SCLC","SIM-F041",51,"Male","Black",1,"Limited",2020,"Public","Lower","Academic",1,42,51,446.867161483013,1
"SYN-SCLC-000685",TRUE,"SCLC","SIM-F047",71,"Female","Black",0,"Extensive",2011,"Public","Higher","Integrated",1,15,45,592.295272512767,1
"SYN-SCLC-000686",TRUE,"SCLC","SIM-F019",67,"Female","Other",1,"Extensive",2020,"Private","Higher","Academic",0,19,NA,315.307979722171,1
"SYN-SCLC-000687",TRUE,"SCLC","SIM-F014",82,"Male","Other",0,"Extensive",2016,"Public","Lower","Integrated",0,25,NA,311.845192967988,1
"SYN-SCLC-000688",TRUE,"SCLC","SIM-F051",48,"Female","Other",0,"Extensive",2022,"Private","Higher","Community",1,35,52,126.325468033118,1
"SYN-SCLC-000689",TRUE,"SCLC","SIM-F006",53,"Female","Hispanic",1,"Extensive",2019,"Private","Middle","Integrated",1,25,46,834.783007587818,1
"SYN-SCLC-000690",TRUE,"SCLC","SIM-F023",68,"Female","Other",0,"Extensive",2022,"Private","Higher","Integrated",0,28,NA,1430.36594388373,1
"SYN-SCLC-000691",TRUE,"SCLC","SIM-F052",40,"Male","Hispanic",1,"Extensive",2021,NA,"Lower","Academic",1,27,42,1309.58181296242,0
"SYN-SCLC-000692",TRUE,"SCLC","SIM-F060",67,"Female","Other",0,"Extensive",2012,"Private","Middle","Academic",1,11,28,287.689543837672,1
"SYN-SCLC-000693",TRUE,"SCLC","SIM-F008",61,"Male","Black",1,"Extensive",2020,"Public","Middle",NA,1,24,30,328.067823890348,1
"SYN-SCLC-000694",TRUE,"SCLC","SIM-F031",75,"Male","Other",2,"Extensive",2016,"Public","Higher","Academic",0,28,NA,528.220326626226,1
"SYN-SCLC-000695",TRUE,"SCLC","SIM-F008",79,"Female","Other",1,"Extensive",2012,"Private","Middle","Academic",0,5,NA,11.2434764689043,1
"SYN-SCLC-000696",TRUE,"SCLC","SIM-F060",42,"Female","Hispanic",0,"Extensive",2020,NA,NA,"Academic",1,21,41,638.748149815868,1
"SYN-SCLC-000697",TRUE,"SCLC","SIM-F012",65,"Male","Other",1,"Extensive",2020,"Public",NA,"Community",0,13,NA,783.880025127474,1
"SYN-SCLC-000698",TRUE,"SCLC","SIM-F002",48,"Male","Hispanic",0,"Extensive",2014,"Private","Lower","Academic",1,16,43,123.977577140051,1
"SYN-SCLC-000699",TRUE,"SCLC","SIM-F046",56,"Female","Black",0,"Extensive",2013,"Private","Lower","Academic",1,23,29,540.757375371274,1
"SYN-SCLC-000700",TRUE,"SCLC","SIM-F050",59,"Male","Other",0,"Extensive",2010,"Private","Higher","Academic",1,38,57,283.840814401722,1
"SYN-SCLC-000701",TRUE,"SCLC","SIM-F013",71,"Female","Hispanic",0,"Limited",2013,"Private","Lower","Integrated",1,22,45,244.491847416428,1
"SYN-SCLC-000702",TRUE,"SCLC","SIM-F029",37,"Male","Other",0,"Extensive",2011,"Private","Lower","Integrated",1,41,80,1317.67269382816,1
"SYN-SCLC-000703",TRUE,"SCLC","SIM-F033",90,"Male","Hispanic",1,"Extensive",2011,"Public",NA,"Community",0,41,NA,154.75015141171,1
"SYN-SCLC-000704",TRUE,"SCLC","SIM-F005",65,"Male","Hispanic",0,"Extensive",2014,"Public","Lower","Community",NA,100,NA,536.067131458193,1
"SYN-SCLC-000705",TRUE,"SCLC","SIM-F017",70,"Male","Black",0,"Limited",2011,"Public","Higher","Academic",0,27,NA,79.4773245563253,1
"SYN-SCLC-000706",TRUE,"SCLC","SIM-F047",68,"Male","Hispanic",0,"Extensive",2012,"Public","Middle","Integrated",1,18,50,295.866948709425,1
"SYN-SCLC-000707",TRUE,"SCLC","SIM-F043",48,"Male","Hispanic",0,"Extensive",2014,NA,"Middle","Integrated",0,9,NA,1622.78181208213,1
"SYN-SCLC-000708",TRUE,"SCLC","SIM-F011",62,"Male","Hispanic",2,"Extensive",2012,"Private","Lower",NA,0,44,NA,123.699770952365,1
"SYN-SCLC-000709",TRUE,"SCLC","SIM-F043",47,"Male","Hispanic",0,"Extensive",2020,"Private","Higher","Integrated",1,11,14,1957.34617635759,1
"SYN-SCLC-000710",TRUE,"SCLC","SIM-F018",57,"Male","Other",1,"Extensive",2011,"Public","Lower","Integrated",0,32,NA,411.452781257631,1
"SYN-SCLC-000711",TRUE,"SCLC","SIM-F006",55,"Female","Black",1,"Extensive",2021,"Private","Higher","Integrated",1,19,56,455.864577800041,1
"SYN-SCLC-000712",TRUE,"SCLC","SIM-F047",79,"Male","Black",1,"Extensive",2016,"Public","Middle","Integrated",0,30,NA,70.9263632243206,1
"SYN-SCLC-000713",TRUE,"SCLC","SIM-F020",42,"Female","Other",0,"Extensive",2019,"Private","Middle","Community",1,23,52,1289.62523586466,0
"SYN-SCLC-000714",TRUE,"SCLC","SIM-F011",68,"Female","Black",0,"Extensive",2021,"Public","Higher","Integrated",0,23,NA,643.033661979702,1
"SYN-SCLC-000715",TRUE,"SCLC","SIM-F027",60,"Female","Hispanic",0,"Extensive",2014,NA,"Lower","Integrated",0,20,NA,1969.60447791473,1
"SYN-SCLC-000716",TRUE,"SCLC","SIM-F009",63,"Male","Other",0,"Extensive",2011,"Public","Lower","Community",0,7,NA,263.124359731115,1
"SYN-SCLC-000717",TRUE,"SCLC","SIM-F038",90,"Male","Black",1,"Extensive",2011,"Public","Higher","Community",0,20,NA,21.8150506743261,1
"SYN-SCLC-000718",TRUE,"SCLC","SIM-F007",56,"Male","Black",0,"Extensive",2017,"Public","Higher","Academic",1,19,47,500.603324307576,1
"SYN-SCLC-000719",TRUE,"SCLC","SIM-F028",39,"Female","Other",0,"Extensive",2015,"Private","Lower","Community",0,44,NA,477.716419843848,0
"SYN-SCLC-000720",TRUE,"SCLC","SIM-F019",61,"Male","Other",0,"Limited",2018,"Public","Middle","Academic",0,20,NA,243.469435424488,1
"SYN-SCLC-000721",TRUE,"SCLC","SIM-F014",66,"Female","Hispanic",1,"Extensive",2015,"Public","Lower",NA,0,40,NA,157.698161279257,1
"SYN-SCLC-000722",TRUE,"SCLC","SIM-F009",73,"Male","Black",1,"Extensive",2019,NA,"Middle","Community",1,15,55,1304.6033292224,1
"SYN-SCLC-000723",TRUE,"SCLC","SIM-F020",64,"Female","Black",0,"Extensive",2012,"Private","Lower","Community",0,8,NA,128.700215286181,1
"SYN-SCLC-000724",TRUE,"SCLC","SIM-F020",74,"Female","Other",0,"Extensive",2010,"Public","Lower","Community",0,17,NA,224.019699013629,1
"SYN-SCLC-000725",TRUE,"SCLC","SIM-F018",62,"Female","Other",1,"Limited",2020,"Private","Middle","Integrated",0,36,NA,664.936394405227,1
"SYN-SCLC-000726",TRUE,"SCLC","SIM-F034",72,"Female","Black",0,"Extensive",2020,"Private","Middle","Community",0,100,NA,767.835352996868,1
"SYN-SCLC-000727",TRUE,"SCLC","SIM-F014",49,"Female","Hispanic",0,"Extensive",2013,"Public",NA,"Integrated",0,6,NA,54.8022998296354,1
"SYN-SCLC-000728",TRUE,"SCLC","SIM-F053",71,"Male","Black",0,"Extensive",2022,"Public","Higher","Academic",0,35,NA,1302.20408767791,1
"SYN-SCLC-000729",TRUE,"SCLC","SIM-F019",60,"Female","Black",0,"Extensive",2012,"Private","Lower","Academic",1,13,36,69.9530480057001,0
"SYN-SCLC-000730",TRUE,"SCLC","SIM-F047",52,"Male","Hispanic",1,"Extensive",2019,"Public","Lower","Integrated",1,35,69,254.477122796106,1
"SYN-SCLC-000731",TRUE,"SCLC","SIM-F046",86,"Male","Other",1,"Extensive",2020,"Public","Lower","Academic",1,15,26,96.9552057480877,1
"SYN-SCLC-000732",TRUE,"SCLC","SIM-F034",70,"Male","Other",1,"Extensive",2019,"Private","Higher","Community",1,41,58,1200.81199269497,1
"SYN-SCLC-000733",TRUE,"SCLC","SIM-F010",66,"Female","Black",NA,"Extensive",2012,"Private","Middle","Integrated",0,5,NA,136.880382595105,1
"SYN-SCLC-000734",TRUE,"SCLC","SIM-F008",74,"Male","Black",2,"Extensive",2013,"Public","Higher","Academic",0,33,NA,358.593386511784,1
"SYN-SCLC-000735",TRUE,"SCLC","SIM-F024",66,"Female","Other",0,"Extensive",2013,"Public","Higher","Integrated",1,21,36,287.092892470378,1
"SYN-SCLC-000736",TRUE,"SCLC","SIM-F060",58,"Female","Hispanic",0,"Extensive",2020,"Private",NA,"Academic",1,7,38,2399.96085162085,1
"SYN-SCLC-000737",TRUE,"SCLC","SIM-F044",52,"Female","Black",0,"Extensive",2021,"Private","Higher","Academic",1,12,52,630.186463520501,1
"SYN-SCLC-000738",TRUE,"SCLC","SIM-F045",69,"Female","Black",2,"Extensive",2014,"Public","Higher","Community",0,12,NA,383.115518430456,1
"SYN-SCLC-000739",TRUE,"SCLC","SIM-F003",54,"Male","Black",1,"Extensive",2015,"Private","Middle","Integrated",1,42,57,2074.661594437,1
"SYN-SCLC-000740",TRUE,"SCLC","SIM-F046",57,"Male","Hispanic",0,"Extensive",2016,"Public","Middle","Academic",0,43,NA,81.9192342096073,1
"SYN-SCLC-000741",TRUE,"SCLC","SIM-F005",45,"Male","Other",1,"Extensive",2022,"Private",NA,"Community",0,NA,NA,NA,1
"SYN-SCLC-000742",TRUE,"SCLC","SIM-F032",83,"Male","Black",1,"Extensive",2019,"Public","Higher","Academic",0,NA,NA,1.62977053634228,1
"SYN-SCLC-000743",TRUE,"SCLC","SIM-F059",61,"Female","Other",1,"Extensive",2012,"Private","Higher","Academic",0,9,NA,370.012922680398,1
"SYN-SCLC-000744",TRUE,"SCLC","SIM-F056",76,"Male","Hispanic",0,"Extensive",2015,"Public",NA,"Academic",0,19,NA,134.225731363719,1
"SYN-SCLC-000745",TRUE,"SCLC","SIM-F050",55,"Male","Black",1,"Extensive",2019,"Public","Middle","Academic",0,27,NA,1599.72655671607,1
"SYN-SCLC-000746",TRUE,"SCLC","SIM-F041",88,"Male","Hispanic",1,"Extensive",2011,"Private","Higher","Academic",0,22,NA,110.156006601528,1
"SYN-SCLC-000747",TRUE,"SCLC","SIM-F053",63,"Male","Black",1,"Extensive",2013,"Private","Lower","Academic",1,41,43,118.370180362696,1
"SYN-SCLC-000748",TRUE,"SCLC","SIM-F056",87,"Male","Hispanic",0,"Extensive",2017,"Public","Middle","Academic",0,17,NA,285.998859959201,1
"SYN-SCLC-000749",TRUE,"SCLC","SIM-F025",54,"Female","Black",1,"Extensive",2011,"Private","Middle","Integrated",0,25,NA,1241.98229010493,1
"SYN-SCLC-000750",TRUE,"SCLC","SIM-F041",51,"Male","Black",0,"Extensive",2011,"Private","Middle","Academic",NA,37,NA,38.7811390546653,1
"SYN-SCLC-000751",TRUE,"SCLC","SIM-F041",56,"Female","Black",0,"Extensive",2014,"Private","Higher","Academic",0,9,NA,2068.67776531378,1
"SYN-SCLC-000752",TRUE,"SCLC","SIM-F030",55,"Male","Other",1,"Extensive",2020,"Private","Higher","Academic",1,43,45,758.374414226497,1
"SYN-SCLC-000753",TRUE,"SCLC","SIM-F035",58,"Male","Black",0,"Limited",2014,"Private","Higher","Integrated",0,35,NA,87.0280382719659,1
"SYN-SCLC-000754",TRUE,"SCLC","SIM-F040",53,"Female","Black",1,"Extensive",2016,NA,"Middle",NA,1,38,NA,41.5760121652537,1
"SYN-SCLC-000755",TRUE,"SCLC","SIM-F014",58,"Female","Other",1,"Limited",2014,"Public","Middle","Integrated",0,21,NA,182.552326736924,1
"SYN-SCLC-000756",TRUE,"SCLC","SIM-F001",53,"Female","Other",0,"Limited",2014,"Private","Middle","Community",0,28,NA,543.740413406717,1
"SYN-SCLC-000757",TRUE,"SCLC","SIM-F013",64,"Male","Black",0,"Extensive",2021,"Public","Middle","Integrated",1,30,33,1022.42042060327,1
"SYN-SCLC-000758",TRUE,"SCLC","SIM-F041",63,"Male","Hispanic",1,"Extensive",2010,"Public","Higher","Academic",0,19,NA,309.726413993049,1
"SYN-SCLC-000759",TRUE,"SCLC","SIM-F041",46,"Female","Other",1,"Extensive",2021,"Public","Higher","Academic",1,5,28,229.598463661202,1
"SYN-SCLC-000760",TRUE,"SCLC","SIM-F053",43,"Female","Black",0,"Extensive",2017,"Public","Higher",NA,1,38,67,705.340853149894,1
"SYN-SCLC-000761",TRUE,"SCLC","SIM-F045",58,"Female","Other",0,"Extensive",2021,"Private",NA,"Community",1,38,58,254.898236452484,1
"SYN-SCLC-000762",TRUE,"SCLC","SIM-F042",57,"Male","Other",1,"Extensive",2017,"Private","Higher","Academic",1,39,79,2024.88399390188,1
"SYN-SCLC-000763",TRUE,"SCLC","SIM-F040",40,"Female","Black",0,"Extensive",2012,"Public","Middle","Community",1,22,34,47.8853252094472,0
"SYN-SCLC-000764",TRUE,"SCLC","SIM-F026",80,"Male","Hispanic",1,"Extensive",2013,"Private","Lower","Academic",0,40,NA,233.229680649082,1
"SYN-SCLC-000765",TRUE,"SCLC","SIM-F057",77,"Male","Hispanic",1,"Extensive",2022,"Private","Middle","Community",1,7,31,87.9965275509866,1
"SYN-SCLC-000766",TRUE,"SCLC","SIM-F056",70,"Female","Black",1,"Extensive",2010,"Private","Middle","Academic",0,29,NA,37.8455116140635,1
"SYN-SCLC-000767",TRUE,"SCLC","SIM-F009",73,"Female","Black",2,"Extensive",2022,"Private","Higher","Community",0,10,NA,155.333405221285,1
"SYN-SCLC-000768",TRUE,"SCLC","SIM-F049",67,"Male","Hispanic",1,"Extensive",2022,"Private","Higher","Academic",1,37,45,357.906820091073,1
"SYN-SCLC-000769",TRUE,"SCLC","SIM-F017",52,"Male","Other",1,"Extensive",2021,"Private","Lower","Academic",1,11,44,832.140973042555,1
"SYN-SCLC-000770",TRUE,"SCLC","SIM-F025",90,"Female","Hispanic",1,"Extensive",2010,"Public","Middle","Integrated",0,42,NA,146.196965640658,1
"SYN-SCLC-000771",TRUE,"SCLC","SIM-F018",53,"Male","Hispanic",0,"Extensive",2011,"Private","Middle","Integrated",1,26,66,615.892818416262,0
"SYN-SCLC-000772",TRUE,"SCLC","SIM-F028",69,"Male","Hispanic",0,"Extensive",2015,NA,"Middle",NA,0,44,NA,50.1918970959235,1
"SYN-SCLC-000773",TRUE,"SCLC","SIM-F002",80,"Female","Black",1,"Extensive",2010,"Private","Lower","Academic",1,30,66,160.163789669551,1
"SYN-SCLC-000774",TRUE,"SCLC","SIM-F016",79,"Female","Other",0,"Extensive",2013,"Public",NA,"Academic",0,37,NA,378.247707226349,1
"SYN-SCLC-000775",TRUE,"SCLC","SIM-F056",62,"Male","Other",0,"Limited",2021,"Public","Middle","Academic",0,22,NA,1536.94532888494,1
"SYN-SCLC-000776",TRUE,"SCLC","SIM-F006",76,"Male","Black",0,"Extensive",2011,"Public","Lower","Integrated",1,24,48,407.37028217033,1
"SYN-SCLC-000777",TRUE,"SCLC","SIM-F048",68,"Male","Hispanic",0,"Extensive",2019,"Public","Middle",NA,0,44,NA,259.125785911568,1
"SYN-SCLC-000778",TRUE,"SCLC","SIM-F043",59,"Female","Hispanic",0,"Limited",2015,"Private","Lower","Integrated",1,38,50,85.5987244370327,1
"SYN-SCLC-000779",TRUE,"SCLC","SIM-F050",55,"Male","Black",1,"Limited",2011,"Private","Lower","Academic",NA,37,NA,456.840797094721,1
"SYN-SCLC-000780",TRUE,"SCLC","SIM-F052",73,"Female","Black",0,"Extensive",2014,"Private","Higher",NA,1,23,46,187.408755932755,1
"SYN-SCLC-000781",TRUE,"SCLC","SIM-F016",55,"Female","Hispanic",1,"Extensive",2018,"Private","Middle","Academic",0,8,NA,220.226516753917,1
"SYN-SCLC-000782",TRUE,"SCLC","SIM-F016",64,"Female","Other",1,"Extensive",2018,"Public","Middle","Academic",0,42,NA,646.029730553268,1
"SYN-SCLC-000783",TRUE,"SCLC","SIM-F021",77,"Male","Black",0,"Extensive",2017,"Private","Middle","Community",1,6,34,118.100794958518,1
"SYN-SCLC-000784",TRUE,"SCLC","SIM-F020",63,"Male","Black",1,"Extensive",2021,"Public","Lower","Community",1,38,45,723.561842811745,1
"SYN-SCLC-000785",TRUE,"SCLC","SIM-F009",58,"Female","Black",NA,"Extensive",2021,NA,"Higher","Community",1,44,61,353.005941951725,1
"SYN-SCLC-000786",TRUE,"SCLC","SIM-F005",53,"Female","Black",0,"Extensive",2020,"Private","Lower","Community",1,35,43,2435.07647499908,1
"SYN-SCLC-000787",TRUE,"SCLC","SIM-F006",37,"Female","Other",0,"Extensive",2015,"Private","Higher","Integrated",1,45,63,779.795745920481,1
"SYN-SCLC-000788",TRUE,"SCLC","SIM-F044",59,"Female","Black",2,"Extensive",2020,"Public","Middle","Academic",1,20,21,NA,1
"SYN-SCLC-000789",TRUE,"SCLC","SIM-F014",47,"Male","Black",1,"Extensive",2015,"Public","Middle","Integrated",1,14,27,1093.37064094209,1
"SYN-SCLC-000790",TRUE,"SCLC","SIM-F007",69,"Male","Other",0,"Extensive",2017,"Private","Middle","Academic",0,41,NA,568.295615195996,1
"SYN-SCLC-000791",TRUE,"SCLC","SIM-F039",64,"Male","Other",2,"Extensive",2019,"Public","Middle","Integrated",0,12,NA,359.521014391962,1
"SYN-SCLC-000792",TRUE,"SCLC","SIM-F007",50,"Male","Other",0,"Extensive",2010,"Private","Lower","Academic",0,5,NA,967.846748251022,1
"SYN-SCLC-000793",TRUE,"SCLC","SIM-F002",70,"Female","Hispanic",0,"Extensive",2018,"Public","Lower","Academic",0,27,NA,157.550207924016,1
"SYN-SCLC-000794",TRUE,"SCLC","SIM-F041",85,"Male","Hispanic",2,"Extensive",2015,"Public","Lower","Academic",1,27,NA,45.3770515658961,1
"SYN-SCLC-000795",TRUE,"SCLC","SIM-F041",52,"Male","Hispanic",0,"Extensive",2015,"Private","Middle","Academic",1,17,20,679.143241292523,1
"SYN-SCLC-000796",TRUE,"SCLC","SIM-F060",61,"Male","Black",0,"Limited",2020,"Private","Middle","Academic",1,NA,NA,4.00110972992432,1
"SYN-SCLC-000797",TRUE,"SCLC","SIM-F001",40,"Female","Black",0,"Limited",2020,"Public","Middle","Community",1,35,64,1472.07796339413,1
"SYN-SCLC-000798",TRUE,"SCLC","SIM-F056",86,"Male","Hispanic",0,"Extensive",2019,"Public","Middle","Academic",0,NA,NA,13.1276656981687,1
"SYN-SCLC-000799",TRUE,"SCLC","SIM-F033",84,"Male","Other",0,"Extensive",2021,"Public","Higher","Community",0,15,NA,382.32824569984,1
"SYN-SCLC-000800",TRUE,"SCLC","SIM-F005",66,"Male","Other",0,"Extensive",2010,NA,"Higher","Community",0,18,NA,62.1222944564601,1
"SYN-SCLC-000801",TRUE,"SCLC","SIM-F002",83,"Female","Black",0,"Limited",2017,"Public",NA,"Academic",1,18,44,2675.89617576101,0
"SYN-SCLC-000802",TRUE,"SCLC","SIM-F014",71,"Female","Hispanic",0,"Extensive",2014,"Private","Lower","Integrated",0,7,NA,1285.64764052859,1
"SYN-SCLC-000803",TRUE,"SCLC","SIM-F026",73,"Male","Hispanic",1,"Limited",2014,"Public","Middle","Academic",1,38,70,456.481111904072,1
"SYN-SCLC-000804",TRUE,"SCLC","SIM-F008",66,"Male","Hispanic",0,"Extensive",2022,"Public","Lower","Academic",1,14,20,588.757953793371,1
"SYN-SCLC-000805",TRUE,"SCLC","SIM-F004",62,"Female","Hispanic",1,"Extensive",2018,"Private","Middle","Community",0,NA,NA,20.0954361277911,1
"SYN-SCLC-000806",TRUE,"SCLC","SIM-F009",59,"Male","Other",1,"Extensive",2013,"Private",NA,"Community",0,44,NA,109.665696542387,1
"SYN-SCLC-000807",TRUE,"SCLC","SIM-F038",56,"Male","Black",1,"Extensive",2021,"Public","Higher","Community",1,19,21,1413.23240939761,0
"SYN-SCLC-000808",TRUE,"SCLC","SIM-F041",35,"Male","Other",1,"Extensive",2022,"Public","Higher","Academic",1,10,41,1574.16295404184,1
"SYN-SCLC-000809",TRUE,"SCLC","SIM-F021",59,"Male","Black",1,"Limited",2012,"Public","Higher","Community",1,100,29,52.1322977936207,1
"SYN-SCLC-000810",TRUE,"SCLC","SIM-F019",46,"Female","Black",0,"Extensive",2016,"Public",NA,"Academic",0,24,NA,315.406491849571,0
"SYN-SCLC-000811",TRUE,"SCLC","SIM-F003",51,"Male","Black",1,"Extensive",2014,"Private","Middle","Integrated",0,25,NA,249.870450362728,1
"SYN-SCLC-000812",TRUE,"SCLC","SIM-F013",46,"Female","Black",0,"Extensive",2017,"Private","Higher","Integrated",0,30,NA,202.977712954586,1
"SYN-SCLC-000813",TRUE,"SCLC","SIM-F037",33,"Male","Other",0,"Extensive",2014,"Private","Middle","Community",0,33,NA,186.215012005268,1
"SYN-SCLC-000814",TRUE,"SCLC","SIM-F049",48,"Male","Hispanic",0,"Limited",2017,"Private","Middle","Academic",1,43,58,1745.0224096328,0
"SYN-SCLC-000815",TRUE,"SCLC","SIM-F005",61,"Female","Hispanic",2,"Extensive",2013,"Private",NA,"Community",1,18,25,562.918556381878,1
"SYN-SCLC-000816",TRUE,"SCLC","SIM-F060",50,"Female","Hispanic",0,"Extensive",2022,"Private","Lower","Academic",1,41,52,682.817132339098,1
"SYN-SCLC-000817",TRUE,"SCLC","SIM-F020",49,"Male","Hispanic",1,"Extensive",2013,"Private","Lower",NA,0,25,NA,273.512543130996,1
"SYN-SCLC-000818",TRUE,"SCLC","SIM-F027",65,"Female","Hispanic",1,"Limited",2020,"Public","Higher","Integrated",0,14,NA,348.235587582736,1
"SYN-SCLC-000819",TRUE,"SCLC","SIM-F040",60,"Male","Black",1,"Extensive",2014,"Public","Lower","Community",0,20,NA,445.293653464622,1
"SYN-SCLC-000820",TRUE,"SCLC","SIM-F020",59,"Male","Black",2,"Extensive",2013,"Private","Higher","Community",1,16,54,263.396607274914,1
"SYN-SCLC-000821",TRUE,"SCLC","SIM-F037",75,"Female","Other",1,"Extensive",2021,"Private","Lower","Community",1,19,58,234.392267087427,1
"SYN-SCLC-000822",TRUE,"SCLC","SIM-F034",32,"Female","Black",1,"Extensive",2018,"Private","Lower","Community",1,27,36,1476.77136031506,1
"SYN-SCLC-000823",TRUE,"SCLC","SIM-F036",90,"Female","Hispanic",1,"Extensive",2021,"Public","Higher","Academic",0,33,NA,279.930664082489,1
"SYN-SCLC-000824",TRUE,"SCLC","SIM-F007",35,"Male","Hispanic",0,"Extensive",2019,"Private","Lower","Academic",1,44,55,416.553839668579,1
"SYN-SCLC-000825",TRUE,"SCLC","SIM-F051",65,"Male","Hispanic",0,"Limited",2014,"Private","Lower",NA,NA,21,NA,120.704127210466,1
"SYN-SCLC-000826",TRUE,"SCLC","SIM-F004",49,"Female","Black",1,"Extensive",2010,"Private","Higher",NA,1,16,48,378.601931124374,1
"SYN-SCLC-000827",TRUE,"SCLC","SIM-F048",71,"Female","Black",1,"Extensive",2015,"Public",NA,"Community",0,38,NA,446.9563716568,1
"SYN-SCLC-000828",TRUE,"SCLC","SIM-F008",52,"Female","Other",0,"Extensive",2018,"Private","Lower","Academic",1,24,48,241.415818171651,1
"SYN-SCLC-000829",TRUE,"SCLC","SIM-F033",53,"Female","Hispanic",0,"Extensive",2015,"Public","Higher",NA,0,40,NA,1211.18203881145,1
"SYN-SCLC-000830",TRUE,"SCLC","SIM-F041",63,"Male","Other",1,"Extensive",2014,"Private","Middle","Academic",1,31,33,736.012064817355,1
"SYN-SCLC-000831",TRUE,"SCLC","SIM-F055",81,"Female","Other",0,"Extensive",2013,"Public",NA,"Academic",0,21,NA,552.774827187414,1
"SYN-SCLC-000832",TRUE,"SCLC","SIM-F052",54,"Male","Other",0,"Extensive",2020,"Private","Higher","Academic",1,8,37,1559.44582823082,0
"SYN-SCLC-000833",TRUE,"SCLC","SIM-F053",31,"Male","Hispanic",1,"Extensive",2018,"Private","Middle","Academic",1,32,71,391.639982084516,1
"SYN-SCLC-000834",TRUE,"SCLC","SIM-F011",71,"Female","Black",1,"Extensive",2015,"Public",NA,"Integrated",1,44,58,234.555038329613,1
"SYN-SCLC-000835",TRUE,"SCLC","SIM-F036",74,"Female","Other",1,"Extensive",2014,"Private","Lower",NA,1,33,44,390.348118419811,1
"SYN-SCLC-000836",TRUE,"SCLC","SIM-F042",50,"Male","Hispanic",1,"Extensive",2022,"Public","Lower","Academic",0,9,NA,353.886698431274,1
"SYN-SCLC-000837",TRUE,"SCLC","SIM-F021",57,"Male","Other",1,"Limited",2020,"Public","Lower","Community",1,36,60,552.672590097661,1
"SYN-SCLC-000838",TRUE,"SCLC","SIM-F019",77,"Male","Hispanic",0,"Extensive",2014,"Public","Middle","Academic",1,27,60,194.355951434007,1
"SYN-SCLC-000839",TRUE,"SCLC","SIM-F003",55,"Male","Black",1,"Extensive",2014,"Public","Higher","Integrated",0,5,NA,182.86474970762,NA
"SYN-SCLC-000840",TRUE,"SCLC","SIM-F043",72,"Male","Black",0,"Extensive",2015,"Public","Lower","Integrated",1,NA,NA,5.41170156079887,1
"SYN-SCLC-000841",TRUE,"SCLC","SIM-F033",59,"Female","Other",0,"Limited",2011,"Private","Lower","Community",0,20,NA,1241.86958675472,1
"SYN-SCLC-000842",TRUE,"SCLC","SIM-F041",72,"Male","Hispanic",0,"Extensive",2018,"Public","Lower","Academic",0,23,NA,402.492986287517,1
"SYN-SCLC-000843",TRUE,"SCLC","SIM-F023",72,"Male","Other",0,"Extensive",2017,"Public","Middle","Integrated",1,42,56,591.023174022407,1
"SYN-SCLC-000844",TRUE,"SCLC","SIM-F020",68,"Male","Other",1,"Extensive",2015,"Private","Lower","Community",0,36,NA,621.631530115529,1
"SYN-SCLC-000845",TRUE,"SCLC","SIM-F020",81,"Female","Black",1,"Extensive",2011,"Private",NA,"Community",0,NA,NA,4.56334136357207,1
"SYN-SCLC-000846",TRUE,"SCLC","SIM-F030",50,"Female","Hispanic",0,"Extensive",2022,"Private","Higher","Academic",0,14,NA,155.041492450586,1
"SYN-SCLC-000847",TRUE,"SCLC","SIM-F032",65,"Female","Other",0,"Extensive",2020,"Public","Higher","Academic",1,11,37,224.13664455565,1
"SYN-SCLC-000848",TRUE,"SCLC","SIM-F060",43,"Male","Black",0,"Extensive",2018,"Private","Lower",NA,1,16,NA,1761.30005020765,0
"SYN-SCLC-000849",TRUE,"SCLC","SIM-F031",63,"Female","Hispanic",0,"Extensive",2014,"Public",NA,"Academic",1,21,27,1056.8481463406,1
"SYN-SCLC-000850",TRUE,"SCLC","SIM-F009",62,"Male","Black",0,"Limited",2012,"Private","Lower","Community",0,36,NA,128.922444574515,1
"SYN-SCLC-000851",TRUE,"SCLC","SIM-F019",40,"Female","Other",0,"Extensive",2018,"Private","Middle","Academic",0,17,NA,644.929604317559,1
"SYN-SCLC-000852",TRUE,"SCLC","SIM-F025",54,"Female","Black",1,"Extensive",2021,"Public","Middle",NA,1,39,NA,42.1508761820941,1
"SYN-SCLC-000853",TRUE,"SCLC","SIM-F021",56,"Male","Other",2,"Extensive",2019,"Private","Higher","Community",0,43,NA,618.943940786415,1
"SYN-SCLC-000854",TRUE,"SCLC","SIM-F045",82,"Female","Other",0,"Extensive",2012,"Public","Middle","Community",0,11,NA,700.212587131489,1
"SYN-SCLC-000855",TRUE,"SCLC","SIM-F018",74,"Male","Black",0,"Extensive",2020,"Public","Lower","Integrated",0,31,NA,767.852355332813,1
"SYN-SCLC-000856",TRUE,"SCLC","SIM-F018",50,"Male","Other",1,"Extensive",2017,"Public","Lower","Integrated",1,11,48,900.529191788911,1
"SYN-SCLC-000857",TRUE,"SCLC","SIM-F010",68,"Male","Hispanic",1,"Extensive",2014,"Private","Lower","Integrated",0,24,NA,124.429118343144,1
"SYN-SCLC-000858",TRUE,"SCLC","SIM-F057",37,"Male","Other",0,"Extensive",2014,NA,"Lower","Community",1,40,42,2128.70026750908,1
"SYN-SCLC-000859",TRUE,"SCLC","SIM-F053",72,"Female","Black",1,"Extensive",2017,"Public","Lower","Academic",1,25,59,138.533299892192,1
"SYN-SCLC-000860",TRUE,"SCLC","SIM-F056",90,"Male","Black",1,"Extensive",2010,"Public","Middle","Academic",0,11,NA,193.757166872336,1
"SYN-SCLC-000861",TRUE,"SCLC","SIM-F017",47,"Male","Hispanic",1,"Limited",2013,"Private","Higher","Academic",1,37,66,425.6818992269,1
"SYN-SCLC-000862",TRUE,"SCLC","SIM-F029",49,"Female","Hispanic",2,"Extensive",2020,"Private","Middle","Integrated",1,9,20,2188.7808175274,1
"SYN-SCLC-000863",TRUE,"SCLC","SIM-F030",49,"Male","Other",1,"Extensive",2018,"Private","Lower","Academic",1,43,48,240.258076542946,1
"SYN-SCLC-000864",TRUE,"SCLC","SIM-F007",69,"Male","Black",1,"Extensive",2013,"Public","Lower","Academic",0,14,NA,574.860229554313,1
"SYN-SCLC-000865",TRUE,"SCLC","SIM-F002",47,"Female","Hispanic",1,"Extensive",2022,"Private","Middle",NA,1,43,77,170.665877786018,1
"SYN-SCLC-000866",TRUE,"SCLC","SIM-F040",70,"Female","Hispanic",1,"Extensive",2014,"Private",NA,"Community",1,38,40,NA,1
"SYN-SCLC-000867",TRUE,"SCLC","SIM-F052",49,"Male","Hispanic",2,"Extensive",2010,"Private","Middle","Academic",0,35,NA,716.043936335433,1
"SYN-SCLC-000868",TRUE,"SCLC","SIM-F014",85,"Female","Other",1,"Limited",2017,"Public","Higher","Integrated",0,NA,NA,9.26344936283587,1
"SYN-SCLC-000869",TRUE,"SCLC","SIM-F006",72,"Male","Hispanic",0,"Extensive",2018,"Public","Middle","Integrated",0,8,NA,160.474224921753,1
"SYN-SCLC-000870",TRUE,"SCLC","SIM-F005",66,"Female","Other",0,"Extensive",2011,"Public","Lower","Community",1,30,68,442.152123143634,1
"SYN-SCLC-000871",TRUE,"SCLC","SIM-F013",71,"Male","Black",2,"Extensive",2013,"Private","Middle","Integrated",0,11,NA,275.911988054193,0
"SYN-SCLC-000872",TRUE,"SCLC","SIM-F009",57,"Female","Other",0,"Extensive",2013,"Public","Lower","Community",1,40,74,1130.28476316964,1
"SYN-SCLC-000873",TRUE,"SCLC","SIM-F055",62,"Male","Other",0,"Extensive",2011,"Public",NA,"Academic",1,6,35,1085.74873053846,1
"SYN-SCLC-000874",TRUE,"SCLC","SIM-F029",55,"Female","Other",0,"Extensive",2018,"Public","Higher","Integrated",0,7,NA,82.1897734821936,1
"SYN-SCLC-000875",TRUE,"SCLC","SIM-F020",52,"Male","Black",0,"Limited",2014,"Private","Higher","Community",1,34,55,2366.35951965232,0
"SYN-SCLC-000876",TRUE,"SCLC","SIM-F019",74,"Female","Hispanic",1,"Extensive",2021,"Public","Middle","Academic",1,8,14,543.851047563184,1
"SYN-SCLC-000877",TRUE,"SCLC","SIM-F009",64,"Female","Hispanic",0,"Extensive",2013,"Public","Lower",NA,1,38,76,376.980530104877,1
"SYN-SCLC-000878",TRUE,"SCLC","SIM-F004",65,"Male","Hispanic",0,"Extensive",2018,"Public","Higher","Community",1,33,52,902.845902232972,1
"SYN-SCLC-000879",TRUE,"SCLC","SIM-F014",80,"Male","Hispanic",1,"Extensive",2021,"Private","Lower","Integrated",0,28,NA,323.3475509665,1
"SYN-SCLC-000880",TRUE,"SCLC","SIM-F055",62,"Female","Black",0,"Extensive",2010,"Private","Lower","Academic",1,100,54,534.090632383127,1
"SYN-SCLC-000881",TRUE,"SCLC","SIM-F052",43,"Male","Other",1,"Limited",2013,"Private","Lower","Academic",0,5,NA,117.482142971368,1
"SYN-SCLC-000882",TRUE,"SCLC","SIM-F002",58,"Male","Black",1,"Extensive",2012,"Public","Middle","Academic",1,40,41,858.228481887818,1
"SYN-SCLC-000883",TRUE,"SCLC","SIM-F023",85,"Female","Other",1,"Extensive",2016,"Public","Lower","Integrated",0,NA,NA,1.63899322262249,1
"SYN-SCLC-000884",TRUE,"SCLC","SIM-F013",54,"Male","Hispanic",0,"Extensive",2016,"Public","Lower","Integrated",1,19,21,2192.34522429327,1
"SYN-SCLC-000885",TRUE,"SCLC","SIM-F036",48,"Female","Other",0,"Extensive",2022,NA,"Middle","Academic",1,7,28,204.572338847738,1
"SYN-SCLC-000886",TRUE,"SCLC","SIM-F001",72,"Female","Hispanic",0,"Extensive",2015,"Public","Lower","Community",1,100,48,122.573048727278,1
"SYN-SCLC-000887",TRUE,"SCLC","SIM-F007",65,"Male","Hispanic",1,"Extensive",2018,"Private","Lower","Academic",1,22,45,532.141231336459,1
"SYN-SCLC-000888",TRUE,"SCLC","SIM-F013",65,"Female","Hispanic",1,"Extensive",2013,NA,"Middle","Integrated",0,100,NA,1261.88831362833,1
"SYN-SCLC-000889",TRUE,"SCLC","SIM-F046",59,"Male","Black",0,"Extensive",2013,"Private","Middle","Academic",0,6,NA,53.4798717491123,1
"SYN-SCLC-000890",TRUE,"SCLC","SIM-F017",75,"Male","Hispanic",0,"Extensive",2015,"Public","Lower","Academic",0,30,NA,121.444324541666,1
"SYN-SCLC-000891",TRUE,"SCLC","SIM-F046",68,"Female","Hispanic",0,"Extensive",2020,"Private","Higher","Academic",0,19,NA,656.464403965596,1
"SYN-SCLC-000892",TRUE,"SCLC","SIM-F050",86,"Male","Other",1,"Extensive",2020,"Public","Higher","Academic",1,19,NA,23.527124586772,1
"SYN-SCLC-000893",TRUE,"SCLC","SIM-F008",63,"Male","Hispanic",1,"Extensive",2018,"Private","Lower","Academic",1,11,49,1686.5672625932,1
"SYN-SCLC-000894",TRUE,"SCLC","SIM-F035",60,"Male","Other",0,"Extensive",2022,"Private","Middle","Integrated",1,11,43,319.039935094394,1
"SYN-SCLC-000895",TRUE,"SCLC","SIM-F033",80,"Male","Black",2,"Extensive",2020,"Public","Higher","Community",0,11,NA,605.55886770319,1
"SYN-SCLC-000896",TRUE,"SCLC","SIM-F048",38,"Female","Black",1,"Extensive",2010,NA,"Middle",NA,0,39,NA,764.703690675451,1
"SYN-SCLC-000897",TRUE,"SCLC","SIM-F051",56,"Female","Black",0,"Extensive",2019,"Public","Lower","Community",1,23,61,1840.25773432807,1
"SYN-SCLC-000898",TRUE,"SCLC","SIM-F058",54,"Male","Hispanic",0,"Extensive",2021,"Private","Higher","Academic",1,16,40,248.41795993343,1
"SYN-SCLC-000899",TRUE,"SCLC","SIM-F011",72,"Female","Hispanic",0,"Extensive",2021,"Private","Higher","Integrated",1,26,26,832.617694699788,1
"SYN-SCLC-000900",TRUE,"SCLC","SIM-F046",63,"Female","Black",1,"Limited",2020,"Public","Higher","Academic",1,18,51,359.75966071309,1
"SYN-SCLC-000901",TRUE,"SCLC","SIM-F007",81,"Female","Hispanic",1,"Extensive",2010,"Public","Lower",NA,0,18,NA,446.57683277567,1
"SYN-SCLC-000902",TRUE,"SCLC","SIM-F007",55,"Male","Hispanic",1,"Extensive",2014,"Public","Higher","Academic",1,29,33,837.40037179258,1
"SYN-SCLC-000903",TRUE,"SCLC","SIM-F015",59,"Male","Black",0,"Extensive",2014,"Public","Lower","Academic",1,18,38,78.2832781095613,1
"SYN-SCLC-000904",TRUE,"SCLC","SIM-F004",53,"Female","Other",0,"Extensive",2014,"Public","Higher","Community",1,30,31,1777.7488413134,1
"SYN-SCLC-000905",TRUE,"SCLC","SIM-F042",71,"Female","Black",0,"Extensive",2010,"Private","Lower","Academic",0,NA,NA,41.4174025615048,1
"SYN-SCLC-000906",TRUE,"SCLC","SIM-F054",62,"Male","Black",0,"Limited",2018,"Private","Higher","Integrated",NA,26,37,1871.82723314269,0
"SYN-SCLC-000907",TRUE,"SCLC","SIM-F060",47,"Male","Other",1,"Limited",2016,"Public","Middle","Academic",0,42,NA,404.754438679693,1
"SYN-SCLC-000908",TRUE,"SCLC","SIM-F019",66,"Male","Other",0,"Extensive",2022,"Public","Lower","Academic",1,38,73,145.99448251482,1
"SYN-SCLC-000909",TRUE,"SCLC","SIM-F024",79,"Female","Hispanic",1,"Limited",2011,"Private",NA,"Integrated",0,16,NA,475.844600383994,1
"SYN-SCLC-000910",TRUE,"SCLC","SIM-F032",39,"Female","Black",0,"Extensive",2015,"Private","Higher","Academic",0,100,NA,1608.78014267306,0
"SYN-SCLC-000911",TRUE,"SCLC","SIM-F033",65,"Male","Hispanic",1,"Extensive",2016,"Private","Middle","Community",1,30,32,123.295072453992,1
"SYN-SCLC-000912",TRUE,"SCLC","SIM-F005",79,"Male","Other",1,"Extensive",2017,"Private","Middle","Community",0,43,NA,404.482576079133,1
"SYN-SCLC-000913",TRUE,"SCLC","SIM-F029",52,"Male","Hispanic",0,"Extensive",2012,"Private","Lower","Integrated",1,NA,NA,3.13926511955036,1
"SYN-SCLC-000914",TRUE,"SCLC","SIM-F046",87,"Male","Hispanic",0,"Limited",2017,"Public","Higher","Academic",1,32,46,848.513339636343,1
"SYN-SCLC-000915",TRUE,"SCLC","SIM-F038",79,"Female","Black",0,"Extensive",2019,"Public","Lower","Community",0,9,NA,277.464643303165,1
"SYN-SCLC-000916",TRUE,"SCLC","SIM-F044",63,"Male","Other",1,"Extensive",2021,"Public","Higher","Academic",1,NA,NA,2.75398809864983,1
"SYN-SCLC-000917",TRUE,"SCLC","SIM-F019",69,"Female","Other",1,"Extensive",2012,NA,"Middle","Academic",0,28,NA,228.302849897904,1
"SYN-SCLC-000918",TRUE,"SCLC","SIM-F049",45,"Female","Black",1,"Extensive",2016,"Private","Higher","Academic",1,NA,NA,8.76011905293132,1
"SYN-SCLC-000919",TRUE,"SCLC","SIM-F025",65,"Female","Black",1,"Extensive",2011,"Public","Higher","Integrated",0,23,NA,407.508088349184,1
"SYN-SCLC-000920",TRUE,"SCLC","SIM-F015",85,"Male","Black",1,"Extensive",2016,"Private","Middle","Academic",0,39,NA,444.485885009819,1
"SYN-SCLC-000921",TRUE,"SCLC","SIM-F055",64,"Male","Other",0,"Extensive",2018,"Private","Higher","Academic",1,16,56,116.345027539984,1
"SYN-SCLC-000922",TRUE,"SCLC","SIM-F039",79,"Male","Other",1,"Limited",2013,"Public",NA,"Integrated",0,24,NA,245.540286914261,1
"SYN-SCLC-000923",TRUE,"SCLC","SIM-F030",86,"Male","Black",1,"Extensive",2021,"Public","Lower","Academic",0,35,NA,406.412524396982,1
"SYN-SCLC-000924",TRUE,"SCLC","SIM-F035",69,"Male","Black",2,"Extensive",2019,"Public","Lower","Integrated",1,42,58,973.6433192443,1
"SYN-SCLC-000925",TRUE,"SCLC","SIM-F024",69,"Male","Black",0,"Extensive",2017,"Private","Middle","Integrated",0,5,NA,1677.58218775918,1
"SYN-SCLC-000926",TRUE,"SCLC","SIM-F031",60,"Male","Black",0,"Extensive",2022,"Private","Higher","Academic",1,32,55,139.334116899226,1
"SYN-SCLC-000927",TRUE,"SCLC","SIM-F015",82,"Male","Other",0,"Limited",2018,"Private","Higher","Academic",0,28,NA,1948.95436892132,1
"SYN-SCLC-000928",TRUE,"SCLC","SIM-F018",52,"Male","Black",1,"Extensive",2013,"Private","Middle","Integrated",1,17,24,168.41406908875,1
"SYN-SCLC-000929",TRUE,"SCLC","SIM-F004",74,"Male","Other",1,"Extensive",2014,"Public","Higher","Community",1,45,66,82.9285305066548,1
"SYN-SCLC-000930",TRUE,"SCLC","SIM-F030",62,"Male","Other",2,"Extensive",2010,"Public","Higher","Academic",0,NA,NA,32.2295326023544,1
"SYN-SCLC-000931",TRUE,"SCLC","SIM-F001",68,"Female","Other",0,"Extensive",2022,"Public","Lower","Community",0,23,NA,1794.76067320578,0
"SYN-SCLC-000932",TRUE,"SCLC","SIM-F059",61,"Female","Hispanic",0,"Extensive",2015,"Private","Higher","Academic",1,40,51,1435.51037445361,1
"SYN-SCLC-000933",TRUE,"SCLC","SIM-F037",89,"Female","Hispanic",0,"Extensive",2022,"Public","Lower","Community",0,16,NA,219.83534530298,1
"SYN-SCLC-000934",TRUE,"SCLC","SIM-F011",49,"Female","Other",0,"Extensive",2015,"Public","Higher","Integrated",1,38,54,1600.44100538052,1
"SYN-SCLC-000935",TRUE,"SCLC","SIM-F006",62,"Male","Black",1,"Extensive",2015,"Private","Higher","Integrated",1,13,34,122.740577349933,1
"SYN-SCLC-000936",TRUE,"SCLC","SIM-F043",65,"Male","Black",0,"Extensive",2015,"Public","Lower","Integrated",0,NA,NA,14.4458893101839,1
"SYN-SCLC-000937",TRUE,"SCLC","SIM-F016",58,"Female","Other",0,"Extensive",2015,"Public","Middle","Academic",0,14,NA,911.976455079049,1
"SYN-SCLC-000938",TRUE,"SCLC","SIM-F021",55,"Female","Black",0,"Extensive",2021,"Private","Lower","Community",0,38,NA,2774.27430917392,0
"SYN-SCLC-000939",TRUE,"SCLC","SIM-F015",47,"Male","Other",1,"Extensive",2019,"Private","Middle","Academic",1,100,50,214.141239365534,1
"SYN-SCLC-000940",TRUE,"SCLC","SIM-F025",55,"Male","Hispanic",0,"Limited",2014,"Private","Higher","Integrated",0,13,NA,757.152951283543,1
"SYN-SCLC-000941",TRUE,"SCLC","SIM-F034",55,"Female","Other",0,"Limited",2010,"Private","Lower",NA,1,33,34,301.116821227676,0
"SYN-SCLC-000942",TRUE,"SCLC","SIM-F010",69,"Female","Black",0,"Extensive",2010,"Private","Lower","Integrated",1,33,45,157.161132928544,NA
"SYN-SCLC-000943",TRUE,"SCLC","SIM-F043",60,"Female","Black",0,"Extensive",2010,"Private","Higher","Integrated",1,14,49,375.575789456285,1
"SYN-SCLC-000944",TRUE,"SCLC","SIM-F058",55,"Male","Other",0,"Extensive",2022,NA,"Higher","Academic",1,28,64,542.191724944901,1
"SYN-SCLC-000945",TRUE,"SCLC","SIM-F005",63,"Male","Other",0,"Extensive",2020,"Public","Middle","Community",1,20,60,1091.24736579523,1
"SYN-SCLC-000946",TRUE,"SCLC","SIM-F045",55,"Male","Hispanic",0,"Extensive",2010,"Private","Middle","Community",0,22,NA,244.409201071895,1
"SYN-SCLC-000947",TRUE,"SCLC","SIM-F030",59,"Male","Other",0,"Extensive",2012,"Public","Higher","Academic",1,22,24,843.097130211975,NA
"SYN-SCLC-000948",TRUE,"SCLC","SIM-F051",43,"Female","Hispanic",1,"Extensive",2015,NA,"Middle","Community",1,21,29,87.8131686993396,1
"SYN-SCLC-000949",TRUE,"SCLC","SIM-F026",73,"Male","Other",0,"Extensive",2021,"Private","Lower","Academic",1,28,59,182.607453421974,1
"SYN-SCLC-000950",TRUE,"SCLC","SIM-F050",86,"Male","Hispanic",1,"Extensive",2019,"Public","Lower","Academic",0,20,NA,69.301653137847,1
"SYN-SCLC-000951",TRUE,"SCLC","SIM-F060",62,"Female","Black",1,"Extensive",2019,"Public","Lower","Academic",1,21,38,590.89761100597,1
"SYN-SCLC-000952",TRUE,"SCLC","SIM-F014",75,"Male","Black",0,"Extensive",2014,"Private","Middle","Integrated",0,29,NA,190.947389433698,1
"SYN-SCLC-000953",TRUE,"SCLC","SIM-F052",74,"Male","Black",0,"Extensive",2014,"Public","Higher","Academic",1,NA,NA,13.4154157249831,1
"SYN-SCLC-000954",TRUE,"SCLC","SIM-F040",68,"Female","Hispanic",0,"Extensive",2019,"Private","Lower","Community",1,100,40,589.430923499541,1
"SYN-SCLC-000955",TRUE,"SCLC","SIM-F010",64,"Male","Other",1,"Extensive",2015,"Public","Lower","Integrated",0,27,NA,89.9584368271765,1
"SYN-SCLC-000956",TRUE,"SCLC","SIM-F054",65,"Female","Black",1,"Extensive",2014,"Private","Higher","Integrated",1,12,33,239.033013163031,1
"SYN-SCLC-000957",TRUE,"SCLC","SIM-F024",73,"Female","Other",2,"Extensive",2015,NA,"Middle","Integrated",0,22,NA,210.022167131889,1
"SYN-SCLC-000958",TRUE,"SCLC","SIM-F012",59,"Female","Hispanic",0,"Extensive",2022,"Private","Higher","Community",1,5,12,1889.55833050655,0
"SYN-SCLC-000959",TRUE,"SCLC","SIM-F020",69,"Female","Other",1,"Extensive",2021,"Private","Higher","Community",1,27,48,1075.96127632503,1
"SYN-SCLC-000960",TRUE,"SCLC","SIM-F010",55,"Female","Black",0,"Limited",2017,"Public","Lower","Integrated",0,42,NA,2655.09968945058,0
"SYN-SCLC-000961",TRUE,"SCLC","SIM-F013",58,"Female","Hispanic",0,"Extensive",2017,"Private","Higher","Integrated",1,31,56,318.518533560537,1
"SYN-SCLC-000962",TRUE,"SCLC","SIM-F001",62,"Male","Other",1,"Extensive",2018,"Private","Lower","Community",0,25,NA,289.342923495713,1
"SYN-SCLC-000963",TRUE,"SCLC","SIM-F020",86,"Female","Hispanic",0,"Extensive",2020,"Private","Middle","Community",0,40,NA,379.24447181248,1
"SYN-SCLC-000964",TRUE,"SCLC","SIM-F040",90,"Male","Other",0,"Extensive",2016,"Public","Lower","Community",0,32,NA,436.400322892965,1
"SYN-SCLC-000965",TRUE,"SCLC","SIM-F040",75,"Male","Black",0,"Extensive",2021,NA,"Higher","Community",1,NA,NA,35.3673006745445,1
"SYN-SCLC-000966",TRUE,"SCLC","SIM-F002",54,"Female","Other",0,"Extensive",2017,"Private","Lower","Academic",0,34,NA,722.72918628376,1
"SYN-SCLC-000967",TRUE,"SCLC","SIM-F054",53,"Female","Other",0,"Extensive",2012,"Public","Middle","Integrated",1,25,51,848.571289382353,0
"SYN-SCLC-000968",TRUE,"SCLC","SIM-F044",49,"Male","Other",0,"Extensive",2021,"Private","Middle","Academic",1,33,39,2226.71080465737,1
"SYN-SCLC-000969",TRUE,"SCLC","SIM-F037",44,"Female","Black",0,"Limited",2017,"Private",NA,"Community",1,7,18,2489.7581644915,0
"SYN-SCLC-000970",TRUE,"SCLC","SIM-F045",49,"Female","Hispanic",0,"Limited",2015,"Private","Lower","Community",1,42,68,1008.24646127098,1
"SYN-SCLC-000971",TRUE,"SCLC","SIM-F053",89,"Female","Other",0,"Limited",2011,"Public","Lower","Academic",0,43,NA,337.05181401804,1
"SYN-SCLC-000972",TRUE,"SCLC","SIM-F010",28,"Female","Black",1,"Extensive",2015,"Private",NA,"Integrated",1,37,73,1371.56618679524,0
"SYN-SCLC-000973",TRUE,"SCLC","SIM-F018",71,"Female","Other",1,"Extensive",2014,"Public","Middle","Integrated",1,45,49,1392.22414161788,1
"SYN-SCLC-000974",TRUE,"SCLC","SIM-F004",66,"Male","Other",NA,"Extensive",2019,"Private","Higher","Community",0,7,NA,129.733829194427,1
"SYN-SCLC-000975",TRUE,"SCLC","SIM-F046",34,"Female","Other",0,"Extensive",2017,"Public","Higher","Academic",1,32,66,679.351788117685,0
"SYN-SCLC-000976",TRUE,"SCLC","SIM-F013",56,"Male","Hispanic",0,"Extensive",2017,NA,"Higher","Integrated",1,8,31,1378.21901214425,0
"SYN-SCLC-000977",TRUE,"SCLC","SIM-F008",66,"Female","Black",2,"Extensive",2013,"Public","Lower","Academic",1,NA,NA,19.5127466242838,1
"SYN-SCLC-000978",TRUE,"SCLC","SIM-F007",48,"Male","Black",1,"Extensive",2015,"Private",NA,"Academic",0,20,NA,1111.44237719291,1
"SYN-SCLC-000979",TRUE,"SCLC","SIM-F001",74,"Female","Hispanic",1,"Extensive",2022,"Public","Lower","Community",0,NA,NA,2.78585475818906,1
"SYN-SCLC-000980",TRUE,"SCLC","SIM-F010",50,"Male","Black",0,"Extensive",2021,"Private","Higher","Integrated",0,34,NA,280.095497285859,1
"SYN-SCLC-000981",TRUE,"SCLC","SIM-F010",77,"Female","Hispanic",1,"Extensive",2017,"Public",NA,"Integrated",0,12,NA,51.0597934774517,1
"SYN-SCLC-000982",TRUE,"SCLC","SIM-F042",52,"Female","Black",0,"Extensive",2018,NA,"Higher","Academic",1,25,42,434.801044661115,1
"SYN-SCLC-000983",TRUE,"SCLC","SIM-F046",40,"Female","Other",0,"Extensive",2017,"Public","Higher","Academic",1,38,50,174.317014708371,1
"SYN-SCLC-000984",TRUE,"SCLC","SIM-F003",58,"Male","Hispanic",1,"Extensive",2011,"Private","Higher","Integrated",0,22,NA,103.625221205017,1
"SYN-SCLC-000985",TRUE,"SCLC","SIM-F048",43,"Male","Black",0,"Limited",2017,"Private","Lower","Community",0,7,NA,732.036344348072,1
"SYN-SCLC-000986",TRUE,"SCLC","SIM-F038",57,"Male","Hispanic",2,"Extensive",2016,"Public","Lower","Community",1,40,61,182.324697767415,0
"SYN-SCLC-000987",TRUE,"SCLC","SIM-F008",82,"Female","Hispanic",2,"Extensive",2013,"Public","Lower","Academic",0,40,NA,422.893988246286,1
"SYN-SCLC-000988",TRUE,"SCLC","SIM-F058",56,"Female","Other",0,"Limited",2012,"Private","Middle","Academic",1,13,40,2455.51744915661,0
"SYN-SCLC-000989",TRUE,"SCLC","SIM-F002",83,"Female","Black",2,"Extensive",2021,"Public","Middle","Academic",0,20,NA,163.882228654964,1
"SYN-SCLC-000990",TRUE,"SCLC","SIM-F060",58,"Female","Other",0,"Limited",2021,"Public","Higher","Academic",1,7,36,677.506228579907,1
"SYN-SCLC-000991",TRUE,"SCLC","SIM-F028",52,"Male","Other",1,"Extensive",2014,"Private","Lower","Community",1,45,45,2292.78642847638,1
"SYN-SCLC-000992",TRUE,"SCLC","SIM-F026",57,"Male","Hispanic",1,"Extensive",2012,"Public","Middle","Academic",1,38,42,53.06888305468,1
"SYN-SCLC-000993",TRUE,"SCLC","SIM-F030",49,"Female","Other",0,"Limited",2015,"Private","Middle","Academic",1,25,54,868.38340745956,1
"SYN-SCLC-000994",TRUE,"SCLC","SIM-F054",69,"Female","Black",0,"Extensive",2010,"Public","Middle","Integrated",0,28,NA,571.565304881928,1
"SYN-SCLC-000995",TRUE,"SCLC","SIM-F008",37,"Female","Hispanic",1,"Extensive",2011,"Private","Lower","Academic",1,14,41,1941.63171503693,0
"SYN-SCLC-000996",TRUE,"SCLC","SIM-F029",89,"Female","Black",0,"Extensive",2012,"Private","Higher","Integrated",1,16,16,91.2902398081302,1
"SYN-SCLC-000997",TRUE,"SCLC","SIM-F050",54,"Female","Other",0,"Extensive",2012,"Public","Higher",NA,0,13,NA,123.313983393418,1
"SYN-SCLC-000998",TRUE,"SCLC","SIM-F024",78,"Male","Black",2,"Extensive",2015,"Public","Higher","Integrated",NA,40,NA,116.213650521324,1
"SYN-SCLC-000999",TRUE,"SCLC","SIM-F020",90,"Female","Black",0,"Extensive",2021,"Public","Lower","Community",1,28,29,292.970228353778,1
"SYN-SCLC-001000",TRUE,"SCLC","SIM-F010",84,"Female","Other",1,"Extensive",2010,"Private","Lower","Integrated",1,28,45,236.759962677162,1
"SYN-SCLC-001001",TRUE,"SCLC","SIM-F011",80,"Male","Hispanic",0,"Extensive",2016,"Public",NA,"Integrated",1,41,52,192.019702290776,1
"SYN-SCLC-001002",TRUE,"SCLC","SIM-F048",90,"Male","Black",0,"Limited",2016,"Private","Middle","Community",1,23,59,1116.83400836859,1
"SYN-SCLC-001003",TRUE,"SCLC","SIM-F043",55,"Female","Other",1,"Extensive",2022,"Private","Lower","Integrated",1,24,41,296.666771654465,1
"SYN-SCLC-001004",TRUE,"SCLC","SIM-F059",35,"Male","Hispanic",0,"Extensive",2020,"Private","Middle","Academic",1,19,40,2862.94973517302,0
"SYN-SCLC-001005",TRUE,"SCLC","SIM-F055",66,"Female","Hispanic",1,"Extensive",2012,"Public",NA,"Academic",0,30,NA,1180.13693853214,1
"SYN-SCLC-001006",TRUE,"SCLC","SIM-F026",58,"Male","Hispanic",0,"Extensive",2015,"Public","Lower","Academic",0,25,NA,810.401228887193,1
"SYN-SCLC-001007",TRUE,"SCLC","SIM-F003",82,"Male","Other",1,"Extensive",2021,"Private","Higher",NA,NA,42,NA,51.0432711751148,1
"SYN-SCLC-001008",TRUE,"SCLC","SIM-F024",49,"Female","Black",0,"Extensive",2017,"Private","Lower","Integrated",0,NA,NA,0.200039014628441,1
"SYN-SCLC-001009",TRUE,"SCLC","SIM-F033",57,"Female","Other",0,"Extensive",2016,"Private","Lower","Community",1,23,44,618.49175872965,1
"SYN-SCLC-001010",TRUE,"SCLC","SIM-F004",60,"Female","Other",2,"Extensive",2014,"Public","Higher","Community",0,14,NA,57.4096388313861,1
"SYN-SCLC-001011",TRUE,"SCLC","SIM-F001",58,"Female","Black",0,"Limited",2019,"Public","Higher","Community",0,10,NA,72.4904574434135,1
"SYN-SCLC-001012",TRUE,"SCLC","SIM-F028",64,"Male","Black",1,"Extensive",2018,"Public","Higher","Community",1,19,50,189.093212644287,1
"SYN-SCLC-001013",TRUE,"SCLC","SIM-F043",75,"Female","Other",1,"Limited",2021,"Private","Higher","Integrated",1,36,49,1240.5356257463,NA
"SYN-SCLC-001014",TRUE,"SCLC","SIM-F006",45,"Female","Other",0,"Extensive",2010,"Private","Higher",NA,0,13,NA,524.631065959912,1
"SYN-SCLC-001015",TRUE,"SCLC","SIM-F022",61,"Male","Other",1,"Extensive",2016,"Private","Middle","Integrated",0,36,NA,323.163242841257,1
"SYN-SCLC-001016",TRUE,"SCLC","SIM-F029",65,"Male","Black",0,"Extensive",2010,"Private","Higher","Integrated",1,17,49,1728.15230036335,1
"SYN-SCLC-001017",TRUE,"SCLC","SIM-F013",53,"Female","Other",1,"Limited",2022,"Private","Middle","Integrated",0,24,NA,217.894845977426,0
"SYN-SCLC-001018",TRUE,"SCLC","SIM-F030",71,"Female","Hispanic",2,"Extensive",2013,NA,"Higher","Academic",0,45,NA,202.227840106099,1
"SYN-SCLC-001019",TRUE,"SCLC","SIM-F024",55,"Male","Hispanic",1,"Extensive",2021,"Private","Middle","Integrated",1,28,33,412.223587907058,1
"SYN-SCLC-001020",TRUE,"SCLC","SIM-F056",53,"Male","Black",1,"Extensive",2015,"Public","Lower","Academic",0,31,NA,127.584251526544,1
"SYN-SCLC-001021",TRUE,"SCLC","SIM-F027",56,"Male","Black",0,"Extensive",2015,"Private","Higher","Integrated",1,18,27,347.273613401283,1
"SYN-SCLC-001022",TRUE,"SCLC","SIM-F006",79,"Female","Other",2,"Extensive",2016,NA,"Higher","Integrated",1,41,77,199.255106331855,1
"SYN-SCLC-001023",TRUE,"SCLC","SIM-F035",38,"Female","Other",1,"Extensive",2014,"Private","Lower","Integrated",1,24,50,1205.74761241037,1
"SYN-SCLC-001024",TRUE,"SCLC","SIM-F022",67,"Female","Other",0,"Extensive",2013,NA,"Middle","Integrated",0,36,NA,394.44529339209,1
"SYN-SCLC-001025",TRUE,"SCLC","SIM-F003",78,"Female","Other",1,"Extensive",2017,"Private","Higher","Integrated",0,17,NA,1248.2497113569,1
"SYN-SCLC-001026",TRUE,"SCLC","SIM-F008",71,"Male","Hispanic",1,"Extensive",2016,"Private","Lower","Academic",1,18,51,105.0344029091,1
"SYN-SCLC-001027",TRUE,"SCLC","SIM-F049",62,"Male","Other",0,"Extensive",2022,"Private","Lower","Academic",1,34,59,365.283609598336,1
"SYN-SCLC-001028",TRUE,"SCLC","SIM-F057",68,"Male","Other",0,"Extensive",2012,"Private","Lower","Community",0,9,NA,50.2705701781775,1
"SYN-SCLC-001029",TRUE,"SCLC","SIM-F040",79,"Male","Hispanic",0,"Extensive",2020,"Public","Middle","Community",0,18,NA,372.487320625964,1
"SYN-SCLC-001030",TRUE,"SCLC","SIM-F035",57,"Male","Hispanic",0,"Extensive",2012,"Private","Middle","Integrated",0,14,NA,938.864169234508,1
"SYN-SCLC-001031",TRUE,"SCLC","SIM-F006",60,"Female","Black",2,"Extensive",2010,"Private",NA,"Integrated",0,34,NA,363.396339557297,1
"SYN-SCLC-001032",TRUE,"SCLC","SIM-F018",64,"Female","Hispanic",2,"Extensive",2018,"Private","Middle","Integrated",0,100,NA,1283.6564538829,1
"SYN-SCLC-001033",TRUE,"SCLC","SIM-F026",69,"Male","Other",0,"Extensive",2020,"Public","Middle","Academic",1,35,66,313.918423199426,1
"SYN-SCLC-001034",TRUE,"SCLC","SIM-F017",64,"Male","Hispanic",0,"Extensive",2020,"Public","Middle","Academic",0,NA,NA,38.7250531815653,1
"SYN-SCLC-001035",TRUE,"SCLC","SIM-F023",49,"Female","Other",0,"Limited",2017,NA,"Higher",NA,1,44,77,203.769679603388,1
"SYN-SCLC-001036",TRUE,"SCLC","SIM-F005",54,"Male","Other",1,"Extensive",2012,NA,"Middle","Community",0,37,NA,338.409097668112,1
"SYN-SCLC-001037",TRUE,"SCLC","SIM-F058",51,"Male","Hispanic",0,"Limited",2013,"Private","Higher","Academic",1,6,6,1312.38916824742,1
"SYN-SCLC-001038",TRUE,"SCLC","SIM-F003",59,"Male","Other",0,"Extensive",2019,"Private","Lower","Integrated",0,27,NA,1076.8424320628,1
"SYN-SCLC-001039",TRUE,"SCLC","SIM-F013",76,"Female","Other",1,"Extensive",2010,"Private","Lower","Integrated",0,37,NA,37.2528062070877,1
"SYN-SCLC-001040",TRUE,"SCLC","SIM-F044",73,"Female","Other",1,"Extensive",2016,"Public","Higher","Academic",0,34,NA,281.375730983034,1
"SYN-SCLC-001041",TRUE,"SCLC","SIM-F017",31,"Female","Hispanic",0,"Extensive",2012,"Public","Higher","Academic",1,35,62,1858.47159313019,1
"SYN-SCLC-001042",TRUE,"SCLC","SIM-F005",57,"Male","Black",0,"Extensive",2010,"Private","Lower","Community",0,37,NA,816.382505472389,1
"SYN-SCLC-001043",TRUE,"SCLC","SIM-F007",61,"Female","Black",1,"Extensive",2011,"Public","Lower","Academic",1,8,47,141.244707215639,1
"SYN-SCLC-001044",TRUE,"SCLC","SIM-F002",53,"Male","Other",1,"Limited",2021,"Private","Middle","Academic",1,28,44,1983.72797798494,1
"SYN-SCLC-001045",TRUE,"SCLC","SIM-F003",88,"Female","Other",2,"Extensive",2014,"Private","Middle","Integrated",0,30,NA,102.020653115771,1
"SYN-SCLC-001046",TRUE,"SCLC","SIM-F042",45,"Male","Other",1,"Extensive",2011,"Private","Higher","Academic",1,34,44,679.311801967196,1
"SYN-SCLC-001047",TRUE,"SCLC","SIM-F023",47,"Female","Other",0,"Extensive",2014,"Private","Higher","Integrated",1,31,61,2338.32699686405,0
"SYN-SCLC-001048",TRUE,"SCLC","SIM-F035",58,"Female","Hispanic",0,"Extensive",2017,"Private","Middle","Integrated",0,37,NA,352.99839787525,1
"SYN-SCLC-001049",TRUE,"SCLC","SIM-F031",46,"Male","Black",0,"Extensive",2016,"Public","Higher","Academic",1,24,NA,33.2071197101206,0
"SYN-SCLC-001050",TRUE,"SCLC","SIM-F004",68,"Female","Other",0,"Extensive",2013,"Private","Lower","Community",1,16,24,37.5737587528217,1
"SYN-SCLC-001051",TRUE,"SCLC","SIM-F052",76,"Male","Hispanic",0,"Extensive",2015,"Public","Middle","Academic",0,39,NA,1060.63938191534,1
"SYN-SCLC-001052",TRUE,"SCLC","SIM-F031",87,"Female","Hispanic",1,"Extensive",2017,"Public","Higher","Academic",0,33,NA,179.049697614676,1
"SYN-SCLC-001053",TRUE,"SCLC","SIM-F003",56,"Male","Other",0,"Extensive",2020,"Public","Higher","Integrated",1,30,54,1181.52517362136,1
"SYN-SCLC-001054",TRUE,"SCLC","SIM-F031",48,"Female","Hispanic",0,"Extensive",2018,"Private","Higher","Academic",1,40,78,2685.0026296766,0
"SYN-SCLC-001055",TRUE,"SCLC","SIM-F011",70,"Female","Other",1,"Extensive",2013,"Public",NA,"Integrated",0,NA,NA,8.96907059385155,1
"SYN-SCLC-001056",TRUE,"SCLC","SIM-F060",40,"Male","Black",0,"Extensive",2016,"Public","Higher","Academic",1,42,47,2085.09739040894,1
"SYN-SCLC-001057",TRUE,"SCLC","SIM-F031",61,"Female","Other",0,"Extensive",2020,"Private","Middle","Academic",1,100,45,395.840797643055,1
"SYN-SCLC-001058",TRUE,"SCLC","SIM-F044",63,"Female","Hispanic",1,"Limited",2010,"Public",NA,"Academic",0,37,NA,NA,1
"SYN-SCLC-001059",TRUE,"SCLC","SIM-F035",62,"Female","Other",0,"Extensive",2016,"Private","Middle","Integrated",0,5,NA,394.611795233458,1
"SYN-SCLC-001060",TRUE,"SCLC","SIM-F055",67,"Female","Other",2,"Extensive",2020,"Private","Higher","Academic",1,NA,NA,3.30152481421176,1
"SYN-SCLC-001061",TRUE,"SCLC","SIM-F012",54,"Female","Hispanic",0,"Extensive",2016,"Public","Middle",NA,1,21,36,1011.54832161181,1
"SYN-SCLC-001062",TRUE,"SCLC","SIM-F008",82,"Male","Hispanic",1,"Extensive",2017,"Public","Lower","Academic",0,12,NA,563.521896735199,1
"SYN-SCLC-001063",TRUE,"SCLC","SIM-F035",53,"Male","Other",0,"Limited",2014,"Private","Lower","Integrated",0,16,NA,1402.86461834359,1
"SYN-SCLC-001064",TRUE,"SCLC","SIM-F009",62,"Male","Hispanic",0,"Extensive",2017,"Private","Higher","Community",1,8,32,377.40647841422,1
"SYN-SCLC-001065",TRUE,"SCLC","SIM-F023",59,"Male","Hispanic",0,"Extensive",2017,"Public","Lower","Integrated",1,24,48,310.243064064101,1
"SYN-SCLC-001066",TRUE,"SCLC","SIM-F048",72,"Female","Black",1,"Limited",2015,"Private","Higher","Community",0,15,NA,715.015795621607,1
"SYN-SCLC-001067",TRUE,"SCLC","SIM-F037",53,"Male","Other",0,"Extensive",2020,"Private","Higher","Community",0,6,NA,17.7224174529607,1
"SYN-SCLC-001068",TRUE,"SCLC","SIM-F054",70,"Male","Black",1,"Extensive",2011,"Public","Higher","Integrated",1,40,64,756.687779834719,1
"SYN-SCLC-001069",TRUE,"SCLC","SIM-F020",59,"Female","Other",1,"Extensive",2014,"Private","Middle","Community",0,18,NA,744.877264999386,1
"SYN-SCLC-001070",TRUE,"SCLC","SIM-F026",66,"Female","Other",1,"Extensive",2022,"Public","Lower","Academic",1,18,41,173.835498473266,1
"SYN-SCLC-001071",TRUE,"SCLC","SIM-F022",69,"Female","Hispanic",1,"Extensive",2013,NA,"Lower","Integrated",0,45,NA,NA,1
"SYN-SCLC-001072",TRUE,"SCLC","SIM-F013",57,"Male","Black",0,"Extensive",2019,"Private","Higher","Integrated",1,16,NA,23.2583562580753,1
"SYN-SCLC-001073",TRUE,"SCLC","SIM-F043",51,"Male","Other",1,"Limited",2012,"Private","Higher","Integrated",1,18,18,1037.15876838518,1
"SYN-SCLC-001074",TRUE,"SCLC","SIM-F009",63,"Female","Other",0,"Limited",2015,"Public","Higher","Community",0,30,NA,870.859165772117,1
"SYN-SCLC-001075",TRUE,"SCLC","SIM-F052",85,"Male","Hispanic",1,"Extensive",2016,"Private","Higher","Academic",0,25,NA,716.828033466283,1
"SYN-SCLC-001076",TRUE,"SCLC","SIM-F009",47,"Male","Other",2,"Extensive",2011,"Private","Lower","Community",1,7,38,414.413515009454,1
"SYN-SCLC-001077",TRUE,"SCLC","SIM-F055",74,"Male","Black",1,"Extensive",2011,"Public","Lower","Academic",0,7,NA,507.267754164048,1
"SYN-SCLC-001078",TRUE,"SCLC","SIM-F043",48,"Male","Hispanic",1,"Extensive",2022,"Private","Lower",NA,0,25,NA,401.866410988863,1
"SYN-SCLC-001079",TRUE,"SCLC","SIM-F041",71,"Male","Black",0,"Extensive",2019,"Public","Middle","Academic",0,43,NA,185.5295005376,1
"SYN-SCLC-001080",TRUE,"SCLC","SIM-F025",64,"Male","Other",0,"Limited",2022,"Private","Higher","Integrated",1,32,51,1306.61948907305,0
"SYN-SCLC-001081",TRUE,"SCLC","SIM-F008",80,"Male","Black",0,"Extensive",2012,"Public","Lower","Academic",1,26,51,198.64090193063,0
"SYN-SCLC-001082",TRUE,"SCLC","SIM-F005",59,"Female","Hispanic",0,"Extensive",2014,"Public","Lower","Community",0,12,NA,218.562866427906,1
"SYN-SCLC-001083",TRUE,"SCLC","SIM-F053",45,"Male","Other",0,"Extensive",2015,"Private","Higher","Academic",1,24,NA,412.113046754191,1
"SYN-SCLC-001084",TRUE,"SCLC","SIM-F044",84,"Male","Black",1,"Extensive",2017,"Public","Middle","Academic",0,23,NA,199.040927849569,1
"SYN-SCLC-001085",TRUE,"SCLC","SIM-F045",58,"Male","Black",0,"Extensive",2017,"Private","Higher","Community",0,31,NA,823.879800801004,1
"SYN-SCLC-001086",TRUE,"SCLC","SIM-F028",70,"Male","Black",1,"Extensive",2014,"Public","Lower",NA,0,41,NA,728.086257294558,1
"SYN-SCLC-001087",TRUE,"SCLC","SIM-F017",78,"Male","Black",0,"Limited",2010,"Public","Middle","Academic",0,6,NA,282.500208754988,1
"SYN-SCLC-001088",TRUE,"SCLC","SIM-F027",63,"Male","Other",0,"Extensive",2013,"Public","Lower","Integrated",0,6,NA,65.4796521195496,1
"SYN-SCLC-001089",TRUE,"SCLC","SIM-F044",62,"Male","Other",1,"Extensive",2019,"Private","Higher","Academic",1,35,61,1248.26091268172,1
"SYN-SCLC-001090",TRUE,"SCLC","SIM-F032",76,"Female","Hispanic",1,"Extensive",2018,"Public","Middle","Academic",0,22,NA,378.328192249052,1
"SYN-SCLC-001091",TRUE,"SCLC","SIM-F044",59,"Female","Other",0,"Extensive",2015,"Private","Higher","Academic",1,42,51,349.675974415303,1
"SYN-SCLC-001092",TRUE,"SCLC","SIM-F050",71,"Male","Other",0,"Extensive",2014,"Public",NA,"Academic",0,34,NA,81.7394159703381,1
"SYN-SCLC-001093",TRUE,"SCLC","SIM-F056",72,"Male","Other",0,"Extensive",2017,"Public","Lower","Academic",1,35,67,133.889097954911,1
"SYN-SCLC-001094",TRUE,"SCLC","SIM-F060",41,"Female","Hispanic",0,"Extensive",2016,"Public","Lower","Academic",1,32,58,375.743332667894,1
"SYN-SCLC-001095",TRUE,"SCLC","SIM-F051",57,"Female","Hispanic",1,"Extensive",2014,"Public","Lower","Community",1,44,45,1293.92628122681,1
"SYN-SCLC-001096",TRUE,"SCLC","SIM-F006",49,"Female","Hispanic",0,"Extensive",2017,"Private","Higher","Integrated",1,NA,NA,9.49610091983903,1
"SYN-SCLC-001097",TRUE,"SCLC","SIM-F026",55,"Female","Other",1,"Extensive",2011,"Public","Higher","Academic",1,35,37,1234.54196150647,0
"SYN-SCLC-001098",TRUE,"SCLC","SIM-F030",69,"Female","Black",1,"Extensive",2014,"Private","Lower","Academic",1,24,39,263.025472079124,0
"SYN-SCLC-001099",TRUE,"SCLC","SIM-F037",59,"Male","Black",0,"Extensive",2013,"Private","Higher","Community",1,8,18,85.1938581739495,1
"SYN-SCLC-001100",TRUE,"SCLC","SIM-F013",59,"Female","Hispanic",1,"Extensive",2010,"Public","Lower","Integrated",0,14,NA,543.525280205185,1
"SYN-SCLC-001101",TRUE,"SCLC","SIM-F054",65,"Female","Other",2,"Extensive",2017,"Private","Middle","Integrated",1,8,43,271.106775699095,1
"SYN-SCLC-001102",TRUE,"SCLC","SIM-F006",73,"Female","Other",1,"Extensive",2019,"Private","Lower","Integrated",1,18,40,411.709973483295,0
"SYN-SCLC-001103",TRUE,"SCLC","SIM-F041",80,"Male","Hispanic",0,"Extensive",2020,"Private","Higher","Academic",0,NA,NA,10.4564088898168,1
"SYN-SCLC-001104",TRUE,"SCLC","SIM-F019",60,"Female","Other",0,"Extensive",2014,"Public","Lower","Academic",0,25,NA,285.392682117349,NA
"SYN-SCLC-001105",TRUE,"SCLC","SIM-F012",46,"Female","Other",1,"Extensive",2020,"Private","Higher","Community",0,34,NA,458.299897182108,1
"SYN-SCLC-001106",TRUE,"SCLC","SIM-F005",70,"Female","Black",1,"Limited",2012,"Public","Higher","Community",0,22,NA,448.486419826315,1
"SYN-SCLC-001107",TRUE,"SCLC","SIM-F003",55,"Male","Other",1,"Extensive",2021,"Private","Higher","Integrated",0,27,NA,1173.11954422186,1
"SYN-SCLC-001108",TRUE,"SCLC","SIM-F047",49,"Female","Other",0,"Extensive",2016,NA,"Lower","Integrated",0,NA,NA,4.64457896082218,1
"SYN-SCLC-001109",TRUE,"SCLC","SIM-F023",60,"Female","Other",0,"Extensive",2019,"Private","Middle","Integrated",0,35,NA,86.8732993891339,1
"SYN-SCLC-001110",TRUE,"SCLC","SIM-F036",48,"Male","Black",0,"Extensive",2016,"Public","Middle","Academic",1,12,35,137.864514324722,1
"SYN-SCLC-001111",TRUE,"SCLC","SIM-F049",49,"Female","Other",0,"Extensive",2010,NA,"Middle",NA,0,38,NA,40.8045445824427,1
"SYN-SCLC-001112",TRUE,"SCLC","SIM-F032",64,"Male","Black",1,"Extensive",2017,"Public","Higher","Academic",1,19,35,1882.79590320838,1
"SYN-SCLC-001113",TRUE,"SCLC","SIM-F019",75,"Male","Hispanic",1,"Extensive",2021,"Public","Middle","Academic",1,21,29,128.648833952262,1
"SYN-SCLC-001114",TRUE,"SCLC","SIM-F011",54,"Male","Other",1,"Extensive",2016,"Public","Middle","Integrated",1,38,74,806.195959183366,1
"SYN-SCLC-001115",TRUE,"SCLC","SIM-F036",46,"Female","Black",0,"Limited",2015,NA,"Middle","Academic",1,35,NA,69.7310323641907,1
"SYN-SCLC-001116",TRUE,"SCLC","SIM-F030",86,"Female","Hispanic",2,"Extensive",2017,"Public","Middle",NA,1,40,66,240.951369374281,1
"SYN-SCLC-001117",TRUE,"SCLC","SIM-F034",75,"Male","Black",2,"Extensive",2017,"Public","Middle","Community",0,20,NA,94.810783541514,1
"SYN-SCLC-001118",TRUE,"SCLC","SIM-F037",49,"Female","Black",0,"Extensive",2015,"Private","Lower","Community",1,18,25,688.165045877887,1
"SYN-SCLC-001119",TRUE,"SCLC","SIM-F023",42,"Female","Hispanic",0,"Extensive",2011,"Private","Lower","Integrated",1,34,70,1227.66685461241,1
"SYN-SCLC-001120",TRUE,"SCLC","SIM-F014",46,"Male","Hispanic",1,"Extensive",2010,"Public","Higher","Integrated",1,11,21,1167.09974668801,1
"SYN-SCLC-001121",TRUE,"SCLC","SIM-F060",79,"Female","Black",0,"Extensive",2012,"Public","Higher","Academic",1,23,44,455.287513018829,1
"SYN-SCLC-001122",TRUE,"SCLC","SIM-F004",75,"Female","Black",0,"Extensive",2019,"Public","Middle","Community",0,15,NA,52.9149663628303,1
"SYN-SCLC-001123",TRUE,"SCLC","SIM-F022",66,"Male","Black",0,"Extensive",2021,"Private","Higher","Integrated",1,7,37,338.680898244788,1
"SYN-SCLC-001124",TRUE,"SCLC","SIM-F012",59,"Male","Black",2,"Extensive",2018,"Private",NA,"Community",0,33,NA,58.785013033748,1
"SYN-SCLC-001125",TRUE,"SCLC","SIM-F028",76,"Female","Other",1,"Limited",2022,"Public","Higher","Community",0,29,NA,312.383695318121,1
"SYN-SCLC-001126",TRUE,"SCLC","SIM-F016",90,"Female","Black",2,"Extensive",2017,"Public","Higher","Academic",1,26,NA,34.5706831246224,1
"SYN-SCLC-001127",TRUE,"SCLC","SIM-F016",41,"Male","Other",0,"Extensive",2022,NA,"Higher","Academic",1,13,16,461.638170149077,1
"SYN-SCLC-001128",TRUE,"SCLC","SIM-F005",86,"Male","Hispanic",2,"Limited",2013,"Private","Higher","Community",1,13,40,110.648163516027,1
"SYN-SCLC-001129",TRUE,"SCLC","SIM-F015",57,"Male","Other",1,"Limited",2016,"Private","Middle","Academic",1,13,18,1307.77531355479,1
"SYN-SCLC-001130",TRUE,"SCLC","SIM-F044",54,"Male","Hispanic",1,"Extensive",2015,"Private","Middle","Academic",1,34,56,814.605793852895,1
"SYN-SCLC-001131",TRUE,"SCLC","SIM-F031",62,"Male","Black",0,"Extensive",2020,"Private","Lower",NA,1,21,60,1143.68596981799,1
"SYN-SCLC-001132",TRUE,"SCLC","SIM-F048",63,"Male","Hispanic",1,"Extensive",2021,"Public","Middle","Community",1,45,52,134.991639139212,1
"SYN-SCLC-001133",TRUE,"SCLC","SIM-F035",70,"Male","Other",0,"Extensive",2014,"Public","Lower","Integrated",0,33,NA,127.933332709972,1
"SYN-SCLC-001134",TRUE,"SCLC","SIM-F009",73,"Male","Black",0,"Extensive",2022,"Public","Higher","Community",0,20,NA,2015.13807145423,1
"SYN-SCLC-001135",TRUE,"SCLC","SIM-F023",37,"Female","Black",1,"Extensive",2016,"Private","Middle","Integrated",0,39,NA,294.805011079962,1
"SYN-SCLC-001136",TRUE,"SCLC","SIM-F021",30,"Male","Other",0,"Extensive",2014,"Private","Higher",NA,1,30,46,1612.78693879955,0
"SYN-SCLC-001137",TRUE,"SCLC","SIM-F020",72,"Female","Other",2,"Extensive",2015,"Private","Lower","Community",1,25,59,561.259987783539,1
"SYN-SCLC-001138",TRUE,"SCLC","SIM-F031",48,"Male","Black",1,"Limited",2016,"Private","Middle","Academic",1,16,36,1618.75565154367,1
"SYN-SCLC-001139",TRUE,"SCLC","SIM-F002",42,"Female","Hispanic",1,"Extensive",2010,"Private","Higher",NA,1,33,68,591.709232758731,0
"SYN-SCLC-001140",TRUE,"SCLC","SIM-F012",72,"Female","Black",0,"Limited",2012,"Public","Middle","Community",1,39,66,810.43231473012,1
"SYN-SCLC-001141",TRUE,"SCLC","SIM-F032",52,"Male","Black",0,"Extensive",2010,"Public","Lower","Academic",0,23,NA,361.876663492074,1
"SYN-SCLC-001142",TRUE,"SCLC","SIM-F026",57,"Female","Black",0,"Extensive",2022,"Public",NA,"Academic",0,27,NA,69.1705956632757,1
"SYN-SCLC-001143",TRUE,"SCLC","SIM-F025",59,"Female","Black",1,"Limited",2012,"Private","Lower","Integrated",1,28,49,433.553058748274,1
"SYN-SCLC-001144",TRUE,"SCLC","SIM-F016",67,"Female","Hispanic",1,"Limited",2017,"Private","Higher","Academic",1,21,53,1441.56608430123,1
"SYN-SCLC-001145",TRUE,"SCLC","SIM-F005",79,"Male","Hispanic",0,"Extensive",2022,"Private","Higher","Community",0,45,NA,112.970432351831,1
"SYN-SCLC-001146",TRUE,"SCLC","SIM-F004",78,"Male","Other",0,"Extensive",2017,"Private","Lower","Community",0,31,NA,213.821058803167,1
"SYN-SCLC-001147",TRUE,"SCLC","SIM-F006",61,"Female","Black",0,"Extensive",2020,"Public","Higher","Integrated",1,35,70,239.551807251517,1
"SYN-SCLC-001148",TRUE,"SCLC","SIM-F039",44,"Male","Other",0,"Extensive",2017,"Public","Higher","Integrated",1,9,40,1305.39014162108,1
"SYN-SCLC-001149",TRUE,"SCLC","SIM-F037",85,"Male","Other",0,"Extensive",2016,"Public","Higher","Community",0,NA,NA,0.77264058980886,1
"SYN-SCLC-001150",TRUE,"SCLC","SIM-F002",80,"Male","Black",1,"Extensive",2011,"Private","Lower","Academic",0,39,NA,308.622767155975,1
"SYN-SCLC-001151",TRUE,"SCLC","SIM-F044",80,"Female","Black",0,"Extensive",2018,"Private","Higher","Academic",1,28,49,54.9665866417541,1
"SYN-SCLC-001152",TRUE,"SCLC","SIM-F042",45,"Male","Other",0,"Extensive",2019,"Public","Higher",NA,1,43,NA,1828.80671686708,1
"SYN-SCLC-001153",TRUE,"SCLC","SIM-F056",61,"Male","Black",2,"Extensive",2019,"Private","Middle","Academic",1,24,60,292.706583577044,1
"SYN-SCLC-001154",TRUE,"SCLC","SIM-F053",72,"Male","Black",1,"Extensive",2011,"Private","Higher","Academic",0,27,NA,401.060888641103,1
"SYN-SCLC-001155",TRUE,"SCLC","SIM-F015",73,"Male","Hispanic",1,"Extensive",2015,"Public","Middle","Academic",NA,16,NA,1723.81116672754,1
"SYN-SCLC-001156",TRUE,"SCLC","SIM-F015",79,"Female","Hispanic",1,"Extensive",2019,"Public",NA,"Academic",0,35,NA,349.853432972868,1
"SYN-SCLC-001157",TRUE,"SCLC","SIM-F023",56,"Male","Hispanic",0,"Extensive",2020,"Private","Lower","Integrated",1,6,29,194.045605257051,1
"SYN-SCLC-001158",TRUE,"SCLC","SIM-F052",61,"Male","Black",0,"Extensive",2017,"Private","Higher","Academic",1,40,42,513.786078443444,1
"SYN-SCLC-001159",TRUE,"SCLC","SIM-F024",73,"Female","Black",1,"Extensive",2014,NA,"Lower","Integrated",0,26,NA,120.124592682134,1
"SYN-SCLC-001160",TRUE,"SCLC","SIM-F042",70,"Female","Other",0,"Extensive",2017,"Private","Middle","Academic",0,17,NA,206.652743488127,1
"SYN-SCLC-001161",TRUE,"SCLC","SIM-F022",52,"Male","Other",1,"Extensive",2019,"Private","Middle","Integrated",1,36,51,54.7283107171599,1
"SYN-SCLC-001162",TRUE,"SCLC","SIM-F025",59,"Male","Hispanic",0,"Extensive",2019,"Private","Middle","Integrated",0,11,NA,44.1822641758236,1
"SYN-SCLC-001163",TRUE,"SCLC","SIM-F058",56,"Female","Hispanic",1,"Extensive",2014,"Public","Middle","Academic",1,24,61,497.450094807386,1
"SYN-SCLC-001164",TRUE,"SCLC","SIM-F011",75,"Female","Other",2,"Extensive",2021,"Public","Higher","Integrated",0,14,NA,88.8794296722942,1
"SYN-SCLC-001165",TRUE,"SCLC","SIM-F039",85,"Female","Hispanic",0,"Extensive",2014,"Private",NA,"Integrated",0,13,NA,445.929852530471,1
"SYN-SCLC-001166",TRUE,"SCLC","SIM-F011",68,"Male","Other",1,"Extensive",2022,"Private","Higher","Integrated",1,26,55,905.533131134484,1
"SYN-SCLC-001167",TRUE,"SCLC","SIM-F059",68,"Female","Black",0,"Limited",2016,"Public",NA,"Academic",0,37,NA,348.450233805262,1
"SYN-SCLC-001168",TRUE,"SCLC","SIM-F049",62,"Male","Black",1,"Extensive",2011,"Private","Lower","Academic",0,13,NA,381.136322796768,1
"SYN-SCLC-001169",TRUE,"SCLC","SIM-F056",57,"Female","Other",1,"Limited",2012,"Public","Middle","Academic",1,8,8,795.103030448472,1
"SYN-SCLC-001170",TRUE,"SCLC","SIM-F013",60,"Male","Other",0,"Extensive",2018,"Private","Higher","Integrated",1,27,58,893.875376947044,1
"SYN-SCLC-001171",TRUE,"SCLC","SIM-F039",72,"Female","Other",1,"Extensive",2015,"Private","Higher","Integrated",0,36,NA,300.499248964603,1
"SYN-SCLC-001172",TRUE,"SCLC","SIM-F021",68,"Female","Hispanic",1,"Extensive",2017,"Private","Lower","Community",0,38,NA,426.228092782816,1
"SYN-SCLC-001173",TRUE,"SCLC","SIM-F021",68,"Female","Black",1,"Extensive",2017,"Private","Lower","Community",1,30,65,134.334561558059,1
"SYN-SCLC-001174",TRUE,"SCLC","SIM-F024",46,"Male","Other",0,"Extensive",2012,"Public","Lower","Integrated",1,30,70,552.20129862863,1
"SYN-SCLC-001175",TRUE,"SCLC","SIM-F004",51,"Female","Other",0,"Extensive",2018,"Private","Lower","Community",1,13,22,1029.96743410973,1
"SYN-SCLC-001176",TRUE,"SCLC","SIM-F024",68,"Female","Hispanic",1,"Limited",2010,"Public","Higher","Integrated",0,34,NA,72.4974952531493,1
"SYN-SCLC-001177",TRUE,"SCLC","SIM-F015",53,"Male","Other",0,"Extensive",2010,"Private","Lower","Academic",1,20,54,1613.33367675178,1
"SYN-SCLC-001178",TRUE,"SCLC","SIM-F058",82,"Female","Other",0,"Limited",2022,"Public","Middle","Academic",0,9,NA,104.731099690478,1
"SYN-SCLC-001179",TRUE,"SCLC","SIM-F037",68,"Male","Other",0,"Extensive",2015,"Public",NA,"Community",1,7,29,1374.35768613166,1
"SYN-SCLC-001180",TRUE,"SCLC","SIM-F002",60,"Male","Black",1,"Extensive",2012,"Public","Middle","Academic",1,31,44,196.606915392093,1
"SYN-SCLC-001181",TRUE,"SCLC","SIM-F050",56,"Female","Other",0,"Extensive",2015,"Public","Higher","Academic",1,27,55,829.987833737245,1
"SYN-SCLC-001182",TRUE,"SCLC","SIM-F016",47,"Female","Black",0,"Extensive",2021,"Private","Lower",NA,0,29,NA,764.061678784266,0
"SYN-SCLC-001183",TRUE,"SCLC","SIM-F018",81,"Male","Hispanic",0,"Extensive",2021,"Public","Lower","Integrated",0,19,NA,177.710475493201,1
"SYN-SCLC-001184",TRUE,"SCLC","SIM-F019",63,"Male","Other",2,"Extensive",2012,"Public","Higher","Academic",0,43,NA,925.362055754463,1
"SYN-SCLC-001185",TRUE,"SCLC","SIM-F046",76,"Female","Other",0,"Extensive",2017,NA,"Higher","Academic",0,32,NA,90.2227474471057,1
"SYN-SCLC-001186",TRUE,"SCLC","SIM-F056",56,"Male","Hispanic",1,"Extensive",2011,"Private","Higher","Academic",1,36,47,61.5552741066291,1
"SYN-SCLC-001187",TRUE,"SCLC","SIM-F018",60,"Female","Black",0,"Extensive",2014,"Private","Lower","Integrated",1,28,54,226.173176207348,1
"SYN-SCLC-001188",TRUE,"SCLC","SIM-F035",57,"Male","Hispanic",0,"Extensive",2020,"Public","Lower","Integrated",1,41,77,466.314490770697,1
"SYN-SCLC-001189",TRUE,"SCLC","SIM-F047",49,"Female","Black",0,"Extensive",2012,"Public","Middle",NA,1,11,45,913.360759899549,1
"SYN-SCLC-001190",TRUE,"SCLC","SIM-F046",53,"Female","Hispanic",1,"Extensive",2012,"Private","Higher","Academic",1,23,29,167.993354428151,1
"SYN-SCLC-001191",TRUE,"SCLC","SIM-F034",74,"Female","Black",1,"Extensive",2021,"Public","Higher",NA,0,21,NA,71.5398001172518,1
"SYN-SCLC-001192",TRUE,"SCLC","SIM-F049",53,"Male","Black",0,"Extensive",2020,"Private","Middle","Academic",1,41,NA,62.4375201920122,1
"SYN-SCLC-001193",TRUE,"SCLC","SIM-F012",61,"Male","Black",0,"Extensive",2019,"Public","Middle",NA,1,30,41,70.4872240804145,1
"SYN-SCLC-001194",TRUE,"SCLC","SIM-F045",71,"Male","Other",1,"Extensive",2016,"Public","Higher","Community",1,21,25,79.842366974992,1
"SYN-SCLC-001195",TRUE,"SCLC","SIM-F020",62,"Male","Other",2,"Extensive",2017,"Private","Higher","Community",0,11,NA,413.607469199196,1
"SYN-SCLC-001196",TRUE,"SCLC","SIM-F031",78,"Female","Black",2,"Extensive",2011,"Public","Middle","Academic",0,28,NA,29.7011347334192,1
"SYN-SCLC-001197",TRUE,"SCLC","SIM-F045",63,"Female","Black",2,"Extensive",2015,"Private","Middle",NA,0,15,NA,120.679979824785,1
"SYN-SCLC-001198",TRUE,"SCLC","SIM-F019",90,"Female","Other",0,"Limited",2021,"Private","Higher","Academic",1,11,43,292.607403024684,1
"SYN-SCLC-001199",TRUE,"SCLC","SIM-F021",49,"Female","Black",0,"Extensive",2018,"Private",NA,NA,1,45,84,907.714797573635,1
"SYN-SCLC-001200",TRUE,"SCLC","SIM-F036",55,"Female","Hispanic",0,"Extensive",2015,"Private","Lower",NA,1,18,42,813.521134101306,1
"SYN-SCLC-001201",TRUE,"SCLC","SIM-F027",82,"Male","Black",0,"Extensive",2021,"Private","Higher","Integrated",NA,8,33,64.6112399962179,1
"SYN-SCLC-001202",TRUE,"SCLC","SIM-F010",55,"Male","Other",0,"Extensive",2022,"Private","Middle","Integrated",0,17,NA,1031.47008032519,1
"SYN-SCLC-001203",TRUE,"SCLC","SIM-F024",85,"Male","Other",1,"Extensive",2020,"Public","Middle","Integrated",0,11,NA,91.3573882068917,1
"SYN-SCLC-001204",TRUE,"SCLC","SIM-F034",57,"Male","Black",NA,"Extensive",2022,"Private","Middle","Community",1,21,33,1714.99077475785,1
"SYN-SCLC-001205",TRUE,"SCLC","SIM-F025",65,"Male","Other",0,"Extensive",2014,"Private","Lower","Integrated",1,41,61,826.800923340421,1
"SYN-SCLC-001206",TRUE,"SCLC","SIM-F058",60,"Male","Other",0,"Extensive",2021,"Private",NA,"Academic",1,19,29,313.867339514521,1
"SYN-SCLC-001207",TRUE,"SCLC","SIM-F047",65,"Male","Black",0,"Extensive",2013,"Public",NA,"Integrated",1,22,40,1636.41499907046,1
"SYN-SCLC-001208",TRUE,"SCLC","SIM-F014",64,"Male","Other",2,"Limited",2021,"Private","Lower","Integrated",0,13,NA,513.916072532289,1
"SYN-SCLC-001209",TRUE,"SCLC","SIM-F029",58,"Female","Other",1,"Extensive",2015,"Public","Middle","Integrated",1,20,26,118.833242997603,1
"SYN-SCLC-001210",TRUE,"SCLC","SIM-F050",65,"Female","Hispanic",0,"Extensive",2020,"Public","Middle","Academic",1,33,50,938.599337028989,1
"SYN-SCLC-001211",TRUE,"SCLC","SIM-F052",90,"Female","Black",1,"Extensive",2013,"Public","Middle","Academic",0,31,NA,57.7140831968403,1
"SYN-SCLC-001212",TRUE,"SCLC","SIM-F026",59,"Male","Hispanic",1,"Extensive",2013,"Public","Middle","Academic",1,38,59,691.937885116786,0
"SYN-SCLC-001213",TRUE,"SCLC","SIM-F005",69,"Male","Other",1,"Limited",2012,"Public","Higher","Community",1,43,54,138.729063224278,1
"SYN-SCLC-001214",TRUE,"SCLC","SIM-F046",64,"Female","Other",1,"Extensive",2018,"Private","Lower","Academic",0,18,NA,315.76675832495,1
"SYN-SCLC-001215",TRUE,"SCLC","SIM-F058",60,"Male","Black",1,"Extensive",2021,"Public","Lower",NA,0,25,NA,177.117146565495,1
"SYN-SCLC-001216",TRUE,"SCLC","SIM-F059",65,"Female","Other",1,"Extensive",2010,"Private","Middle","Academic",0,25,NA,144.905746694767,1
"SYN-SCLC-001217",TRUE,"SCLC","SIM-F028",48,"Male","Black",1,"Limited",2012,"Private","Middle","Community",1,45,66,1419.7304174793,0
"SYN-SCLC-001218",TRUE,"SCLC","SIM-F034",77,"Female","Hispanic",1,"Limited",2019,"Private","Higher","Community",1,14,16,1952.53548389474,1
"SYN-SCLC-001219",TRUE,"SCLC","SIM-F001",59,"Female","Hispanic",1,"Extensive",2020,"Public","Middle","Community",1,36,49,515.637700066733,1
"SYN-SCLC-001220",TRUE,"SCLC","SIM-F005",51,"Male","Black",0,"Extensive",2016,"Private","Middle","Community",0,41,NA,171.261577529455,1
"SYN-SCLC-001221",TRUE,"SCLC","SIM-F008",52,"Female","Hispanic",1,"Extensive",2016,"Public",NA,"Academic",0,27,NA,1913.58737598451,1
"SYN-SCLC-001222",TRUE,"SCLC","SIM-F010",56,"Female","Other",0,"Extensive",2014,"Public","Middle","Integrated",0,35,NA,136.689432629645,1
"SYN-SCLC-001223",TRUE,"SCLC","SIM-F047",64,"Male","Other",1,"Limited",2011,"Private","Lower",NA,0,14,NA,225.910820926519,1
"SYN-SCLC-001224",TRUE,"SCLC","SIM-F012",55,"Female","Hispanic",1,"Limited",2019,"Public","Lower","Community",0,8,NA,262.403684346924,1
"SYN-SCLC-001225",TRUE,"SCLC","SIM-F023",58,"Female","Other",0,"Extensive",2021,"Private","Middle","Integrated",1,16,37,146.392651514405,1
"SYN-SCLC-001226",TRUE,"SCLC","SIM-F029",63,"Female","Other",0,"Extensive",2012,"Private","Middle","Integrated",0,12,NA,99.2697109591108,1
"SYN-SCLC-001227",TRUE,"SCLC","SIM-F059",64,"Male","Black",1,"Extensive",2013,NA,"Middle","Academic",1,13,13,1478.86720018183,1
"SYN-SCLC-001228",TRUE,"SCLC","SIM-F036",89,"Female","Other",0,"Limited",2015,"Public","Middle","Academic",0,NA,NA,0.750264375570523,1
"SYN-SCLC-001229",TRUE,"SCLC","SIM-F046",58,"Female","Other",0,"Extensive",2015,"Private","Middle","Academic",1,44,54,2062.55772899836,0
"SYN-SCLC-001230",TRUE,"SCLC","SIM-F037",79,"Male","Other",1,"Extensive",2022,"Public",NA,"Community",1,27,42,196.190862312843,1
"SYN-SCLC-001231",TRUE,"SCLC","SIM-F040",45,"Female","Black",1,"Extensive",2020,"Private","Lower","Community",1,5,17,346.846218638495,1
"SYN-SCLC-001232",TRUE,"SCLC","SIM-F003",77,"Female","Other",0,"Limited",2015,"Private",NA,"Integrated",0,13,NA,431.781117693663,1
"SYN-SCLC-001233",TRUE,"SCLC","SIM-F012",37,"Female","Black",0,"Extensive",2013,"Private",NA,"Community",1,34,55,1121.87579335104,1
"SYN-SCLC-001234",TRUE,"SCLC","SIM-F007",81,"Female","Black",2,"Extensive",2020,"Private","Middle","Academic",0,10,NA,41.1246743821823,1
"SYN-SCLC-001235",TRUE,"SCLC","SIM-F015",48,"Male","Other",0,"Extensive",2018,"Public","Higher","Academic",1,8,11,589.776570955068,1
"SYN-SCLC-001236",TRUE,"SCLC","SIM-F035",63,"Female","Black",1,"Limited",2010,"Private","Higher","Integrated",0,25,NA,60.4360677726626,1
"SYN-SCLC-001237",TRUE,"SCLC","SIM-F011",83,"Female","Hispanic",0,"Extensive",2014,"Private","Higher","Integrated",0,17,NA,625.68861779293,1
"SYN-SCLC-001238",TRUE,"SCLC","SIM-F008",41,"Female","Black",0,"Limited",2013,"Public","Lower","Academic",0,45,NA,736.739369683129,1
"SYN-SCLC-001239",TRUE,"SCLC","SIM-F026",61,"Female","Other",1,"Extensive",2017,"Private","Higher","Academic",1,43,57,1424.38188227428,1
"SYN-SCLC-001240",TRUE,"SCLC","SIM-F019",45,"Female","Black",1,"Limited",2014,"Private","Lower","Academic",0,27,NA,1569.13241475937,0
"SYN-SCLC-001241",TRUE,"SCLC","SIM-F021",56,"Male","Other",1,"Limited",2010,"Public","Lower","Community",0,25,NA,78.7191189453006,0
"SYN-SCLC-001242",TRUE,"SCLC","SIM-F007",37,"Female","Other",0,"Extensive",2016,"Public","Lower",NA,1,5,38,1407.67057501534,1
"SYN-SCLC-001243",TRUE,"SCLC","SIM-F017",68,"Female","Black",1,"Extensive",2017,"Public","Higher","Academic",1,43,81,228.053557957468,1
"SYN-SCLC-001244",TRUE,"SCLC","SIM-F059",90,"Female","Other",0,"Extensive",2016,"Public","Lower","Academic",1,23,45,303.298697672125,1
"SYN-SCLC-001245",TRUE,"SCLC","SIM-F032",84,"Male","Hispanic",1,"Extensive",2010,"Public","Higher","Academic",0,16,NA,218.205312729074,1
"SYN-SCLC-001246",TRUE,"SCLC","SIM-F021",61,"Male","Black",1,"Limited",2014,"Public","Lower","Community",0,27,NA,220.590021796525,0
"SYN-SCLC-001247",TRUE,"SCLC","SIM-F037",54,"Male","Black",2,"Extensive",2019,"Private","Middle","Community",0,32,NA,230.50842567667,1
"SYN-SCLC-001248",TRUE,"SCLC","SIM-F059",67,"Male","Other",1,"Extensive",2022,"Private","Lower","Academic",0,44,NA,278.209954587267,1
"SYN-SCLC-001249",TRUE,"SCLC","SIM-F034",64,"Male","Hispanic",0,"Limited",2015,"Private","Lower","Community",1,36,49,1924.56436651642,0
"SYN-SCLC-001250",TRUE,"SCLC","SIM-F051",62,"Female","Other",0,"Extensive",2012,"Private","Middle","Community",0,25,NA,345.329956841599,0
"SYN-SCLC-001251",TRUE,"SCLC","SIM-F006",72,"Male","Black",0,"Limited",2020,"Public","Higher","Integrated",0,15,NA,188.09555182042,1
"SYN-SCLC-001252",TRUE,"SCLC","SIM-F031",41,"Male","Black",1,"Limited",2014,"Private","Lower","Academic",0,18,NA,1701.18844279212,1
"SYN-SCLC-001253",TRUE,"SCLC","SIM-F048",35,"Male","Hispanic",0,"Extensive",2019,"Public","Middle","Community",1,100,40,1606.4687724965,1
"SYN-SCLC-001254",TRUE,"SCLC","SIM-F018",64,"Female","Hispanic",1,"Extensive",2020,"Private","Lower","Integrated",1,22,22,796.897034914645,1
"SYN-SCLC-001255",TRUE,"SCLC","SIM-F017",57,"Male","Other",0,"Extensive",2012,"Private","Higher","Academic",1,23,63,1966.33131620641,1
"SYN-SCLC-001256",TRUE,"SCLC","SIM-F014",61,"Male","Other",0,"Extensive",2017,"Private","Middle","Integrated",1,37,43,50.3591527252554,1
"SYN-SCLC-001257",TRUE,"SCLC","SIM-F023",42,"Male","Hispanic",0,"Extensive",2011,"Private","Higher","Integrated",0,NA,NA,15.19468979239,1
"SYN-SCLC-001258",TRUE,"SCLC","SIM-F029",64,"Male","Other",0,"Limited",2019,"Private","Lower","Integrated",0,34,NA,434.83088860128,1
"SYN-SCLC-001259",TRUE,"SCLC","SIM-F024",49,"Male","Hispanic",0,"Extensive",2021,"Private","Lower","Integrated",1,33,33,200.53953156237,0
"SYN-SCLC-001260",TRUE,"SCLC","SIM-F012",47,"Male","Black",0,"Extensive",2018,"Private","Higher","Community",1,41,72,1513.99004479405,0
"SYN-SCLC-001261",TRUE,"SCLC","SIM-F013",58,"Male","Hispanic",0,"Extensive",2013,"Public","Middle","Integrated",1,35,39,623.328549702313,1
"SYN-SCLC-001262",TRUE,"SCLC","SIM-F014",56,"Female","Black",0,"Extensive",2015,"Private","Higher","Integrated",1,12,33,808.700245232716,0
"SYN-SCLC-001263",TRUE,"SCLC","SIM-F054",44,"Female","Hispanic",0,"Extensive",2011,"Private","Middle","Integrated",1,10,30,606.61121332785,1
"SYN-SCLC-001264",TRUE,"SCLC","SIM-F051",55,"Male","Hispanic",1,"Extensive",2015,"Private","Middle",NA,1,23,52,543.753957955425,1
"SYN-SCLC-001265",TRUE,"SCLC","SIM-F042",71,"Male","Other",1,"Extensive",2013,"Private","Lower","Academic",0,38,NA,146.694307170459,1
"SYN-SCLC-001266",TRUE,"SCLC","SIM-F001",53,"Female","Black",0,"Extensive",2022,"Private","Higher","Community",1,15,48,267.81607323993,1
"SYN-SCLC-001267",TRUE,"SCLC","SIM-F019",47,"Male","Other",0,"Extensive",2015,"Private","Lower","Academic",1,21,33,544.389874247738,1
"SYN-SCLC-001268",TRUE,"SCLC","SIM-F046",67,"Female","Black",0,"Extensive",2021,"Public","Higher","Academic",0,5,NA,166.117858687332,1
"SYN-SCLC-001269",TRUE,"SCLC","SIM-F025",63,"Male","Other",1,"Extensive",2020,"Private","Middle","Integrated",1,38,NA,41.2928995573497,1
"SYN-SCLC-001270",TRUE,"SCLC","SIM-F001",72,"Male","Hispanic",0,"Extensive",2011,"Private","Lower","Community",0,25,NA,339.572022504591,1
"SYN-SCLC-001271",TRUE,"SCLC","SIM-F037",58,"Female","Other",0,"Extensive",2022,"Public","Lower","Community",1,15,34,2322.30295206187,0
"SYN-SCLC-001272",TRUE,"SCLC","SIM-F023",38,"Female","Other",1,"Extensive",2019,"Private","Higher","Integrated",1,5,10,1944.5789052048,1
"SYN-SCLC-001273",TRUE,"SCLC","SIM-F038",54,"Female","Black",1,"Extensive",2017,"Private","Higher","Community",0,14,NA,1049.53293145289,1
"SYN-SCLC-001274",TRUE,"SCLC","SIM-F059",64,"Female","Hispanic",0,"Extensive",2022,NA,"Higher","Academic",1,19,24,783.322205412425,1
"SYN-SCLC-001275",TRUE,"SCLC","SIM-F046",58,"Male","Black",1,"Extensive",2011,"Private","Middle","Academic",1,8,33,1142.23398617857,1
"SYN-SCLC-001276",TRUE,"SCLC","SIM-F059",90,"Female","Hispanic",1,"Extensive",2020,"Public","Middle","Academic",0,9,NA,578.717027062986,1
"SYN-SCLC-001277",TRUE,"SCLC","SIM-F005",47,"Female","Hispanic",1,"Extensive",2017,"Public","Middle","Community",0,28,NA,172.783204390864,1
"SYN-SCLC-001278",TRUE,"SCLC","SIM-F058",64,"Female","Hispanic",0,"Extensive",2011,"Public","Lower","Academic",0,100,NA,2194.84813848627,0
"SYN-SCLC-001279",TRUE,"SCLC","SIM-F031",56,"Female","Black",1,"Extensive",2018,"Private",NA,"Academic",1,36,40,921.423502791748,1
"SYN-SCLC-001280",TRUE,"SCLC","SIM-F054",34,"Female","Other",1,"Extensive",2020,"Private","Lower","Integrated",1,42,50,1130.53183112931,0
"SYN-SCLC-001281",TRUE,"SCLC","SIM-F053",73,"Male","Hispanic",1,"Extensive",2020,"Private","Lower","Academic",1,33,61,149.406293559878,1
"SYN-SCLC-001282",TRUE,"SCLC","SIM-F051",74,"Male","Hispanic",0,"Extensive",2018,"Private",NA,"Community",1,31,62,664.507033073828,1
"SYN-SCLC-001283",TRUE,"SCLC","SIM-F060",60,"Male","Black",1,"Extensive",2015,"Public","Lower","Academic",1,8,14,718.24087374899,1
"SYN-SCLC-001284",TRUE,"SCLC","SIM-F020",65,"Female","Black",2,"Extensive",2016,"Public","Middle","Community",0,37,NA,39.3016622065328,1
"SYN-SCLC-001285",TRUE,"SCLC","SIM-F058",59,"Female","Other",0,"Limited",2013,"Private","Higher","Academic",0,32,NA,1329.72104059532,0
"SYN-SCLC-001286",TRUE,"SCLC","SIM-F002",42,"Male","Other",1,"Extensive",2011,NA,"Lower","Academic",1,41,47,1249.22367316548,1
"SYN-SCLC-001287",TRUE,"SCLC","SIM-F027",63,"Female","Hispanic",0,"Extensive",2013,"Private","Higher","Integrated",1,21,43,642.900598306596,1
"SYN-SCLC-001288",TRUE,"SCLC","SIM-F033",68,"Male","Other",0,"Extensive",2021,"Public","Higher","Community",1,16,NA,22.5165300952637,1
"SYN-SCLC-001289",TRUE,"SCLC","SIM-F030",65,"Female","Hispanic",0,"Extensive",2012,"Public","Middle","Academic",0,24,NA,870.196703257148,1
"SYN-SCLC-001290",TRUE,"SCLC","SIM-F019",65,"Male","Other",2,"Limited",2012,"Private","Middle","Academic",1,24,60,632.675093934839,1
"SYN-SCLC-001291",TRUE,"SCLC","SIM-F032",37,"Male","Other",1,"Extensive",2016,"Private",NA,"Academic",0,13,NA,235.599870824007,1
"SYN-SCLC-001292",TRUE,"SCLC","SIM-F041",49,"Male","Black",1,"Extensive",2019,"Private","Lower","Academic",1,23,26,78.8196082972702,1
"SYN-SCLC-001293",TRUE,"SCLC","SIM-F055",48,"Female","Other",2,"Extensive",2012,"Public","Middle","Academic",0,6,NA,1031.42146991286,1
"SYN-SCLC-001294",TRUE,"SCLC","SIM-F043",56,"Male","Black",0,"Limited",2021,"Private","Middle","Integrated",0,7,NA,416.458400071309,1
"SYN-SCLC-001295",TRUE,"SCLC","SIM-F006",66,"Male","Other",0,"Limited",2010,"Public","Middle","Integrated",0,34,NA,449.022978117526,1
"SYN-SCLC-001296",TRUE,"SCLC","SIM-F010",80,"Male","Other",0,"Extensive",2012,"Public","Middle","Integrated",0,45,NA,175.42108542255,1
"SYN-SCLC-001297",TRUE,"SCLC","SIM-F014",56,"Male","Hispanic",0,"Extensive",2017,"Public","Higher","Integrated",1,40,68,465.002333569076,1
"SYN-SCLC-001298",TRUE,"SCLC","SIM-F027",66,"Female","Hispanic",0,"Extensive",2011,"Public","Middle","Integrated",1,33,38,708.256509905257,1
"SYN-SCLC-001299",TRUE,"SCLC","SIM-F049",62,"Male","Other",1,"Extensive",2021,"Public","Higher","Academic",1,12,45,819.011402899206,1
"SYN-SCLC-001300",TRUE,"SCLC","SIM-F038",81,"Male","Hispanic",0,"Extensive",2017,"Public","Middle","Community",0,10,NA,209.892618875619,1
"SYN-SCLC-001301",TRUE,"SCLC","SIM-F058",57,"Male","Hispanic",0,"Extensive",2020,"Public","Lower","Academic",1,15,47,1840.82659219606,1
"SYN-SCLC-001302",TRUE,"SCLC","SIM-F017",58,"Male","Black",0,"Extensive",2012,"Private","Higher","Academic",1,10,28,1203.10928749136,1
"SYN-SCLC-001303",TRUE,"SCLC","SIM-F014",65,"Male","Black",0,"Extensive",2011,"Private","Higher","Integrated",1,31,47,1319.79441608652,0
"SYN-SCLC-001304",TRUE,"SCLC","SIM-F006",45,"Male","Black",0,"Extensive",2019,"Private","Middle","Integrated",1,43,55,130.070810300219,0
"SYN-SCLC-001305",TRUE,"SCLC","SIM-F029",50,"Male","Black",0,"Extensive",2012,"Public","Lower","Integrated",0,23,NA,394.142871782565,1
"SYN-SCLC-001306",TRUE,"SCLC","SIM-F021",60,"Male","Hispanic",1,"Extensive",2019,"Private","Higher","Community",0,40,NA,738.276818887442,1
"SYN-SCLC-001307",TRUE,"SCLC","SIM-F060",52,"Male","Hispanic",0,"Extensive",2016,"Private","Middle","Academic",1,13,31,862.006747855608,1
"SYN-SCLC-001308",TRUE,"SCLC","SIM-F036",49,"Female","Other",1,"Extensive",2013,"Private","Middle","Academic",0,42,NA,816.758191731155,1
"SYN-SCLC-001309",TRUE,"SCLC","SIM-F041",63,"Male","Other",1,"Extensive",2017,"Public","Lower","Academic",0,34,NA,41.7681713132619,1
"SYN-SCLC-001310",TRUE,"SCLC","SIM-F027",76,"Female","Other",2,"Extensive",2017,"Public","Middle","Integrated",1,40,57,242.37741022659,1
"SYN-SCLC-001311",TRUE,"SCLC","SIM-F006",53,"Female","Other",1,"Extensive",2021,"Public","Higher",NA,1,35,46,397.098442962598,1
"SYN-SCLC-001312",TRUE,"SCLC","SIM-F004",55,"Male","Hispanic",1,"Extensive",2021,"Public","Higher","Community",0,16,NA,173.827261133275,1
"SYN-SCLC-001313",TRUE,"SCLC","SIM-F023",33,"Male","Other",0,"Limited",2015,"Private","Middle","Integrated",1,100,9,1700.22244440857,0
"SYN-SCLC-001314",TRUE,"SCLC","SIM-F048",71,"Male","Black",0,"Extensive",2014,"Private","Higher","Community",0,12,NA,323.67010847301,1
"SYN-SCLC-001315",TRUE,"SCLC","SIM-F010",82,"Female","Other",1,"Extensive",2021,"Private","Middle","Integrated",0,33,NA,553.909789346394,1
"SYN-SCLC-001316",TRUE,"SCLC","SIM-F001",58,"Female","Black",1,"Extensive",2017,"Private","Lower","Community",0,24,NA,365.586346644055,1
"SYN-SCLC-001317",TRUE,"SCLC","SIM-F016",59,"Female","Black",1,"Extensive",2010,"Private","Higher","Academic",0,36,NA,111.388544280396,1
"SYN-SCLC-001318",TRUE,"SCLC","SIM-F023",47,"Female","Other",0,"Extensive",2021,"Private","Higher","Integrated",0,NA,NA,31.685889787337,1
"SYN-SCLC-001319",TRUE,"SCLC","SIM-F020",69,"Female","Hispanic",0,"Extensive",2016,"Public","Lower","Community",0,37,NA,346.410252740842,1
"SYN-SCLC-001320",TRUE,"SCLC","SIM-F046",58,"Female","Other",2,"Extensive",2019,"Private","Lower","Academic",0,16,NA,749.363641047385,1
"SYN-SCLC-001321",TRUE,"SCLC","SIM-F060",69,"Male","Hispanic",0,"Limited",2010,"Private","Lower","Academic",0,36,NA,389.603307248033,1
"SYN-SCLC-001322",TRUE,"SCLC","SIM-F058",83,"Female","Other",2,"Extensive",2021,NA,"Lower","Academic",0,35,NA,114.395443516007,1
"SYN-SCLC-001323",TRUE,"SCLC","SIM-F012",66,"Female","Black",1,"Extensive",2014,"Private","Higher","Community",1,16,29,599.283421005667,1
"SYN-SCLC-001324",TRUE,"SCLC","SIM-F046",57,"Male","Hispanic",2,"Extensive",2013,"Private","Higher",NA,1,15,38,672.612214787445,NA
"SYN-SCLC-001325",TRUE,"SCLC","SIM-F001",23,"Male","Other",0,"Extensive",2010,"Private","Middle",NA,1,18,52,1394.57346741349,1
"SYN-SCLC-001326",TRUE,"SCLC","SIM-F032",41,"Female","Hispanic",0,"Extensive",2015,"Private","Lower","Academic",1,42,66,77.9951297839685,1
"SYN-SCLC-001327",TRUE,"SCLC","SIM-F053",76,"Male","Black",0,"Extensive",2011,"Public","Middle",NA,0,31,NA,460.592870351197,1
"SYN-SCLC-001328",TRUE,"SCLC","SIM-F024",70,"Male","Other",0,"Extensive",2016,"Private","Middle","Integrated",1,6,42,147.617067972191,1
"SYN-SCLC-001329",TRUE,"SCLC","SIM-F006",56,"Female","Other",1,"Extensive",2015,"Public","Higher","Integrated",0,13,NA,61.6326820415848,1
"SYN-SCLC-001330",TRUE,"SCLC","SIM-F053",70,"Male","Hispanic",0,"Extensive",2020,"Public","Higher","Academic",0,15,NA,817.97378119448,1
"SYN-SCLC-001331",TRUE,"SCLC","SIM-F031",50,"Female","Hispanic",1,"Extensive",2016,"Private","Lower","Academic",1,23,57,288.411160334945,0
"SYN-SCLC-001332",TRUE,"SCLC","SIM-F004",48,"Male","Black",0,"Extensive",2016,"Private",NA,"Community",0,7,NA,187.404027609291,1
"SYN-SCLC-001333",TRUE,"SCLC","SIM-F033",60,"Female","Hispanic",1,"Extensive",2016,"Public","Higher","Community",0,43,NA,518.180204486419,1
"SYN-SCLC-001334",TRUE,"SCLC","SIM-F025",26,"Female","Black",0,"Extensive",2011,"Private","Higher","Integrated",0,19,NA,1893.33204439039,1
"SYN-SCLC-001335",TRUE,"SCLC","SIM-F044",51,"Male","Other",1,"Limited",2012,"Private",NA,"Academic",1,5,27,94.0405460015791,1
"SYN-SCLC-001336",TRUE,"SCLC","SIM-F003",74,"Male","Black",0,"Extensive",2022,"Public","Lower","Integrated",0,NA,NA,34.6823606496803,1
"SYN-SCLC-001337",TRUE,"SCLC","SIM-F038",73,"Male","Black",1,"Extensive",2015,"Public","Higher","Community",1,35,56,69.1098942790655,1
"SYN-SCLC-001338",TRUE,"SCLC","SIM-F048",56,"Male","Hispanic",2,"Extensive",2012,"Public","Higher","Community",1,17,29,240.305850696657,1
"SYN-SCLC-001339",TRUE,"SCLC","SIM-F024",38,"Female","Hispanic",0,"Limited",2010,"Private","Middle","Integrated",0,14,NA,1360.55903125904,0
"SYN-SCLC-001340",TRUE,"SCLC","SIM-F042",51,"Female","Hispanic",0,"Extensive",2014,"Private","Lower","Academic",1,38,66,1271.4394839853,0
"SYN-SCLC-001341",TRUE,"SCLC","SIM-F038",80,"Female","Black",0,"Extensive",2010,"Public","Higher","Community",1,29,38,514.039483979448,1
"SYN-SCLC-001342",TRUE,"SCLC","SIM-F005",67,"Male","Black",0,"Extensive",2012,"Private","Lower","Community",1,38,53,1369.62582630874,1
"SYN-SCLC-001343",TRUE,"SCLC","SIM-F034",55,"Female","Other",1,"Extensive",2012,NA,"Lower","Community",1,14,34,1339.68093729578,0
"SYN-SCLC-001344",TRUE,"SCLC","SIM-F024",66,"Female","Hispanic",0,"Extensive",2013,"Public","Higher","Integrated",0,15,NA,315.865292083472,0
"SYN-SCLC-001345",TRUE,"SCLC","SIM-F014",69,"Female","Black",1,"Extensive",2015,"Public","Higher","Integrated",0,100,NA,47.644746252539,1
"SYN-SCLC-001346",TRUE,"SCLC","SIM-F023",59,"Male","Black",1,"Extensive",2011,"Private","Higher","Integrated",0,6,NA,134.450507984389,1
"SYN-SCLC-001347",TRUE,"SCLC","SIM-F036",43,"Male","Black",0,"Limited",2018,NA,"Middle","Academic",1,21,21,1430.55786386972,1
"SYN-SCLC-001348",TRUE,"SCLC","SIM-F059",58,"Male","Other",0,"Extensive",2020,"Private","Middle","Academic",0,23,NA,2285.48104628921,0
"SYN-SCLC-001349",TRUE,"SCLC","SIM-F047",72,"Female","Other",0,"Extensive",2010,"Public","Lower","Integrated",0,42,NA,107.203616234942,1
"SYN-SCLC-001350",TRUE,"SCLC","SIM-F020",64,"Male","Hispanic",1,"Extensive",2016,"Private","Higher","Community",0,5,NA,1475.43401447797,1
"SYN-SCLC-001351",TRUE,"SCLC","SIM-F027",69,"Female","Hispanic",1,"Extensive",2012,"Public",NA,"Integrated",0,22,NA,60.3312125396652,1
"SYN-SCLC-001352",TRUE,"SCLC","SIM-F015",59,"Male","Hispanic",0,"Extensive",2015,"Public","Lower","Academic",0,23,NA,84.5169700177608,1
"SYN-SCLC-001353",TRUE,"SCLC","SIM-F050",41,"Female","Other",0,"Extensive",2018,"Private","Middle","Academic",1,26,50,1677.47629310178,1
"SYN-SCLC-001354",TRUE,"SCLC","SIM-F013",85,"Female","Other",1,"Extensive",2020,"Public","Middle","Integrated",0,43,NA,162.452272348058,1
"SYN-SCLC-001355",TRUE,"SCLC","SIM-F055",48,"Female","Other",0,"Extensive",2019,"Public","Lower","Academic",0,35,NA,162.966373638269,1
"SYN-SCLC-001356",TRUE,"SCLC","SIM-F006",59,"Male","Hispanic",1,"Extensive",2010,"Private","Lower","Integrated",0,28,NA,844.361875541159,1
"SYN-SCLC-001357",TRUE,"SCLC","SIM-F029",66,"Male","Black",1,"Extensive",2016,"Private","Middle","Integrated",1,22,25,474.901314015368,1
"SYN-SCLC-001358",TRUE,"SCLC","SIM-F031",75,"Male","Other",0,"Extensive",2018,"Private","Higher","Academic",1,27,NA,48.3767815231891,1
"SYN-SCLC-001359",TRUE,"SCLC","SIM-F041",46,"Female","Other",NA,"Extensive",2021,"Private","Lower","Academic",0,39,NA,284.220647855033,1
"SYN-SCLC-001360",TRUE,"SCLC","SIM-F053",73,"Female","Hispanic",1,"Limited",2014,"Private","Lower","Academic",1,30,64,935.403173101769,1
"SYN-SCLC-001361",TRUE,"SCLC","SIM-F030",55,"Male","Other",NA,"Extensive",2011,"Private","Higher","Academic",1,25,50,NA,1
"SYN-SCLC-001362",TRUE,"SCLC","SIM-F026",57,"Male","Hispanic",2,"Extensive",2020,"Private","Middle","Academic",0,36,NA,568.129618216357,1
"SYN-SCLC-001363",TRUE,"SCLC","SIM-F009",71,"Female","Black",1,"Extensive",2016,"Public","Middle","Community",1,37,51,383.45693542493,1
"SYN-SCLC-001364",TRUE,"SCLC","SIM-F052",58,"Male","Hispanic",0,"Limited",2019,"Private","Middle","Academic",1,35,72,164.72866150952,1
"SYN-SCLC-001365",TRUE,"SCLC","SIM-F059",58,"Female","Hispanic",0,"Extensive",2019,"Private","Higher","Academic",1,44,71,292.31029485433,1
"SYN-SCLC-001366",TRUE,"SCLC","SIM-F058",74,"Male","Other",2,"Extensive",2020,"Public","Lower","Academic",1,21,NA,52.1833322627791,1
"SYN-SCLC-001367",TRUE,"SCLC","SIM-F043",55,"Male","Black",0,"Extensive",2013,"Private","Higher","Integrated",0,6,NA,1568.42673430399,1
"SYN-SCLC-001368",TRUE,"SCLC","SIM-F060",67,"Male","Hispanic",2,"Limited",2014,"Public","Lower",NA,0,24,NA,278.647783649108,1
"SYN-SCLC-001369",TRUE,"SCLC","SIM-F020",57,"Female","Other",0,"Extensive",2021,"Public","Lower","Community",1,13,27,532.617404992354,1
"SYN-SCLC-001370",TRUE,"SCLC","SIM-F020",56,"Male","Hispanic",0,"Extensive",2012,"Public","Middle",NA,1,7,25,1515.97358634778,1
"SYN-SCLC-001371",TRUE,"SCLC","SIM-F022",44,"Female","Black",1,"Extensive",2022,"Private","Middle",NA,1,6,25,1224.76541965108,1
"SYN-SCLC-001372",TRUE,"SCLC","SIM-F039",58,"Male","Hispanic",0,"Extensive",2011,"Public","Higher","Integrated",1,18,40,466.605459472523,1
"SYN-SCLC-001373",TRUE,"SCLC","SIM-F011",68,"Female","Black",1,"Limited",2022,"Public","Higher","Integrated",0,13,NA,212.056643951488,1
"SYN-SCLC-001374",TRUE,"SCLC","SIM-F022",75,"Male","Hispanic",1,"Extensive",2020,"Public","Higher","Integrated",0,24,NA,294.21911701317,1
"SYN-SCLC-001375",TRUE,"SCLC","SIM-F005",69,"Male","Hispanic",0,"Limited",2016,"Private","Higher","Community",1,29,32,190.833743930342,1
"SYN-SCLC-001376",TRUE,"SCLC","SIM-F036",69,"Female","Other",0,"Extensive",2010,"Private",NA,"Academic",1,7,23,223.612536028561,1
"SYN-SCLC-001377",TRUE,"SCLC","SIM-F023",67,"Male","Black",NA,"Extensive",2012,"Public","Middle","Integrated",0,32,NA,265.730388332158,0
"SYN-SCLC-001378",TRUE,"SCLC","SIM-F051",52,"Male","Hispanic",2,"Extensive",2016,"Public","Higher","Community",0,30,NA,397.13585913775,1
"SYN-SCLC-001379",TRUE,"SCLC","SIM-F006",68,"Female","Other",0,"Extensive",2012,"Private","Higher","Integrated",1,41,62,885.677308478066,1
"SYN-SCLC-001380",TRUE,"SCLC","SIM-F050",56,"Male","Other",1,"Extensive",2014,"Private","Higher","Academic",1,29,55,720.420625133632,1
"SYN-SCLC-001381",TRUE,"SCLC","SIM-F052",67,"Male","Hispanic",1,"Extensive",2020,"Public","Lower","Academic",0,35,NA,344.680469599431,1
"SYN-SCLC-001382",TRUE,"SCLC","SIM-F058",87,"Male","Black",2,"Extensive",2021,"Public","Higher","Academic",1,NA,NA,1.77521689402725,1
"SYN-SCLC-001383",TRUE,"SCLC","SIM-F044",63,"Male","Hispanic",0,"Extensive",2012,"Private","Higher","Academic",0,44,NA,1589.99709242722,0
"SYN-SCLC-001384",TRUE,"SCLC","SIM-F016",79,"Female","Black",0,"Extensive",2020,"Private","Middle","Academic",0,23,NA,63.9127724477469,1
"SYN-SCLC-001385",TRUE,"SCLC","SIM-F021",78,"Female","Hispanic",2,"Extensive",2022,"Public","Middle","Community",0,15,NA,192.209812158338,1
"SYN-SCLC-001386",TRUE,"SCLC","SIM-F033",53,"Male","Other",0,"Extensive",2013,"Private","Lower",NA,0,32,NA,387.769859039217,1
"SYN-SCLC-001387",TRUE,"SCLC","SIM-F056",48,"Female","Hispanic",1,"Extensive",2016,"Private","Middle","Academic",1,7,32,1127.52002692648,1
"SYN-SCLC-001388",TRUE,"SCLC","SIM-F047",84,"Male","Black",1,"Extensive",2022,"Public","Higher",NA,0,35,NA,40.7657418743126,1
"SYN-SCLC-001389",TRUE,"SCLC","SIM-F001",65,"Female","Hispanic",0,"Extensive",2017,"Private","Higher","Community",1,34,42,654.364496997607,1
"SYN-SCLC-001390",TRUE,"SCLC","SIM-F053",72,"Male","Hispanic",1,"Extensive",2010,"Public","Middle","Academic",0,NA,NA,7.3814355599743,1
"SYN-SCLC-001391",TRUE,"SCLC","SIM-F002",35,"Male","Black",1,"Extensive",2022,"Private","Lower","Academic",1,22,40,1753.42607342987,0
"SYN-SCLC-001392",TRUE,"SCLC","SIM-F018",62,"Male","Black",0,"Extensive",2018,"Private","Lower","Integrated",0,44,NA,303.054891858771,1
"SYN-SCLC-001393",TRUE,"SCLC","SIM-F035",58,"Female","Other",0,"Extensive",2010,"Public","Higher",NA,0,24,NA,1207.70192211794,0
"SYN-SCLC-001394",TRUE,"SCLC","SIM-F004",64,"Male","Other",0,"Extensive",2016,"Public","Lower","Community",0,24,NA,257.703145144394,1
"SYN-SCLC-001395",TRUE,"SCLC","SIM-F019",74,"Female","Black",0,"Limited",2021,"Public","Middle","Academic",1,12,49,547.538823933617,1
"SYN-SCLC-001396",TRUE,"SCLC","SIM-F057",47,"Male","Other",1,"Limited",2015,"Private","Higher","Community",0,40,NA,392.797891928376,1
"SYN-SCLC-001397",TRUE,"SCLC","SIM-F051",72,"Male","Hispanic",2,"Extensive",2018,"Private","Higher","Community",1,16,18,79.7194791923311,1
"SYN-SCLC-001398",TRUE,"SCLC","SIM-F005",72,"Male","Hispanic",0,"Extensive",2014,"Public","Middle","Community",0,26,NA,368.669616742421,1
"SYN-SCLC-001399",TRUE,"SCLC","SIM-F053",72,"Female","Hispanic",1,"Limited",2013,"Private",NA,"Academic",1,5,9,53.6712828087457,1
"SYN-SCLC-001400",TRUE,"SCLC","SIM-F043",65,"Female","Black",1,"Extensive",2011,"Private","Middle","Integrated",0,29,NA,526.597365475676,0
"SYN-SCLC-001401",TRUE,"SCLC","SIM-F039",40,"Female","Hispanic",0,"Extensive",2017,NA,"Middle","Integrated",1,36,76,1623.92995157879,1
"SYN-SCLC-001402",TRUE,"SCLC","SIM-F018",71,"Male","Hispanic",0,"Extensive",2015,"Private","Middle","Integrated",0,12,NA,262.746696876282,1
"SYN-SCLC-001403",TRUE,"SCLC","SIM-F058",80,"Male","Hispanic",1,"Extensive",2020,"Public","Higher","Academic",1,28,29,31.510309856717,1
"SYN-SCLC-001404",TRUE,"SCLC","SIM-F030",83,"Male","Other",2,"Extensive",2012,"Public","Higher","Academic",0,6,NA,81.5469277753024,1
"SYN-SCLC-001405",TRUE,"SCLC","SIM-F017",47,"Male","Other",1,"Extensive",2013,"Private","Lower","Academic",1,NA,NA,13.2740465534515,1
"SYN-SCLC-001406",TRUE,"SCLC","SIM-F029",70,"Female","Hispanic",0,"Extensive",2013,"Private","Higher","Integrated",0,16,NA,762.119489125907,0
"SYN-SCLC-001407",TRUE,"SCLC","SIM-F001",54,"Male","Other",0,"Extensive",2012,"Private","Higher","Community",NA,NA,NA,25.231947001607,1
"SYN-SCLC-001408",TRUE,"SCLC","SIM-F030",70,"Male","Hispanic",NA,"Extensive",2014,"Public","Higher","Academic",0,22,NA,1268.76318749835,1
"SYN-SCLC-001409",TRUE,"SCLC","SIM-F032",55,"Male","Other",0,"Extensive",2010,"Private","Higher",NA,0,20,NA,832.1481525274,1
"SYN-SCLC-001410",TRUE,"SCLC","SIM-F041",60,"Female","Hispanic",1,"Limited",2022,"Public","Higher","Academic",0,14,NA,1118.86436396764,1
"SYN-SCLC-001411",TRUE,"SCLC","SIM-F035",51,"Female","Black",1,"Extensive",2017,"Private","Middle","Integrated",0,35,NA,1453.92871254082,1
"SYN-SCLC-001412",TRUE,"SCLC","SIM-F041",50,"Female","Black",0,"Extensive",2022,NA,"Lower","Academic",1,10,36,1068.10522478365,1
"SYN-SCLC-001413",TRUE,"SCLC","SIM-F016",59,"Male","Black",0,"Limited",2013,"Public","Higher","Academic",0,35,NA,93.5980868296808,1
"SYN-SCLC-001414",TRUE,"SCLC","SIM-F013",60,"Female","Black",0,"Extensive",2021,"Public","Higher","Integrated",1,20,55,728.639115398837,0
"SYN-SCLC-001415",TRUE,"SCLC","SIM-F049",71,"Female","Black",0,"Extensive",2022,"Public","Higher","Academic",1,28,40,2084.60195117992,1
"SYN-SCLC-001416",TRUE,"SCLC","SIM-F051",71,"Female","Black",1,"Extensive",2015,"Private","Middle","Community",1,38,51,225.37646749743,1
"SYN-SCLC-001417",TRUE,"SCLC","SIM-F054",61,"Female","Hispanic",1,"Extensive",2011,"Public","Lower","Integrated",0,100,NA,373.840577681557,1
"SYN-SCLC-001418",TRUE,"SCLC","SIM-F045",57,"Female","Other",NA,"Extensive",2022,"Public","Middle",NA,1,36,53,1271.03568893159,0
"SYN-SCLC-001419",TRUE,"SCLC","SIM-F059",61,"Male","Black",1,"Extensive",2012,"Private","Higher","Academic",0,37,NA,224.541911676655,1
"SYN-SCLC-001420",TRUE,"SCLC","SIM-F039",66,"Male","Black",0,"Extensive",2020,"Public","Higher","Integrated",1,42,46,1039.46454979981,1
"SYN-SCLC-001421",TRUE,"SCLC","SIM-F060",61,"Female","Black",0,"Extensive",2015,"Public","Lower","Academic",1,27,48,315.37537684062,1
"SYN-SCLC-001422",TRUE,"SCLC","SIM-F052",41,"Male","Other",1,"Extensive",2015,"Private","Lower","Academic",0,43,NA,863.920439459854,1
"SYN-SCLC-001423",TRUE,"SCLC","SIM-F032",68,"Female","Black",1,"Limited",2019,"Private","Higher","Academic",1,33,51,484.657537910448,1
"SYN-SCLC-001424",TRUE,"SCLC","SIM-F021",73,"Male","Other",1,"Extensive",2022,"Private","Higher","Community",0,42,NA,77.1788700631499,1
"SYN-SCLC-001425",TRUE,"SCLC","SIM-F055",75,"Female","Black",0,"Limited",2011,"Private","Middle",NA,1,7,19,733.559620190103,1
"SYN-SCLC-001426",TRUE,"SCLC","SIM-F059",84,"Male","Black",0,"Extensive",2010,"Private","Middle","Academic",0,NA,NA,7.76696739778595,1
"SYN-SCLC-001427",TRUE,"SCLC","SIM-F049",69,"Female","Other",2,"Extensive",2020,"Private","Higher","Academic",0,9,NA,640.903292362005,1
"SYN-SCLC-001428",TRUE,"SCLC","SIM-F033",57,"Male","Black",0,"Extensive",2019,"Private","Higher","Community",1,NA,NA,13.4842854733823,1
"SYN-SCLC-001429",TRUE,"SCLC","SIM-F033",62,"Female","Black",1,"Extensive",2018,"Private","Lower","Community",0,8,NA,122.22914467629,1
"SYN-SCLC-001430",TRUE,"SCLC","SIM-F018",69,"Female","Black",0,"Extensive",2022,"Private",NA,"Integrated",1,31,53,1120.31637050757,1
"SYN-SCLC-001431",TRUE,"SCLC","SIM-F003",60,"Female","Other",1,"Extensive",2010,"Public","Middle","Integrated",0,24,NA,675.906880266877,1
"SYN-SCLC-001432",TRUE,"SCLC","SIM-F013",71,"Male","Other",0,"Extensive",2020,"Private","Middle","Integrated",1,42,66,250.653946520608,1
"SYN-SCLC-001433",TRUE,"SCLC","SIM-F057",68,"Male","Hispanic",1,"Extensive",2016,"Public","Middle","Community",NA,22,NA,188.873317349126,1
"SYN-SCLC-001434",TRUE,"SCLC","SIM-F039",84,"Female","Hispanic",1,"Extensive",2011,"Public",NA,"Integrated",0,24,NA,342.554834766393,1
"SYN-SCLC-001435",TRUE,"SCLC","SIM-F003",25,"Male","Black",1,"Extensive",2011,"Private","Lower","Integrated",1,25,54,508.175012110794,1
"SYN-SCLC-001436",TRUE,"SCLC","SIM-F034",49,"Female","Hispanic",1,"Extensive",2013,"Private","Lower","Community",0,7,NA,1486.97792291676,1
"SYN-SCLC-001437",TRUE,"SCLC","SIM-F002",43,"Male","Other",0,"Extensive",2013,"Private","Middle","Academic",0,17,NA,1756.99630508942,1
"SYN-SCLC-001438",TRUE,"SCLC","SIM-F009",44,"Male","Hispanic",0,"Extensive",2021,"Public","Lower","Community",1,NA,NA,30.2107705779879,1
"SYN-SCLC-001439",TRUE,"SCLC","SIM-F025",55,"Male","Other",1,"Extensive",2010,"Public","Higher","Integrated",0,42,NA,596.997346877953,1
"SYN-SCLC-001440",TRUE,"SCLC","SIM-F021",75,"Male","Black",1,"Extensive",2020,"Private","Lower","Community",0,8,NA,333.192457364365,1
"SYN-SCLC-001441",TRUE,"SCLC","SIM-F018",75,"Male","Hispanic",0,"Extensive",2017,"Public","Middle","Integrated",1,30,32,546.411027272666,1
"SYN-SCLC-001442",TRUE,"SCLC","SIM-F048",41,"Male","Black",0,"Extensive",2014,"Private","Lower","Community",1,11,34,94.9706149846315,0
"SYN-SCLC-001443",TRUE,"SCLC","SIM-F031",66,"Female","Black",2,"Extensive",2018,"Private","Lower","Academic",0,21,NA,765.168856543726,1
"SYN-SCLC-001444",TRUE,"SCLC","SIM-F004",47,"Male","Hispanic",0,"Extensive",2018,"Private","Higher","Community",1,11,16,421.79743864188,0
"SYN-SCLC-001445",TRUE,"SCLC","SIM-F010",61,"Male","Other",0,"Limited",2014,"Private","Lower","Integrated",1,38,61,2075.5940682114,1
"SYN-SCLC-001446",TRUE,"SCLC","SIM-F026",68,"Male","Other",2,"Extensive",2010,"Private","Higher","Academic",0,16,NA,1187.46664498867,1
"SYN-SCLC-001447",TRUE,"SCLC","SIM-F023",70,"Male","Other",1,"Extensive",2010,"Private","Higher","Integrated",0,NA,NA,15.0501268028713,1
"SYN-SCLC-001448",TRUE,"SCLC","SIM-F005",42,"Female","Other",0,"Extensive",2017,"Private","Lower","Community",1,11,47,164.687109348423,1
"SYN-SCLC-001449",TRUE,"SCLC","SIM-F056",56,"Male","Other",1,"Extensive",2018,"Private","Lower","Academic",0,35,NA,180.001422939244,1
"SYN-SCLC-001450",TRUE,"SCLC","SIM-F011",43,"Female","Black",0,"Extensive",2017,"Private","Lower","Integrated",1,39,64,2873.90847663861,0
"SYN-SCLC-001451",TRUE,"SCLC","SIM-F040",66,"Female","Other",1,"Extensive",2011,"Public","Higher","Community",0,33,NA,567.920403513803,1
"SYN-SCLC-001452",TRUE,"SCLC","SIM-F018",51,"Female","Hispanic",0,"Extensive",2016,"Public","Lower","Integrated",1,27,67,1894.48388791876,0
"SYN-SCLC-001453",TRUE,"SCLC","SIM-F034",65,"Female","Other",0,"Limited",2017,"Private","Middle","Community",0,23,NA,531.006532921051,1
"SYN-SCLC-001454",TRUE,"SCLC","SIM-F053",90,"Male","Hispanic",1,"Extensive",2011,"Public","Higher","Academic",0,7,NA,116.688158006148,1
"SYN-SCLC-001455",TRUE,"SCLC","SIM-F053",70,"Male","Black",1,"Extensive",2017,"Public","Lower","Academic",0,16,NA,58.3832189406502,1
"SYN-SCLC-001456",TRUE,"SCLC","SIM-F048",48,"Male","Hispanic",0,"Extensive",2020,NA,"Higher","Community",0,14,NA,859.969933425091,1
"SYN-SCLC-001457",TRUE,"SCLC","SIM-F030",46,"Male","Black",1,"Extensive",2020,"Private","Lower","Academic",1,11,39,2522.04049797187,1
"SYN-SCLC-001458",TRUE,"SCLC","SIM-F006",37,"Female","Other",0,"Extensive",2022,"Private","Middle","Integrated",1,20,50,2244.79228774364,1
"SYN-SCLC-001459",TRUE,"SCLC","SIM-F012",46,"Female","Other",0,"Limited",2020,"Private","Middle","Community",0,26,NA,882.33351288981,1
"SYN-SCLC-001460",TRUE,"SCLC","SIM-F022",72,"Female","Other",0,"Extensive",2010,"Public","Higher","Integrated",0,16,NA,30.2458928348246,1
"SYN-SCLC-001461",TRUE,"SCLC","SIM-F035",50,"Female","Other",0,"Extensive",2022,"Private","Middle","Integrated",0,10,NA,306.829020846589,1
"SYN-SCLC-001462",TRUE,"SCLC","SIM-F001",62,"Male","Black",0,"Extensive",2022,"Public","Higher","Community",0,22,NA,412.795819161521,0
"SYN-SCLC-001463",TRUE,"SCLC","SIM-F048",71,"Male","Black",1,"Extensive",2014,"Public","Middle","Community",0,19,NA,182.256187436935,1
"SYN-SCLC-001464",TRUE,"SCLC","SIM-F049",67,"Female","Other",0,"Extensive",2016,"Private","Middle","Academic",0,33,NA,444.785236878818,1
"SYN-SCLC-001465",TRUE,"SCLC","SIM-F060",61,"Male","Black",0,"Extensive",2019,"Public","Higher","Academic",1,14,28,645.978372419082,1
"SYN-SCLC-001466",TRUE,"SCLC","SIM-F056",68,"Female","Hispanic",1,"Extensive",2021,"Private","Lower","Academic",0,9,NA,474.318486197205,1
"SYN-SCLC-001467",TRUE,"SCLC","SIM-F003",66,"Male","Black",1,"Limited",2014,"Public","Higher","Integrated",0,17,NA,142.500208982254,1
"SYN-SCLC-001468",TRUE,"SCLC","SIM-F052",61,"Female","Black",0,"Extensive",2011,"Private","Middle","Academic",0,100,NA,1373.2767220214,0
"SYN-SCLC-001469",TRUE,"SCLC","SIM-F055",61,"Male","Hispanic",0,"Extensive",2021,"Public","Lower","Academic",0,31,NA,1369.49812296075,1
"SYN-SCLC-001470",TRUE,"SCLC","SIM-F043",80,"Male","Black",0,"Limited",2012,"Public","Middle","Integrated",0,41,NA,479.720517544479,1
"SYN-SCLC-001471",TRUE,"SCLC","SIM-F029",76,"Female","Other",0,"Extensive",2014,"Public","Lower","Integrated",0,15,NA,208.993541796927,1
"SYN-SCLC-001472",TRUE,"SCLC","SIM-F037",89,"Female","Hispanic",0,"Limited",2011,"Public","Lower","Community",1,21,26,83.0325048906103,1
"SYN-SCLC-001473",TRUE,"SCLC","SIM-F042",35,"Female","Black",0,"Extensive",2015,"Private","Higher","Academic",1,25,40,600.048797625064,1
"SYN-SCLC-001474",TRUE,"SCLC","SIM-F022",57,"Male","Other",0,"Extensive",2010,"Private","Middle","Integrated",0,39,NA,1134.91263610534,1
"SYN-SCLC-001475",TRUE,"SCLC","SIM-F035",66,"Male","Other",0,"Extensive",2021,"Private","Middle","Integrated",0,5,NA,236.071718736377,1
"SYN-SCLC-001476",TRUE,"SCLC","SIM-F049",84,"Male","Other",1,"Extensive",2015,"Public","Higher","Academic",0,33,NA,97.3660232954532,1
"SYN-SCLC-001477",TRUE,"SCLC","SIM-F058",66,"Female","Other",1,"Extensive",2010,"Private","Lower","Academic",0,24,NA,311.533871267421,1
"SYN-SCLC-001478",TRUE,"SCLC","SIM-F039",66,"Male","Black",0,"Extensive",2018,"Public","Higher","Integrated",1,27,58,819.111930023923,1
"SYN-SCLC-001479",TRUE,"SCLC","SIM-F001",79,"Male","Hispanic",0,"Extensive",2014,"Private","Lower","Community",0,26,NA,241.71498491303,1
"SYN-SCLC-001480",TRUE,"SCLC","SIM-F053",59,"Female","Black",1,"Extensive",2010,"Private","Higher","Academic",1,20,60,1236.83809449379,1
"SYN-SCLC-001481",TRUE,"SCLC","SIM-F035",63,"Female","Hispanic",0,"Extensive",2017,"Public","Higher","Integrated",1,16,56,689.738427696354,1
"SYN-SCLC-001482",TRUE,"SCLC","SIM-F059",59,"Male","Other",0,"Extensive",2016,"Public","Higher",NA,0,22,NA,873.08614845419,1
"SYN-SCLC-001483",TRUE,"SCLC","SIM-F015",80,"Male","Hispanic",1,"Extensive",2015,"Private","Lower","Academic",0,21,NA,145.92450313601,1
"SYN-SCLC-001484",TRUE,"SCLC","SIM-F023",38,"Female","Black",0,"Extensive",2015,"Private","Lower","Integrated",0,43,NA,792.100162103188,1
"SYN-SCLC-001485",TRUE,"SCLC","SIM-F014",68,"Male","Other",0,"Extensive",2019,"Public","Middle","Integrated",1,NA,NA,2.76571639062374,1
"SYN-SCLC-001486",TRUE,"SCLC","SIM-F018",58,"Female","Other",1,"Extensive",2021,"Public","Middle","Integrated",1,15,21,1074.11435412785,1
"SYN-SCLC-001487",TRUE,"SCLC","SIM-F006",60,"Male","Hispanic",1,"Extensive",2017,"Private","Middle","Integrated",0,32,NA,84.5192322879375,1
"SYN-SCLC-001488",TRUE,"SCLC","SIM-F033",68,"Male","Black",1,"Extensive",2020,"Public","Lower","Community",0,12,NA,578.715779544963,1
"SYN-SCLC-001489",TRUE,"SCLC","SIM-F035",56,"Female","Other",1,"Extensive",2022,"Private","Middle","Integrated",1,22,48,1295.15060908415,1
"SYN-SCLC-001490",TRUE,"SCLC","SIM-F035",53,"Female","Black",1,"Extensive",2018,"Private","Higher","Integrated",0,5,NA,396.604531342696,1
"SYN-SCLC-001491",TRUE,"SCLC","SIM-F016",90,"Female","Other",1,"Extensive",2013,"Public","Higher","Academic",0,25,NA,366.184173924149,1
"SYN-SCLC-001492",TRUE,"SCLC","SIM-F021",65,"Male","Black",0,"Extensive",2022,"Public","Middle",NA,1,20,31,143.869780481164,1
"SYN-SCLC-001493",TRUE,"SCLC","SIM-F059",55,"Male","Black",0,"Extensive",2010,"Public","Higher",NA,0,18,NA,655.68024976816,1
"SYN-SCLC-001494",TRUE,"SCLC","SIM-F007",60,"Male","Other",0,"Limited",2014,"Private",NA,"Academic",1,19,25,137.067141799181,1
"SYN-SCLC-001495",TRUE,"SCLC","SIM-F040",71,"Male","Other",0,"Extensive",2018,"Public","Higher","Community",0,12,NA,359.291295390576,0
"SYN-SCLC-001496",TRUE,"SCLC","SIM-F005",77,"Male","Other",1,"Limited",2019,"Private","Higher","Community",0,18,NA,21.0830015050523,1
"SYN-SCLC-001497",TRUE,"SCLC","SIM-F052",73,"Male","Black",0,"Extensive",2021,"Private","Middle","Academic",1,17,30,900.690466004141,1
"SYN-SCLC-001498",TRUE,"SCLC","SIM-F009",67,"Female","Black",1,"Limited",2022,"Public",NA,NA,0,21,NA,105.017684788141,1
"SYN-SCLC-001499",TRUE,"SCLC","SIM-F019",74,"Female","Other",0,"Extensive",2012,"Private","Lower","Academic",0,27,NA,163.204712988509,1
"SYN-SCLC-001500",TRUE,"SCLC","SIM-F053",63,"Male","Black",0,"Extensive",2016,"Private","Lower","Academic",0,29,NA,834.443570638901,1
"SYN-SCLC-001501",TRUE,"SCLC","SIM-F012",48,"Male","Hispanic",0,"Extensive",2017,"Private","Lower","Community",1,31,57,2382.04360664497,1
"SYN-SCLC-001502",TRUE,"SCLC","SIM-F020",77,"Male","Other",2,"Extensive",2016,"Public","Lower","Community",0,19,NA,115.242045008119,1
"SYN-SCLC-001503",TRUE,"SCLC","SIM-F027",88,"Male","Hispanic",1,"Limited",2012,"Public","Middle","Integrated",0,23,NA,219.462571646952,1
"SYN-SCLC-001504",TRUE,"SCLC","SIM-F028",72,"Female","Hispanic",0,"Extensive",2018,"Public","Middle","Community",1,13,35,89.5333540953562,1
"SYN-SCLC-001505",TRUE,"SCLC","SIM-F019",80,"Male","Hispanic",2,"Extensive",2014,"Private","Lower","Academic",0,9,NA,414.64150240146,1
"SYN-SCLC-001506",TRUE,"SCLC","SIM-F005",55,"Male","Hispanic",2,"Extensive",2018,"Private","Middle","Community",0,13,NA,258.368937610188,0
"SYN-SCLC-001507",TRUE,"SCLC","SIM-F035",68,"Female","Other",0,"Extensive",2015,"Public","Lower","Integrated",1,27,38,468.478036609172,1
"SYN-SCLC-001508",TRUE,"SCLC","SIM-F011",69,"Male","Hispanic",0,"Extensive",2022,"Private","Lower","Integrated",0,38,NA,88.1797035324236,1
"SYN-SCLC-001509",TRUE,"SCLC","SIM-F024",64,"Female","Black",1,"Extensive",2012,NA,"Lower","Integrated",0,7,NA,263.465533160226,1
"SYN-SCLC-001510",TRUE,"SCLC","SIM-F026",64,"Female","Black",1,"Extensive",2018,"Private","Lower","Academic",0,8,NA,126.133060071007,1
"SYN-SCLC-001511",TRUE,"SCLC","SIM-F025",48,"Female","Other",1,"Extensive",2010,"Private","Higher","Integrated",0,23,NA,63.2106224393646,1
"SYN-SCLC-001512",TRUE,"SCLC","SIM-F047",42,"Female","Hispanic",0,"Limited",2013,"Private","Higher","Integrated",1,9,38,2322.57086452679,0
"SYN-SCLC-001513",TRUE,"SCLC","SIM-F007",54,"Male","Other",0,"Limited",2013,"Private","Middle",NA,1,27,66,2268.27479280997,0
"SYN-SCLC-001514",TRUE,"SCLC","SIM-F057",65,"Male","Black",1,"Extensive",2018,"Public","Higher","Community",1,35,74,207.075322565128,1
"SYN-SCLC-001515",TRUE,"SCLC","SIM-F026",63,"Female","Hispanic",0,"Extensive",2019,"Private","Middle","Academic",0,32,NA,858.424438528432,1
"SYN-SCLC-001516",TRUE,"SCLC","SIM-F020",57,"Male","Black",0,"Extensive",2010,"Public","Lower","Community",0,45,NA,237.805156926867,1
"SYN-SCLC-001517",TRUE,"SCLC","SIM-F024",55,"Female","Other",0,"Limited",2014,"Public","Middle","Integrated",0,27,NA,35.179494026196,1
"SYN-SCLC-001518",TRUE,"SCLC","SIM-F018",53,"Female","Black",1,"Extensive",2016,"Private","Higher","Integrated",1,NA,NA,25.6381708503545,1
"SYN-SCLC-001519",TRUE,"SCLC","SIM-F030",57,"Female","Black",1,"Extensive",2010,"Public","Lower","Academic",1,36,58,199.517622121651,1
"SYN-SCLC-001520",TRUE,"SCLC","SIM-F058",36,"Male","Black",0,"Extensive",2017,"Private","Middle","Academic",1,29,66,621.084000731734,1
"SYN-SCLC-001521",TRUE,"SCLC","SIM-F017",62,"Female","Black",1,"Extensive",2011,"Public","Lower","Academic",1,42,57,351.921070165568,1
"SYN-SCLC-001522",TRUE,"SCLC","SIM-F020",53,"Male","Other",1,"Limited",2013,"Private","Lower","Community",0,17,NA,773.694093037062,1
"SYN-SCLC-001523",TRUE,"SCLC","SIM-F039",73,"Male","Other",0,"Limited",2017,"Public","Middle","Integrated",0,NA,NA,15.1739417847441,1
"SYN-SCLC-001524",TRUE,"SCLC","SIM-F038",60,"Male","Black",0,"Extensive",2015,NA,"Middle","Community",1,23,63,278.763845605939,1
"SYN-SCLC-001525",TRUE,"SCLC","SIM-F058",73,"Male","Other",2,"Extensive",2011,"Private","Middle","Academic",1,40,74,91.7525187585562,1
"SYN-SCLC-001526",TRUE,"SCLC","SIM-F044",49,"Female","Other",1,"Extensive",2014,"Private","Middle","Academic",1,NA,NA,10.2685680555107,1
"SYN-SCLC-001527",TRUE,"SCLC","SIM-F053",53,"Male","Other",0,"Extensive",2022,"Private","Lower","Academic",1,24,34,2083.64376619225,0
"SYN-SCLC-001528",TRUE,"SCLC","SIM-F048",50,"Female","Black",0,"Extensive",2018,"Private","Higher","Community",1,32,48,1568.28816205612,0
"SYN-SCLC-001529",TRUE,"SCLC","SIM-F018",37,"Male","Other",1,"Extensive",2014,"Private","Higher","Integrated",1,12,35,NA,1
"SYN-SCLC-001530",TRUE,"SCLC","SIM-F013",69,"Male","Other",1,"Extensive",2019,"Private","Lower","Integrated",1,26,44,808.309410406576,1
"SYN-SCLC-001531",TRUE,"SCLC","SIM-F001",68,"Female","Other",1,"Extensive",2011,"Public","Lower","Community",1,35,49,115.719601925787,1
"SYN-SCLC-001532",TRUE,"SCLC","SIM-F040",84,"Female","Hispanic",0,"Limited",2018,"Public","Higher","Community",0,13,NA,79.0629930241262,1
"SYN-SCLC-001533",TRUE,"SCLC","SIM-F003",62,"Female","Hispanic",0,"Extensive",2011,"Public","Middle","Integrated",0,41,NA,47.3027826544738,1
"SYN-SCLC-001534",TRUE,"SCLC","SIM-F003",63,"Male","Black",0,"Extensive",2020,"Public","Middle","Integrated",1,20,48,980.722078519197,1
"SYN-SCLC-001535",TRUE,"SCLC","SIM-F016",59,"Male","Other",0,"Extensive",2015,"Private","Higher",NA,1,5,17,1607.61632090085,0
"SYN-SCLC-001536",TRUE,"SCLC","SIM-F005",68,"Male","Black",0,"Limited",2017,"Public","Middle","Community",0,100,NA,461.977256166237,1
"SYN-SCLC-001537",TRUE,"SCLC","SIM-F041",89,"Male","Black",1,"Extensive",2014,"Public","Higher","Academic",1,43,NA,123.89796475915,1
"SYN-SCLC-001538",TRUE,"SCLC","SIM-F029",66,"Female","Black",0,"Extensive",2014,"Private","Lower","Integrated",1,31,55,169.803790783261,1
"SYN-SCLC-001539",TRUE,"SCLC","SIM-F038",59,"Male","Black",1,"Extensive",2011,"Private","Middle",NA,0,33,NA,841.488591992283,1
"SYN-SCLC-001540",TRUE,"SCLC","SIM-F014",53,"Male","Black",0,"Extensive",2017,"Private","Middle","Integrated",1,100,49,769.265986362063,1
"SYN-SCLC-001541",TRUE,"SCLC","SIM-F031",84,"Male","Other",2,"Extensive",2014,"Public","Lower","Academic",0,22,NA,44.5899870454858,1
"SYN-SCLC-001542",TRUE,"SCLC","SIM-F058",77,"Male","Black",0,"Extensive",2010,"Public","Middle","Academic",0,27,NA,307.555513202494,1
"SYN-SCLC-001543",TRUE,"SCLC","SIM-F042",86,"Female","Other",1,"Extensive",2022,"Public","Higher","Academic",1,8,8,196.80763693688,1
"SYN-SCLC-001544",TRUE,"SCLC","SIM-F060",68,"Male","Hispanic",1,"Extensive",2015,"Private","Middle","Academic",0,26,NA,871.391129237565,1
"SYN-SCLC-001545",TRUE,"SCLC","SIM-F059",53,"Male","Hispanic",0,"Extensive",2010,"Public","Higher","Academic",0,29,NA,200.816143230658,1
"SYN-SCLC-001546",TRUE,"SCLC","SIM-F050",64,"Male","Hispanic",1,"Extensive",2014,"Public","Lower","Academic",1,25,30,33.0643125512151,0
"SYN-SCLC-001547",TRUE,"SCLC","SIM-F035",80,"Female","Black",1,"Extensive",2012,"Public","Lower","Integrated",NA,35,72,700.185489006364,1
"SYN-SCLC-001548",TRUE,"SCLC","SIM-F010",76,"Female","Black",1,"Extensive",2016,"Private","Lower","Integrated",0,7,NA,294.65865123548,1
"SYN-SCLC-001549",TRUE,"SCLC","SIM-F003",37,"Male","Hispanic",0,"Extensive",2011,"Private","Middle","Integrated",1,39,56,196.043344566446,1
"SYN-SCLC-001550",TRUE,"SCLC","SIM-F008",76,"Male","Black",0,"Extensive",2010,"Private","Middle","Academic",1,7,NA,415.184821465618,1
"SYN-SCLC-001551",TRUE,"SCLC","SIM-F057",53,"Male","Other",1,"Extensive",2017,"Private","Higher","Community",0,23,NA,43.5154281733484,1
"SYN-SCLC-001552",TRUE,"SCLC","SIM-F057",61,"Female","Hispanic",0,"Extensive",2011,"Private","Lower","Community",0,41,NA,1279.38926932017,1
"SYN-SCLC-001553",TRUE,"SCLC","SIM-F011",60,"Female","Black",0,"Extensive",2010,"Private","Middle","Integrated",1,45,77,101.709638042826,1
"SYN-SCLC-001554",TRUE,"SCLC","SIM-F013",87,"Male","Black",0,"Extensive",2010,"Public","Lower","Integrated",1,9,31,134.979334207886,1
"SYN-SCLC-001555",TRUE,"SCLC","SIM-F019",59,"Male","Other",0,"Extensive",2018,"Public","Higher","Academic",0,42,NA,1550.99099319692,1
"SYN-SCLC-001556",TRUE,"SCLC","SIM-F020",47,"Female","Hispanic",1,"Extensive",2021,"Private","Middle","Community",0,33,NA,711.565377858125,1
"SYN-SCLC-001557",TRUE,"SCLC","SIM-F034",75,"Male","Other",0,"Extensive",2019,"Private","Higher","Community",0,24,NA,517.399787196005,1
"SYN-SCLC-001558",TRUE,"SCLC","SIM-F054",90,"Male","Other",0,"Extensive",2019,"Public","Lower","Integrated",0,12,NA,264.983300484355,1
"SYN-SCLC-001559",TRUE,"SCLC","SIM-F042",71,"Female","Hispanic",1,"Extensive",2010,NA,NA,"Academic",0,29,NA,143.937532110786,1
"SYN-SCLC-001560",TRUE,"SCLC","SIM-F008",69,"Male","Black",2,"Extensive",2018,"Public","Higher","Academic",1,9,12,84.1311641012632,1
"SYN-SCLC-001561",TRUE,"SCLC","SIM-F032",70,"Female","Black",0,"Extensive",2013,"Private","Middle","Academic",1,24,34,688.884224347917,1
"SYN-SCLC-001562",TRUE,"SCLC","SIM-F002",75,"Female","Other",2,"Extensive",2012,"Private","Higher","Academic",0,34,NA,379.956313792627,1
"SYN-SCLC-001563",TRUE,"SCLC","SIM-F041",71,"Male","Hispanic",0,"Extensive",2015,"Private","Middle","Academic",1,28,35,85.3683211712665,1
"SYN-SCLC-001564",TRUE,"SCLC","SIM-F005",90,"Male","Black",1,"Extensive",2013,"Private","Higher","Community",0,23,NA,511.190119504227,1
"SYN-SCLC-001565",TRUE,"SCLC","SIM-F057",26,"Female","Other",0,"Extensive",2015,"Private","Middle","Community",1,22,62,2844.51258306159,0
"SYN-SCLC-001566",TRUE,"SCLC","SIM-F044",72,"Male","Hispanic",1,"Extensive",2015,"Public","Lower","Academic",1,31,66,522.718820060759,1
"SYN-SCLC-001567",TRUE,"SCLC","SIM-F001",44,"Female","Hispanic",0,"Extensive",2014,"Public",NA,"Community",0,43,NA,1520.24483225105,1
"SYN-SCLC-001568",TRUE,"SCLC","SIM-F042",31,"Female","Other",0,"Extensive",2015,"Private","Higher","Academic",1,23,32,1668.86903922656,0
"SYN-SCLC-001569",TRUE,"SCLC","SIM-F013",44,"Female","Other",0,"Extensive",2013,"Public","Middle","Integrated",1,25,38,166.511017136099,1
"SYN-SCLC-001570",TRUE,"SCLC","SIM-F013",72,"Male","Hispanic",0,"Extensive",2017,"Public","Higher","Integrated",1,14,37,530.217387091194,1
"SYN-SCLC-001571",TRUE,"SCLC","SIM-F020",70,"Male","Black",NA,"Extensive",2010,"Private","Lower","Community",1,37,38,1158.56048824266,0
"SYN-SCLC-001572",TRUE,"SCLC","SIM-F006",70,"Male","Hispanic",NA,"Extensive",2021,"Public","Middle",NA,1,8,NA,21.4945941981161,0
"SYN-SCLC-001573",TRUE,"SCLC","SIM-F047",55,"Female","Other",0,"Extensive",2021,NA,"Middle","Integrated",1,16,47,243.845536965376,1
"SYN-SCLC-001574",TRUE,"SCLC","SIM-F034",76,"Female","Black",0,"Extensive",2015,"Public","Middle","Community",0,5,NA,343.356167123248,1
"SYN-SCLC-001575",TRUE,"SCLC","SIM-F014",57,"Female","Black",2,"Extensive",2019,"Private","Higher","Integrated",0,19,NA,576.150925466587,1
"SYN-SCLC-001576",TRUE,"SCLC","SIM-F019",57,"Female","Hispanic",1,"Extensive",2014,"Public","Middle","Academic",1,15,44,292.980969371326,1
"SYN-SCLC-001577",TRUE,"SCLC","SIM-F025",70,"Male","Black",0,"Extensive",2018,"Private","Middle","Integrated",1,23,28,224.411874797545,1
"SYN-SCLC-001578",TRUE,"SCLC","SIM-F002",47,"Female","Black",0,"Extensive",2014,"Public","Lower","Academic",1,24,45,187.99042686182,1
"SYN-SCLC-001579",TRUE,"SCLC","SIM-F059",66,"Female","Black",0,"Extensive",2010,"Public","Lower","Academic",0,41,NA,233.413374109373,1
"SYN-SCLC-001580",TRUE,"SCLC","SIM-F025",30,"Female","Hispanic",0,"Extensive",2015,"Private","Middle","Integrated",1,12,12,2416.29598500091,0
"SYN-SCLC-001581",TRUE,"SCLC","SIM-F036",58,"Female","Hispanic",0,"Extensive",2020,"Private","Middle","Academic",0,41,NA,1391.84524764313,1
"SYN-SCLC-001582",TRUE,"SCLC","SIM-F012",79,"Male","Hispanic",1,"Extensive",2019,"Private","Lower","Community",1,100,58,146.166642735893,1
"SYN-SCLC-001583",TRUE,"SCLC","SIM-F030",28,"Female","Other",0,"Extensive",2021,"Public","Lower","Academic",1,21,31,1567.06585472677,1
"SYN-SCLC-001584",TRUE,"SCLC","SIM-F011",48,"Male","Other",0,"Limited",2020,"Public","Middle","Integrated",0,43,NA,789.9079408249,1
"SYN-SCLC-001585",TRUE,"SCLC","SIM-F047",69,"Female","Other",2,"Extensive",2017,"Private","Lower","Integrated",1,14,14,249.927292071211,1
"SYN-SCLC-001586",TRUE,"SCLC","SIM-F025",62,"Male","Black",0,"Extensive",2022,"Public","Lower","Integrated",0,36,NA,1008.06585342747,1
"SYN-SCLC-001587",TRUE,"SCLC","SIM-F045",57,"Female","Other",0,"Extensive",2015,"Private","Lower","Community",0,29,NA,128.692878352765,1
"SYN-SCLC-001588",TRUE,"SCLC","SIM-F026",78,"Male","Black",2,"Extensive",2013,"Private","Lower","Academic",1,13,38,328.799070921125,1
"SYN-SCLC-001589",TRUE,"SCLC","SIM-F012",59,"Male","Other",0,"Limited",2019,"Private","Higher","Community",1,5,34,760.260972311946,1
"SYN-SCLC-001590",TRUE,"SCLC","SIM-F022",80,"Male","Black",0,"Extensive",2012,"Public","Lower","Integrated",1,NA,NA,11.6746092713962,1
"SYN-SCLC-001591",TRUE,"SCLC","SIM-F005",61,"Male","Other",0,"Extensive",2022,"Public","Middle","Community",0,23,NA,140.684959226202,1
"SYN-SCLC-001592",TRUE,"SCLC","SIM-F002",41,"Male","Other",0,"Extensive",2020,"Private","Middle","Academic",1,36,37,2332.0058625855,0
"SYN-SCLC-001593",TRUE,"SCLC","SIM-F018",73,"Male","Other",1,"Extensive",2020,"Public","Middle","Integrated",0,19,NA,337.255577892065,0
"SYN-SCLC-001594",TRUE,"SCLC","SIM-F051",42,"Male","Other",1,"Extensive",2021,"Private",NA,"Community",1,8,46,389.10634570719,1
"SYN-SCLC-001595",TRUE,"SCLC","SIM-F047",47,"Male","Black",0,"Extensive",2016,"Private","Middle","Integrated",1,43,72,984.100604577736,1
"SYN-SCLC-001596",TRUE,"SCLC","SIM-F054",61,"Male","Other",1,"Extensive",2017,"Private","Middle","Integrated",0,26,NA,209.301947068866,1
"SYN-SCLC-001597",TRUE,"SCLC","SIM-F021",47,"Male","Hispanic",0,"Extensive",2019,"Private","Lower","Community",1,5,7,1883.52799608107,1
"SYN-SCLC-001598",TRUE,"SCLC","SIM-F031",70,"Female","Black",1,"Extensive",2020,"Public","Higher","Academic",0,37,NA,360.123603179173,1
"SYN-SCLC-001599",TRUE,"SCLC","SIM-F004",47,"Female","Black",0,"Limited",2010,"Public","Higher",NA,0,5,NA,1112.79708323956,1
"SYN-SCLC-001600",TRUE,"SCLC","SIM-F023",77,"Female","Black",2,"Limited",2011,"Public","Higher","Integrated",0,37,NA,827.455281468505,1
"SYN-SCLC-001601",TRUE,"SCLC","SIM-F006",50,"Female","Hispanic",0,"Extensive",2017,"Public","Higher","Integrated",1,42,42,435.524471803087,1
"SYN-SCLC-001602",TRUE,"SCLC","SIM-F019",68,"Female","Black",0,"Extensive",2021,"Public","Higher","Academic",1,11,22,2260.36002495326,0
"SYN-SCLC-001603",TRUE,"SCLC","SIM-F030",58,"Male","Hispanic",1,"Limited",2016,"Private","Higher","Academic",1,44,59,171.532906771787,1
"SYN-SCLC-001604",TRUE,"SCLC","SIM-F043",47,"Male","Black",0,"Extensive",2014,"Private","Middle","Integrated",1,30,54,310.859931747933,1
"SYN-SCLC-001605",TRUE,"SCLC","SIM-F041",51,"Male","Black",1,"Extensive",2017,"Private","Lower","Academic",1,40,57,757.684516118279,1
"SYN-SCLC-001606",TRUE,"SCLC","SIM-F007",51,"Female","Other",1,"Extensive",2012,"Private","Lower","Academic",1,6,8,56.0392319217963,1
"SYN-SCLC-001607",TRUE,"SCLC","SIM-F031",67,"Female","Other",0,"Extensive",2014,"Public","Higher","Academic",0,43,NA,1834.30606020615,0
"SYN-SCLC-001608",TRUE,"SCLC","SIM-F001",68,"Female","Black",1,"Extensive",2013,"Public","Lower","Community",1,42,70,604.922470349175,1
"SYN-SCLC-001609",TRUE,"SCLC","SIM-F022",73,"Female","Black",1,"Extensive",2022,"Public","Lower","Integrated",0,8,NA,210.701441181119,1
"SYN-SCLC-001610",TRUE,"SCLC","SIM-F034",55,"Female","Black",0,"Extensive",2014,"Private","Middle","Community",1,35,55,336.302741280086,1
"SYN-SCLC-001611",TRUE,"SCLC","SIM-F009",90,"Male","Black",1,"Extensive",2016,"Public","Higher","Community",0,7,NA,59.6541251957769,1
"SYN-SCLC-001612",TRUE,"SCLC","SIM-F049",63,"Male","Other",0,"Extensive",2016,"Public","Lower","Academic",0,9,NA,85.1354385283264,1
"SYN-SCLC-001613",TRUE,"SCLC","SIM-F033",80,"Female","Black",0,"Limited",2022,"Public","Higher","Community",1,40,51,793.198394104747,1
"SYN-SCLC-001614",TRUE,"SCLC","SIM-F017",81,"Male","Hispanic",0,"Extensive",2018,"Private","Middle","Academic",1,6,40,258.060121141236,1
"SYN-SCLC-001615",TRUE,"SCLC","SIM-F013",72,"Female","Other",0,"Extensive",2019,"Public","Higher","Integrated",1,19,27,33.91384898249,1
"SYN-SCLC-001616",TRUE,"SCLC","SIM-F024",71,"Female","Other",1,"Extensive",2014,"Public","Higher","Integrated",0,35,NA,748.577936228591,1
"SYN-SCLC-001617",TRUE,"SCLC","SIM-F044",69,"Female","Black",1,"Extensive",2014,"Private","Higher","Academic",0,100,NA,329.212153384713,1
"SYN-SCLC-001618",TRUE,"SCLC","SIM-F038",65,"Male","Other",0,"Limited",2022,"Private","Middle","Community",1,38,59,83.6243334469695,1
"SYN-SCLC-001619",TRUE,"SCLC","SIM-F005",70,"Female","Black",1,"Extensive",2020,"Public","Lower","Community",0,22,NA,65.9232997198465,1
"SYN-SCLC-001620",TRUE,"SCLC","SIM-F056",75,"Male","Black",1,"Extensive",2010,"Private","Lower","Academic",0,NA,NA,33.5495040985902,1
"SYN-SCLC-001621",TRUE,"SCLC","SIM-F027",58,"Male","Hispanic",1,"Limited",2011,"Private","Lower","Integrated",0,41,NA,670.439444650831,1
"SYN-SCLC-001622",TRUE,"SCLC","SIM-F035",67,"Male","Black",1,"Extensive",2021,"Public","Middle","Integrated",0,12,NA,179.257297580088,1
"SYN-SCLC-001623",TRUE,"SCLC","SIM-F021",63,"Male","Black",0,"Extensive",2021,"Private","Lower","Community",1,26,28,123.905115398332,1
"SYN-SCLC-001624",TRUE,"SCLC","SIM-F042",66,"Female","Other",0,"Extensive",2015,"Public","Higher","Academic",1,21,55,683.183637291671,1
"SYN-SCLC-001625",TRUE,"SCLC","SIM-F003",85,"Male","Black",2,"Extensive",2017,"Private","Middle","Integrated",0,31,NA,71.9569139014394,1
"SYN-SCLC-001626",TRUE,"SCLC","SIM-F028",77,"Female","Black",1,"Extensive",2021,"Public","Lower","Community",0,43,NA,57.9451236827603,1
"SYN-SCLC-001627",TRUE,"SCLC","SIM-F010",59,"Female","Hispanic",0,"Extensive",2019,"Public","Higher","Integrated",1,19,24,1071.29751549043,1
"SYN-SCLC-001628",TRUE,"SCLC","SIM-F010",55,"Female","Other",1,"Extensive",2012,"Private","Higher","Integrated",1,28,NA,47.8018069267273,0
"SYN-SCLC-001629",TRUE,"SCLC","SIM-F032",90,"Male","Hispanic",0,"Extensive",2017,"Public","Higher","Academic",0,32,NA,416.022156349916,1
"SYN-SCLC-001630",TRUE,"SCLC","SIM-F036",63,"Male","Hispanic",1,"Extensive",2011,"Private","Higher","Academic",1,14,46,676.911658083204,1
"SYN-SCLC-001631",TRUE,"SCLC","SIM-F020",48,"Female","Black",0,"Extensive",2016,"Private","Middle","Community",1,29,54,1559.90798067503,0
"SYN-SCLC-001632",TRUE,"SCLC","SIM-F057",71,"Male","Hispanic",1,"Extensive",2021,"Public","Lower","Community",1,5,34,196.21375192699,1
"SYN-SCLC-001633",TRUE,"SCLC","SIM-F058",45,"Male","Black",1,"Extensive",2020,"Private","Lower","Academic",1,44,60,1436.54841123491,1
"SYN-SCLC-001634",TRUE,"SCLC","SIM-F039",60,"Male","Black",1,"Extensive",2019,"Public","Higher","Integrated",0,25,NA,115.573885645557,1
"SYN-SCLC-001635",TRUE,"SCLC","SIM-F050",44,"Male","Hispanic",1,"Extensive",2017,"Private","Middle","Academic",1,28,29,142.570843925633,1
"SYN-SCLC-001636",TRUE,"SCLC","SIM-F033",69,"Male","Hispanic",0,"Extensive",2021,"Private",NA,"Community",1,25,40,207.836662515154,1
"SYN-SCLC-001637",TRUE,"SCLC","SIM-F050",64,"Male","Black",0,"Extensive",2018,"Public","Higher","Academic",1,19,21,NA,0
"SYN-SCLC-001638",TRUE,"SCLC","SIM-F034",85,"Female","Other",0,"Extensive",2016,"Public","Lower","Community",0,21,NA,70.389869184046,1
"SYN-SCLC-001639",TRUE,"SCLC","SIM-F054",60,"Male","Hispanic",1,"Extensive",2010,"Private","Higher","Integrated",0,11,NA,137.18387659728,1
"SYN-SCLC-001640",TRUE,"SCLC","SIM-F012",76,"Female","Hispanic",0,"Extensive",2013,"Private","Middle","Community",0,16,NA,193.925293467453,1
"SYN-SCLC-001641",TRUE,"SCLC","SIM-F050",62,"Female","Hispanic",0,"Extensive",2016,"Private","Higher","Academic",0,37,NA,200.266408661135,1
"SYN-SCLC-001642",TRUE,"SCLC","SIM-F031",64,"Male","Black",0,"Extensive",2021,"Private","Lower","Academic",NA,10,42,1237.16806867904,1
"SYN-SCLC-001643",TRUE,"SCLC","SIM-F058",59,"Male","Hispanic",0,"Limited",2017,"Private","Higher","Academic",0,17,NA,593.375187451571,1
"SYN-SCLC-001644",TRUE,"SCLC","SIM-F058",85,"Male","Black",1,"Extensive",2010,"Public","Middle","Academic",0,7,NA,391.69053658035,1
"SYN-SCLC-001645",TRUE,"SCLC","SIM-F008",80,"Female","Other",1,"Extensive",2014,"Public","Higher","Academic",0,21,NA,121.447543991321,1
"SYN-SCLC-001646",TRUE,"SCLC","SIM-F046",64,"Female","Black",0,"Extensive",2021,"Private","Lower","Academic",0,7,NA,446.997378355213,1
"SYN-SCLC-001647",TRUE,"SCLC","SIM-F004",59,"Male","Other",0,"Extensive",2011,"Private","Higher","Community",1,21,48,1746.48020764227,1
"SYN-SCLC-001648",TRUE,"SCLC","SIM-F049",75,"Female","Black",1,"Extensive",2018,"Public","Lower","Academic",0,30,NA,581.508401689952,1
"SYN-SCLC-001649",TRUE,"SCLC","SIM-F034",50,"Female","Black",0,"Extensive",2021,"Public","Higher","Community",1,22,30,227.147918635695,1
"SYN-SCLC-001650",TRUE,"SCLC","SIM-F054",35,"Male","Black",NA,"Extensive",2022,"Private","Lower","Integrated",1,5,30,2102.18859889951,1
"SYN-SCLC-001651",TRUE,"SCLC","SIM-F005",62,"Female","Black",0,"Limited",2022,"Public","Lower","Community",0,39,NA,938.507018946111,0
"SYN-SCLC-001652",TRUE,"SCLC","SIM-F035",47,"Female","Hispanic",0,"Extensive",2010,"Private","Middle","Integrated",1,45,78,209.035624731822,1
"SYN-SCLC-001653",TRUE,"SCLC","SIM-F025",68,"Female","Black",1,"Extensive",2015,"Private","Lower","Integrated",0,22,NA,131.128798463483,1
"SYN-SCLC-001654",TRUE,"SCLC","SIM-F053",50,"Male","Other",0,"Extensive",2020,"Private","Middle","Academic",1,38,59,1312.91048024083,0
"SYN-SCLC-001655",TRUE,"SCLC","SIM-F017",62,"Male","Other",0,"Limited",2012,"Public","Lower","Academic",1,30,69,352.841248729183,1
"SYN-SCLC-001656",TRUE,"SCLC","SIM-F049",70,"Male","Other",0,"Extensive",2011,"Private","Lower","Academic",0,37,NA,333.883320951638,1
"SYN-SCLC-001657",TRUE,"SCLC","SIM-F033",48,"Male","Black",0,"Extensive",2017,"Private",NA,"Community",0,35,NA,263.751104042156,1
"SYN-SCLC-001658",TRUE,"SCLC","SIM-F041",61,"Female","Black",1,"Extensive",2010,NA,"Higher","Academic",1,23,63,460.2819040295,1
"SYN-SCLC-001659",TRUE,"SCLC","SIM-F043",40,"Female","Black",1,"Extensive",2011,"Private","Lower","Integrated",1,25,31,227.479491671807,1
"SYN-SCLC-001660",TRUE,"SCLC","SIM-F010",61,"Female","Black",0,"Extensive",2010,NA,NA,"Integrated",0,31,NA,977.677800655509,1
"SYN-SCLC-001661",TRUE,"SCLC","SIM-F011",62,"Female","Other",1,"Extensive",2015,"Public","Middle","Integrated",0,10,NA,720.414172264184,1
"SYN-SCLC-001662",TRUE,"SCLC","SIM-F035",62,"Female","Hispanic",0,"Extensive",2017,"Public","Middle","Integrated",0,5,NA,305.26407291758,1
"SYN-SCLC-001663",TRUE,"SCLC","SIM-F048",69,"Female","Hispanic",2,"Extensive",2015,"Private","Higher","Community",1,44,62,783.312782362025,1
"SYN-SCLC-001664",TRUE,"SCLC","SIM-F027",81,"Male","Black",NA,"Extensive",2015,"Public","Higher","Integrated",0,18,NA,71.695850435362,1
"SYN-SCLC-001665",TRUE,"SCLC","SIM-F022",62,"Male","Hispanic",1,"Extensive",2022,"Private","Higher","Integrated",0,18,NA,168.089568013981,1
"SYN-SCLC-001666",TRUE,"SCLC","SIM-F005",65,"Male","Other",2,"Extensive",2013,"Public","Higher","Community",0,41,NA,72.9653676601911,1
"SYN-SCLC-001667",TRUE,"SCLC","SIM-F032",74,"Male","Black",2,"Extensive",2010,"Public","Higher","Academic",0,16,NA,113.587265051152,1
"SYN-SCLC-001668",TRUE,"SCLC","SIM-F053",78,"Male","Other",1,"Extensive",2010,NA,"Higher","Academic",1,33,67,146.242722115909,1
"SYN-SCLC-001669",TRUE,"SCLC","SIM-F046",53,"Male","Other",1,"Extensive",2021,"Public","Middle","Academic",0,17,NA,966.547001993096,1
"SYN-SCLC-001670",TRUE,"SCLC","SIM-F056",71,"Female","Hispanic",1,"Extensive",2015,"Public",NA,"Academic",0,17,NA,236.59970252545,1
"SYN-SCLC-001671",TRUE,"SCLC","SIM-F046",58,"Male","Black",2,"Extensive",2017,"Public","Middle","Academic",0,22,NA,577.096907525084,1
"SYN-SCLC-001672",TRUE,"SCLC","SIM-F041",82,"Male","Black",1,"Limited",2012,NA,"Lower","Academic",1,25,39,577.176455957922,1
"SYN-SCLC-001673",TRUE,"SCLC","SIM-F015",76,"Male","Hispanic",2,"Extensive",2020,NA,"Middle","Academic",0,43,NA,180.739557727829,1
"SYN-SCLC-001674",TRUE,"SCLC","SIM-F045",49,"Female","Hispanic",0,"Extensive",2010,"Public","Lower","Community",1,18,51,73.3951571029257,1
"SYN-SCLC-001675",TRUE,"SCLC","SIM-F015",62,"Male","Black",1,"Extensive",2020,"Private","Middle","Academic",1,8,45,94.6760199167166,1
"SYN-SCLC-001676",TRUE,"SCLC","SIM-F044",64,"Male","Black",1,"Limited",2019,"Public","Lower","Academic",1,100,16,194.60519578686,1
"SYN-SCLC-001677",TRUE,"SCLC","SIM-F033",63,"Female","Hispanic",2,"Extensive",2019,NA,"Lower","Community",0,34,NA,229.45252577533,1
"SYN-SCLC-001678",TRUE,"SCLC","SIM-F012",48,"Male","Other",0,"Extensive",2016,"Public","Higher","Community",1,31,45,1173.53909452579,1
"SYN-SCLC-001679",TRUE,"SCLC","SIM-F041",80,"Male","Black",1,"Extensive",2018,"Public","Higher","Academic",0,44,NA,151.500207262382,1
"SYN-SCLC-001680",TRUE,"SCLC","SIM-F050",55,"Male","Other",1,"Extensive",2017,"Private","Middle","Academic",1,12,37,640.152408914905,1
"SYN-SCLC-001681",TRUE,"SCLC","SIM-F047",35,"Female","Black",1,"Extensive",2018,"Private","Lower","Integrated",1,10,15,1229.86994914702,0
"SYN-SCLC-001682",TRUE,"SCLC","SIM-F015",46,"Female","Black",0,"Extensive",2019,"Private",NA,"Academic",1,29,42,1264.31059855619,0
"SYN-SCLC-001683",TRUE,"SCLC","SIM-F033",72,"Female","Other",0,"Extensive",2010,"Public",NA,"Community",1,41,64,1173.84447490489,1
"SYN-SCLC-001684",TRUE,"SCLC","SIM-F012",90,"Male","Hispanic",1,"Extensive",2016,"Public","Lower","Community",0,8,NA,68.0951715283771,0
"SYN-SCLC-001685",TRUE,"SCLC","SIM-F036",71,"Female","Other",0,"Extensive",2016,"Private","Higher","Academic",1,15,52,1819.46773742326,0
"SYN-SCLC-001686",TRUE,"SCLC","SIM-F030",88,"Female","Black",2,"Extensive",2014,"Public","Higher","Academic",0,12,NA,38.245779871104,1
"SYN-SCLC-001687",TRUE,"SCLC","SIM-F003",69,"Female","Black",0,"Extensive",2017,"Private","Higher","Integrated",1,6,32,1116.08574060612,1
"SYN-SCLC-001688",TRUE,"SCLC","SIM-F010",62,"Male","Other",0,"Extensive",2011,"Private","Middle","Integrated",1,6,34,83.7439965682663,1
"SYN-SCLC-001689",TRUE,"SCLC","SIM-F032",46,"Male","Black",0,"Extensive",2015,"Private","Middle","Academic",1,20,NA,21.5673326003825,0
"SYN-SCLC-001690",TRUE,"SCLC","SIM-F011",42,"Female","Other",0,"Extensive",2010,"Private","Lower","Integrated",0,40,NA,253.603381421134,1
"SYN-SCLC-001691",TRUE,"SCLC","SIM-F019",49,"Female","Other",0,"Extensive",2021,"Private","Lower","Academic",1,NA,NA,28.9128187854599,1
"SYN-SCLC-001692",TRUE,"SCLC","SIM-F034",59,"Male","Black",0,"Extensive",2015,NA,"Middle","Community",0,12,NA,916.840515676683,1
"SYN-SCLC-001693",TRUE,"SCLC","SIM-F033",72,"Female","Other",0,"Extensive",2021,"Private","Lower","Community",1,42,42,1130.67599681691,1
"SYN-SCLC-001694",TRUE,"SCLC","SIM-F035",50,"Male","Hispanic",1,"Extensive",2016,"Public","Middle","Integrated",1,38,40,377.100490833311,1
"SYN-SCLC-001695",TRUE,"SCLC","SIM-F043",68,"Female","Other",0,"Extensive",2015,"Public","Lower","Integrated",1,23,57,63.9482778904042,1
"SYN-SCLC-001696",TRUE,"SCLC","SIM-F037",73,"Female","Hispanic",1,"Limited",2010,"Public","Higher","Community",0,23,NA,183.143980142398,1
"SYN-SCLC-001697",TRUE,"SCLC","SIM-F049",71,"Female","Other",1,"Limited",2017,"Public","Lower",NA,0,11,NA,241.513181035419,1
"SYN-SCLC-001698",TRUE,"SCLC","SIM-F034",61,"Male","Black",1,"Limited",2016,"Private","Higher","Community",0,34,NA,456.764486744543,1
"SYN-SCLC-001699",TRUE,"SCLC","SIM-F057",33,"Male","Black",1,"Extensive",2012,"Private","Higher","Community",1,40,78,819.475029813722,1
"SYN-SCLC-001700",TRUE,"SCLC","SIM-F023",61,"Male","Hispanic",0,"Extensive",2017,"Private","Higher","Integrated",1,19,34,1511.52653760471,1
"SYN-SCLC-001701",TRUE,"SCLC","SIM-F026",61,"Male","Hispanic",2,"Extensive",2011,"Public","Lower","Academic",1,38,54,240.973396077576,1
"SYN-SCLC-001702",TRUE,"SCLC","SIM-F053",55,"Female","Black",1,"Extensive",2022,"Private","Middle","Academic",0,16,NA,672.338131832428,1
"SYN-SCLC-001703",TRUE,"SCLC","SIM-F026",36,"Male","Black",0,"Extensive",2018,"Private","Higher","Academic",1,17,47,1453.93897935515,0
"SYN-SCLC-001704",TRUE,"SCLC","SIM-F020",54,"Female","Hispanic",0,"Extensive",2013,"Private","Lower","Community",0,22,NA,1175.83667765909,1
"SYN-SCLC-001705",TRUE,"SCLC","SIM-F029",59,"Male","Other",0,"Extensive",2019,"Public",NA,"Integrated",NA,15,NA,139.879300231109,1
"SYN-SCLC-001706",TRUE,"SCLC","SIM-F041",48,"Female","Black",0,"Extensive",2014,"Public",NA,NA,1,21,44,102.069289484047,0
"SYN-SCLC-001707",TRUE,"SCLC","SIM-F048",66,"Female","Other",1,"Extensive",2015,"Public","Middle","Community",0,44,NA,236.730625256896,0
"SYN-SCLC-001708",TRUE,"SCLC","SIM-F034",53,"Male","Black",0,"Limited",2018,"Private","Lower","Community",1,32,62,366.061873024167,1
"SYN-SCLC-001709",TRUE,"SCLC","SIM-F024",65,"Female","Other",0,"Extensive",2019,"Private","Lower","Integrated",0,5,NA,587.908811699758,1
"SYN-SCLC-001710",TRUE,"SCLC","SIM-F047",85,"Female","Other",2,"Extensive",2011,"Public","Higher","Integrated",0,14,NA,201.364859053289,1
"SYN-SCLC-001711",TRUE,"SCLC","SIM-F036",55,"Male","Black",0,"Extensive",2010,NA,"Lower","Academic",1,30,47,567.562275827753,1
"SYN-SCLC-001712",TRUE,"SCLC","SIM-F054",72,"Male","Other",0,"Extensive",2017,"Private","Middle","Integrated",1,31,66,1280.19748318271,1
"SYN-SCLC-001713",TRUE,"SCLC","SIM-F030",48,"Female","Hispanic",0,"Limited",2017,"Public",NA,"Academic",1,29,29,2038.32957706414,0
"SYN-SCLC-001714",TRUE,"SCLC","SIM-F010",59,"Female","Other",1,"Extensive",2012,NA,"Middle","Integrated",0,34,NA,840.288012279375,0
"SYN-SCLC-001715",TRUE,"SCLC","SIM-F016",72,"Female","Hispanic",1,"Extensive",2015,"Public","Higher","Academic",0,22,NA,984.297029078007,0
"SYN-SCLC-001716",TRUE,"SCLC","SIM-F018",77,"Female","Black",0,"Extensive",2013,NA,"Lower",NA,0,31,NA,434.252138041193,1
"SYN-SCLC-001717",TRUE,"SCLC","SIM-F028",64,"Female","Black",0,"Extensive",2019,"Private","Middle","Community",1,41,65,406.796865816298,1
"SYN-SCLC-001718",TRUE,"SCLC","SIM-F012",60,"Male","Black",0,"Extensive",2010,"Public","Middle","Community",0,22,NA,350.105138040356,1
"SYN-SCLC-001719",TRUE,"SCLC","SIM-F054",73,"Male","Other",1,"Extensive",2021,"Public",NA,"Integrated",0,8,NA,684.236207686744,1
"SYN-SCLC-001720",TRUE,"SCLC","SIM-F045",61,"Male","Other",1,"Extensive",2011,"Private","Higher","Community",1,38,65,739.488583294643,1
"SYN-SCLC-001721",TRUE,"SCLC","SIM-F026",65,"Female","Other",1,"Extensive",2014,"Public","Lower","Academic",0,29,NA,58.6250693164766,0
"SYN-SCLC-001722",TRUE,"SCLC","SIM-F047",68,"Female","Black",1,"Extensive",2016,"Public","Lower","Integrated",0,41,NA,65.1880126169602,1
"SYN-SCLC-001723",TRUE,"SCLC","SIM-F029",51,"Male","Hispanic",2,"Extensive",2013,"Private","Middle","Integrated",1,22,45,247.464612106882,1
"SYN-SCLC-001724",TRUE,"SCLC","SIM-F033",52,"Female","Hispanic",0,"Extensive",2016,"Private","Middle","Community",1,21,41,1030.94193466008,0
"SYN-SCLC-001725",TRUE,"SCLC","SIM-F037",71,"Female","Other",1,"Extensive",2013,"Private","Lower","Community",0,34,NA,114.498406719947,1
"SYN-SCLC-001726",TRUE,"SCLC","SIM-F014",83,"Female","Black",0,"Limited",2017,"Private","Higher","Integrated",0,42,NA,630.930846441255,1
"SYN-SCLC-001727",TRUE,"SCLC","SIM-F033",54,"Male","Hispanic",1,"Limited",2021,NA,"Higher","Community",0,22,NA,76.4410046965185,1
"SYN-SCLC-001728",TRUE,"SCLC","SIM-F057",76,"Male","Black",1,"Extensive",2020,"Public","Higher","Community",1,28,64,638.253395231352,1
"SYN-SCLC-001729",TRUE,"SCLC","SIM-F060",54,"Female","Other",0,"Extensive",2019,"Private","Higher","Academic",1,29,57,2447.11293546483,0
"SYN-SCLC-001730",TRUE,"SCLC","SIM-F055",78,"Male","Hispanic",0,"Extensive",2012,"Private","Lower","Academic",0,7,NA,53.4889665058609,1
"SYN-SCLC-001731",TRUE,"SCLC","SIM-F051",58,"Female","Black",0,"Extensive",2010,"Public","Middle",NA,1,19,41,451.897489996624,1
"SYN-SCLC-001732",TRUE,"SCLC","SIM-F060",69,"Male","Black",1,"Extensive",2013,"Public","Higher","Academic",1,34,51,51.1864396635972,1
"SYN-SCLC-001733",TRUE,"SCLC","SIM-F060",61,"Female","Other",2,"Extensive",2022,NA,"Middle","Academic",1,37,NA,60.9954947088106,1
"SYN-SCLC-001734",TRUE,"SCLC","SIM-F036",67,"Male","Hispanic",1,"Extensive",2016,"Public","Lower","Academic",1,31,60,567.566995533454,1
"SYN-SCLC-001735",TRUE,"SCLC","SIM-F017",57,"Male","Black",0,"Extensive",2018,"Private","Middle","Academic",1,44,71,1286.44587637968,1
"SYN-SCLC-001736",TRUE,"SCLC","SIM-F056",64,"Male","Hispanic",1,"Extensive",2017,"Public","Middle",NA,1,36,58,199.833065699259,1
"SYN-SCLC-001737",TRUE,"SCLC","SIM-F015",58,"Female","Black",1,"Extensive",2021,"Private","Middle","Academic",1,34,50,1945.49800933342,1
"SYN-SCLC-001738",TRUE,"SCLC","SIM-F031",50,"Female","Hispanic",1,"Extensive",2012,"Public","Lower","Academic",0,41,NA,1676.8848173592,1
"SYN-SCLC-001739",TRUE,"SCLC","SIM-F018",84,"Female","Other",1,"Extensive",2013,"Public","Middle","Integrated",0,44,NA,842.593574761282,1
"SYN-SCLC-001740",TRUE,"SCLC","SIM-F037",59,"Male","Other",0,"Extensive",2014,"Public","Lower",NA,1,45,55,370.15986043481,1
"SYN-SCLC-001741",TRUE,"SCLC","SIM-F027",48,"Male","Black",0,"Extensive",2014,"Private",NA,"Integrated",1,10,13,53.3349232774796,1
"SYN-SCLC-001742",TRUE,"SCLC","SIM-F054",74,"Male","Black",1,"Extensive",2019,"Public","Middle","Integrated",1,25,26,116.698362011045,1
"SYN-SCLC-001743",TRUE,"SCLC","SIM-F015",69,"Male","Other",1,"Extensive",2010,"Private","Lower","Academic",0,20,NA,211.368167088889,1
"SYN-SCLC-001744",TRUE,"SCLC","SIM-F001",69,"Female","Other",1,"Extensive",2019,"Public","Middle","Community",0,28,NA,124.877485117419,1
"SYN-SCLC-001745",TRUE,"SCLC","SIM-F019",71,"Male","Other",0,"Extensive",2012,"Private","Lower","Academic",0,12,NA,839.533344075865,1
"SYN-SCLC-001746",TRUE,"SCLC","SIM-F049",54,"Female","Black",1,"Limited",2016,"Private","Middle","Academic",1,17,20,441.596466881688,1
"SYN-SCLC-001747",TRUE,"SCLC","SIM-F051",37,"Male","Black",0,"Extensive",2010,NA,"Higher","Community",1,25,59,1378.59128731677,1
"SYN-SCLC-001748",TRUE,"SCLC","SIM-F006",77,"Female","Hispanic",1,"Limited",2012,"Public","Lower","Integrated",0,32,NA,208.239093881074,1
"SYN-SCLC-001749",TRUE,"SCLC","SIM-F040",57,"Male","Black",1,"Limited",2011,"Private",NA,"Community",1,5,10,734.830426917448,1
"SYN-SCLC-001750",TRUE,"SCLC","SIM-F026",52,"Female","Other",0,"Extensive",2016,"Public","Higher","Academic",1,22,30,1162.43100337823,1
"SYN-SCLC-001751",TRUE,"SCLC","SIM-F008",70,"Male","Other",0,"Extensive",2019,"Public","Middle","Academic",1,NA,NA,9.86153371678476,1
"SYN-SCLC-001752",TRUE,"SCLC","SIM-F060",66,"Female","Black",0,"Extensive",2012,"Private","Middle","Academic",0,15,NA,1943.62546906267,1
"SYN-SCLC-001753",TRUE,"SCLC","SIM-F038",72,"Male","Hispanic",2,"Extensive",2020,"Public","Higher","Community",0,29,NA,309.501548798406,1
"SYN-SCLC-001754",TRUE,"SCLC","SIM-F014",67,"Male","Other",0,"Extensive",2012,"Private","Middle","Integrated",0,25,NA,352.007838827835,1
"SYN-SCLC-001755",TRUE,"SCLC","SIM-F017",60,"Male","Other",1,"Limited",2012,"Private","Middle","Academic",1,23,28,568.383240793713,1
"SYN-SCLC-001756",TRUE,"SCLC","SIM-F052",66,"Male","Hispanic",1,"Extensive",2021,"Private","Lower","Academic",1,5,25,346.975357898339,1
"SYN-SCLC-001757",TRUE,"SCLC","SIM-F009",77,"Male","Black",0,"Extensive",2017,"Public","Middle","Community",0,32,NA,357.181271883984,1
"SYN-SCLC-001758",TRUE,"SCLC","SIM-F033",77,"Female","Other",1,"Limited",2018,"Public","Lower","Community",1,21,37,748.630741071524,1
"SYN-SCLC-001759",TRUE,"SCLC","SIM-F041",90,"Female","Black",0,"Extensive",2020,"Public","Lower","Academic",0,9,NA,448.408638887278,1
"SYN-SCLC-001760",TRUE,"SCLC","SIM-F019",69,"Female","Hispanic",1,"Extensive",2020,"Private","Middle","Academic",1,25,46,1776.25255724818,1
"SYN-SCLC-001761",TRUE,"SCLC","SIM-F020",75,"Male","Black",1,"Extensive",2016,"Private","Middle","Community",1,17,24,172.178315639126,1
"SYN-SCLC-001762",TRUE,"SCLC","SIM-F033",69,"Male","Hispanic",1,"Extensive",2022,NA,"Middle","Community",0,8,NA,117.767967787858,1
"SYN-SCLC-001763",TRUE,"SCLC","SIM-F050",73,"Male","Other",1,"Extensive",2010,"Private","Higher","Academic",0,8,NA,517.529885226945,1
"SYN-SCLC-001764",TRUE,"SCLC","SIM-F020",59,"Female","Black",0,"Extensive",2020,"Private","Higher","Community",1,26,46,697.425835635513,0
"SYN-SCLC-001765",TRUE,"SCLC","SIM-F043",56,"Male","Black",0,"Extensive",2020,"Public","Lower","Integrated",0,6,NA,144.410773778042,1
"SYN-SCLC-001766",TRUE,"SCLC","SIM-F059",59,"Female","Other",0,"Extensive",2017,"Public","Lower","Academic",1,15,46,133.260151439388,1
"SYN-SCLC-001767",TRUE,"SCLC","SIM-F054",82,"Female","Hispanic",2,"Extensive",2016,NA,"Middle","Integrated",0,36,NA,335.028513625382,1
"SYN-SCLC-001768",TRUE,"SCLC","SIM-F028",64,"Female","Black",0,"Extensive",2012,"Private","Higher","Community",1,9,10,1888.71092137799,1
"SYN-SCLC-001769",TRUE,"SCLC","SIM-F034",44,"Male","Other",1,"Extensive",2015,"Private","Middle","Community",1,29,62,128.541327563629,1
"SYN-SCLC-001770",TRUE,"SCLC","SIM-F019",65,"Male","Hispanic",0,"Limited",2022,"Private","Higher","Academic",1,39,63,1935.85774979718,1
"SYN-SCLC-001771",TRUE,"SCLC","SIM-F048",49,"Male","Hispanic",1,"Extensive",2010,"Private","Lower","Community",1,27,66,941.766464486718,0
"SYN-SCLC-001772",TRUE,"SCLC","SIM-F005",60,"Female","Hispanic",0,"Extensive",2014,"Public","Middle","Community",1,39,72,1190.87313386519,1
"SYN-SCLC-001773",TRUE,"SCLC","SIM-F002",53,"Female","Other",0,"Limited",2018,"Private","Middle","Academic",1,11,48,1217.51352083753,0
"SYN-SCLC-001774",TRUE,"SCLC","SIM-F038",67,"Male","Black",0,"Extensive",2018,"Public",NA,"Community",0,38,NA,262.215629703956,0
"SYN-SCLC-001775",TRUE,"SCLC","SIM-F043",28,"Male","Other",0,"Extensive",2019,"Private","Lower","Integrated",1,32,65,2345.87003382272,0
"SYN-SCLC-001776",TRUE,"SCLC","SIM-F016",68,"Male","Black",0,"Extensive",2021,"Public","Higher","Academic",0,NA,NA,24.3726032982503,NA
"SYN-SCLC-001777",TRUE,"SCLC","SIM-F016",54,"Male","Black",1,"Extensive",2020,"Private","Higher","Academic",1,23,39,572.484273997992,1
"SYN-SCLC-001778",TRUE,"SCLC","SIM-F004",67,"Male","Black",2,"Extensive",2013,NA,"Middle","Community",0,20,NA,92.904602240429,1
"SYN-SCLC-001779",TRUE,"SCLC","SIM-F047",58,"Female","Hispanic",0,"Extensive",2017,"Public","Lower","Integrated",1,34,37,1549.70187635277,0
"SYN-SCLC-001780",TRUE,"SCLC","SIM-F056",71,"Female","Hispanic",0,"Extensive",2019,"Public","Lower","Academic",0,44,NA,970.801846401466,1
"SYN-SCLC-001781",TRUE,"SCLC","SIM-F005",81,"Male","Black",1,"Extensive",2018,"Public","Higher",NA,0,45,NA,133.022321599674,1
"SYN-SCLC-001782",TRUE,"SCLC","SIM-F025",55,"Male","Black",0,"Extensive",2013,"Public","Higher","Integrated",1,7,36,112.691691164132,1
"SYN-SCLC-001783",TRUE,"SCLC","SIM-F011",79,"Male","Hispanic",0,"Limited",2019,"Public","Higher","Integrated",0,37,NA,1079.65849405873,1
"SYN-SCLC-001784",TRUE,"SCLC","SIM-F036",72,"Male","Black",0,"Limited",2020,"Private",NA,NA,1,42,77,1960.20588897846,1
"SYN-SCLC-001785",TRUE,"SCLC","SIM-F048",71,"Male","Black",0,"Extensive",2012,"Public","Lower","Community",0,34,NA,467.490552540626,1
"SYN-SCLC-001786",TRUE,"SCLC","SIM-F030",69,"Male","Hispanic",1,"Limited",2011,"Private","Higher","Academic",0,11,NA,1436.59988732776,0
"SYN-SCLC-001787",TRUE,"SCLC","SIM-F023",51,"Female","Black",0,"Limited",2022,"Public","Higher","Integrated",1,44,68,1216.2722481398,1
"SYN-SCLC-001788",TRUE,"SCLC","SIM-F007",48,"Male","Other",1,"Extensive",2021,"Private","Lower","Academic",1,24,49,508.958457977278,1
"SYN-SCLC-001789",TRUE,"SCLC","SIM-F001",79,"Female","Other",2,"Extensive",2011,"Public","Middle","Community",0,27,NA,435.629101686828,1
"SYN-SCLC-001790",TRUE,"SCLC","SIM-F021",54,"Male","Hispanic",1,"Extensive",2013,"Private","Middle","Community",0,15,NA,296.112790331547,1
"SYN-SCLC-001791",TRUE,"SCLC","SIM-F029",72,"Female","Other",0,"Extensive",2022,"Private","Lower","Integrated",0,41,NA,1275.88168572844,1
"SYN-SCLC-001792",TRUE,"SCLC","SIM-F050",59,"Male","Other",0,"Extensive",2015,"Private","Higher","Academic",1,19,29,1407.4460603118,1
"SYN-SCLC-001793",TRUE,"SCLC","SIM-F026",82,"Female","Black",1,"Extensive",2014,"Private","Middle","Academic",0,38,NA,256.099289322266,1
"SYN-SCLC-001794",TRUE,"SCLC","SIM-F027",53,"Female","Black",0,"Extensive",2016,"Private","Higher","Integrated",1,8,10,1188.61205135705,0
"SYN-SCLC-001795",TRUE,"SCLC","SIM-F007",56,"Female","Black",0,"Extensive",2013,"Private",NA,"Academic",0,9,NA,847.486173653989,1
"SYN-SCLC-001796",TRUE,"SCLC","SIM-F019",49,"Female","Black",2,"Extensive",2013,"Private","Middle",NA,1,45,48,372.623357791454,0
"SYN-SCLC-001797",TRUE,"SCLC","SIM-F002",69,"Female","Hispanic",0,"Extensive",2022,"Private","Higher","Academic",0,100,NA,184.573088096247,1
"SYN-SCLC-001798",TRUE,"SCLC","SIM-F032",66,"Female","Hispanic",0,"Limited",2018,"Public","Higher","Academic",1,15,30,263.495490844862,1
"SYN-SCLC-001799",TRUE,"SCLC","SIM-F001",52,"Male","Other",1,"Extensive",2022,NA,"Lower","Community",1,37,38,400.706627373854,1
"SYN-SCLC-001800",TRUE,"SCLC","SIM-F048",71,"Male","Other",2,"Extensive",2010,"Private","Higher","Community",0,12,NA,184.96767213101,1
"SYN-SCLC-001801",TRUE,"SCLC","SIM-F005",22,"Female","Black",0,"Extensive",2016,"Private","Middle",NA,1,13,45,1880.49056348624,0
"SYN-SCLC-001802",TRUE,"SCLC","SIM-F054",68,"Female","Black",0,"Extensive",2016,"Private","Middle","Integrated",1,16,45,143.187125558021,1
"SYN-SCLC-001803",TRUE,"SCLC","SIM-F001",63,"Male","Black",0,"Extensive",2012,"Private","Lower","Community",1,16,50,251.753689456057,1
"SYN-SCLC-001804",TRUE,"SCLC","SIM-F026",75,"Female","Other",0,"Extensive",2022,"Public","Middle","Academic",0,9,NA,844.61722618068,1
"SYN-SCLC-001805",TRUE,"SCLC","SIM-F052",64,"Male","Black",0,"Extensive",2017,"Private","Lower","Academic",0,NA,NA,20.1625947268892,1
"SYN-SCLC-001806",TRUE,"SCLC","SIM-F041",80,"Male","Black",1,"Extensive",2016,"Public","Middle","Academic",0,27,NA,1944.47537948477,1
"SYN-SCLC-001807",TRUE,"SCLC","SIM-F007",77,"Female","Hispanic",2,"Extensive",2013,NA,"Middle","Academic",1,22,30,79.2206622834712,1
"SYN-SCLC-001808",TRUE,"SCLC","SIM-F042",77,"Male","Other",0,"Extensive",2013,"Private","Higher",NA,0,NA,NA,9.11188065099059,1
"SYN-SCLC-001809",TRUE,"SCLC","SIM-F026",57,"Male","Black",1,"Extensive",2019,NA,"Higher",NA,1,32,33,36.0531662824962,1
"SYN-SCLC-001810",TRUE,"SCLC","SIM-F028",56,"Male","Black",1,"Limited",2011,"Private","Middle","Community",1,31,64,535.306845696682,1
"SYN-SCLC-001811",TRUE,"SCLC","SIM-F036",67,"Female","Other",0,"Extensive",2015,"Public","Lower","Academic",0,8,NA,117.060934385403,1
"SYN-SCLC-001812",TRUE,"SCLC","SIM-F056",77,"Female","Black",1,"Extensive",2011,"Public","Middle","Academic",0,12,NA,909.130788321571,1
"SYN-SCLC-001813",TRUE,"SCLC","SIM-F059",70,"Male","Black",0,"Extensive",2021,"Public","Middle","Academic",0,16,NA,105.466907565618,1
"SYN-SCLC-001814",TRUE,"SCLC","SIM-F060",74,"Male","Other",0,"Limited",2011,"Public","Higher","Academic",0,38,NA,1049.47790980244,1
"SYN-SCLC-001815",TRUE,"SCLC","SIM-F028",56,"Female","Black",1,"Extensive",2013,"Private","Lower",NA,1,23,47,306.935604304505,1
"SYN-SCLC-001816",TRUE,"SCLC","SIM-F060",70,"Female","Hispanic",1,"Extensive",2015,"Public","Higher","Academic",1,45,47,283.069242119255,1
"SYN-SCLC-001817",TRUE,"SCLC","SIM-F019",73,"Female","Hispanic",0,"Extensive",2020,"Public","Higher","Academic",1,18,33,234.698274845331,1
"SYN-SCLC-001818",TRUE,"SCLC","SIM-F035",57,"Male","Black",1,"Extensive",2014,"Private","Higher","Integrated",1,28,47,295.553730454906,1
"SYN-SCLC-001819",TRUE,"SCLC","SIM-F060",73,"Male","Hispanic",0,"Extensive",2021,"Public","Middle","Academic",0,34,NA,71.0327513275157,1
"SYN-SCLC-001820",TRUE,"SCLC","SIM-F028",58,"Male","Hispanic",0,"Extensive",2019,NA,"Middle","Community",1,31,33,551.85765879199,1
"SYN-SCLC-001821",TRUE,"SCLC","SIM-F048",68,"Male","Other",1,"Extensive",2010,"Public","Lower","Community",1,NA,NA,31.2987795787861,1
"SYN-SCLC-001822",TRUE,"SCLC","SIM-F050",88,"Male","Hispanic",0,"Limited",2017,"Public","Higher","Academic",0,42,NA,157.129887559372,1
"SYN-SCLC-001823",TRUE,"SCLC","SIM-F002",69,"Male","Other",0,"Extensive",2013,"Public","Middle","Academic",0,39,NA,355.657905580858,1
"SYN-SCLC-001824",TRUE,"SCLC","SIM-F058",74,"Female","Hispanic",2,"Extensive",2012,"Public","Lower","Academic",1,12,23,613.335936878659,1
"SYN-SCLC-001825",TRUE,"SCLC","SIM-F007",49,"Male","Hispanic",0,"Extensive",2014,"Private","Middle","Academic",0,38,NA,611.514779879787,1
"SYN-SCLC-001826",TRUE,"SCLC","SIM-F057",33,"Male","Black",0,"Extensive",2018,"Public","Middle","Community",0,17,NA,301.340511461331,1
"SYN-SCLC-001827",TRUE,"SCLC","SIM-F032",74,"Male","Black",1,"Extensive",2019,"Private","Middle","Academic",0,37,NA,111.428828672171,1
"SYN-SCLC-001828",TRUE,"SCLC","SIM-F010",75,"Male","Black",0,"Extensive",2013,"Private","Higher","Integrated",1,15,39,527.143865396162,1
"SYN-SCLC-001829",TRUE,"SCLC","SIM-F009",73,"Male","Black",1,"Extensive",2015,"Private",NA,"Community",0,34,NA,576.784327254884,1
"SYN-SCLC-001830",TRUE,"SCLC","SIM-F022",37,"Female","Hispanic",1,"Extensive",2018,"Private","Higher","Integrated",1,16,24,814.438905447684,1
"SYN-SCLC-001831",TRUE,"SCLC","SIM-F001",61,"Male","Other",0,"Extensive",2020,"Public","Middle","Community",1,40,42,1557.1471574722,1
"SYN-SCLC-001832",TRUE,"SCLC","SIM-F012",79,"Female","Black",1,"Extensive",2012,"Public",NA,"Community",0,13,NA,53.692938821049,1
"SYN-SCLC-001833",TRUE,"SCLC","SIM-F048",65,"Male","Black",1,"Extensive",2010,"Public","Middle","Community",0,21,NA,33.8781845584574,1
"SYN-SCLC-001834",TRUE,"SCLC","SIM-F005",63,"Female","Hispanic",0,"Extensive",2017,"Public","Lower","Community",1,11,15,236.390482233093,1
"SYN-SCLC-001835",TRUE,"SCLC","SIM-F040",90,"Male","Black",2,"Extensive",2015,"Public","Lower","Community",0,20,NA,95.6023396212504,1
"SYN-SCLC-001836",TRUE,"SCLC","SIM-F037",39,"Female","Hispanic",0,"Extensive",2015,"Private","Higher","Community",1,29,41,526.79686607793,0
"SYN-SCLC-001837",TRUE,"SCLC","SIM-F011",78,"Male","Black",1,"Extensive",2015,"Private","Higher","Integrated",1,27,51,57.5733959416476,1
"SYN-SCLC-001838",TRUE,"SCLC","SIM-F014",60,"Female","Other",1,"Extensive",2015,"Private","Higher","Integrated",1,5,6,812.690859893944,1
"SYN-SCLC-001839",TRUE,"SCLC","SIM-F013",67,"Female","Hispanic",1,"Limited",2013,"Private","Higher","Integrated",0,19,NA,1070.74919615816,1
"SYN-SCLC-001840",TRUE,"SCLC","SIM-F015",41,"Female","Other",2,"Extensive",2011,"Private","Higher","Academic",1,24,44,60.2902446240213,1
"SYN-SCLC-001841",TRUE,"SCLC","SIM-F012",77,"Female","Hispanic",0,"Extensive",2022,NA,"Middle","Community",1,45,84,774.751800257713,1
"SYN-SCLC-001842",TRUE,"SCLC","SIM-F051",62,"Male","Hispanic",0,"Extensive",2010,"Private","Middle","Community",0,NA,NA,17.310126184102,1
"SYN-SCLC-001843",TRUE,"SCLC","SIM-F060",62,"Female","Other",0,"Extensive",2016,"Public","Middle","Academic",1,14,42,149.957976809718,1
"SYN-SCLC-001844",TRUE,"SCLC","SIM-F055",74,"Female","Hispanic",1,"Extensive",2016,NA,"Middle","Academic",0,NA,NA,17.8416296307143,1
"SYN-SCLC-001845",TRUE,"SCLC","SIM-F018",64,"Male","Other",1,"Extensive",2010,"Public","Middle","Integrated",1,29,NA,38.7382481904604,1
"SYN-SCLC-001846",TRUE,"SCLC","SIM-F008",55,"Male","Other",0,"Extensive",2011,"Private","Middle","Academic",1,9,23,642.303040043566,1
"SYN-SCLC-001847",TRUE,"SCLC","SIM-F031",52,"Male","Other",0,"Extensive",2021,"Private","Middle","Academic",1,10,27,1227.5893968229,1
"SYN-SCLC-001848",TRUE,"SCLC","SIM-F032",56,"Female","Hispanic",0,"Extensive",2021,"Public","Middle","Academic",1,40,60,429.290437940508,0
"SYN-SCLC-001849",TRUE,"SCLC","SIM-F028",70,"Male","Black",2,"Extensive",2015,"Private","Middle","Community",1,30,56,146.237071783341,1
"SYN-SCLC-001850",TRUE,"SCLC","SIM-F034",70,"Female","Black",1,"Extensive",2018,NA,"Lower","Community",1,5,17,94.5825959869974,1
"SYN-SCLC-001851",TRUE,"SCLC","SIM-F006",73,"Male","Other",1,"Limited",2016,"Public","Lower","Integrated",0,35,NA,197.552254235781,1
"SYN-SCLC-001852",TRUE,"SCLC","SIM-F003",76,"Female","Other",0,"Limited",2015,"Private","Higher","Integrated",1,21,45,1662.82203175128,0
"SYN-SCLC-001853",TRUE,"SCLC","SIM-F047",77,"Male","Black",1,"Extensive",2021,"Private","Lower","Integrated",0,8,NA,331.252101013096,1
"SYN-SCLC-001854",TRUE,"SCLC","SIM-F020",50,"Female","Hispanic",0,"Extensive",2019,"Private","Lower","Community",1,9,9,1241.6522062989,0
"SYN-SCLC-001855",TRUE,"SCLC","SIM-F015",58,"Female","Other",1,"Extensive",2017,"Private","Higher","Academic",1,38,54,114.213724891996,1
"SYN-SCLC-001856",TRUE,"SCLC","SIM-F012",51,"Male","Hispanic",1,"Limited",2016,"Private","Higher","Community",1,24,59,541.690422156988,1
"SYN-SCLC-001857",TRUE,"SCLC","SIM-F016",87,"Male","Other",1,"Extensive",2010,"Public","Higher","Academic",0,41,NA,42.4817585054407,1
"SYN-SCLC-001858",TRUE,"SCLC","SIM-F012",68,"Male","Other",0,"Extensive",2010,"Private",NA,"Community",0,6,NA,180.840588728309,1
"SYN-SCLC-001859",TRUE,"SCLC","SIM-F060",63,"Female","Other",0,"Extensive",2020,"Private","Middle","Academic",0,14,NA,655.355703779674,1
"SYN-SCLC-001860",TRUE,"SCLC","SIM-F052",55,"Male","Black",1,"Extensive",2013,"Public","Higher","Academic",1,16,27,958.212556586483,1
"SYN-SCLC-001861",TRUE,"SCLC","SIM-F027",49,"Female","Other",2,"Limited",2019,"Private","Higher",NA,0,42,NA,837.77615059381,1
"SYN-SCLC-001862",TRUE,"SCLC","SIM-F028",45,"Female","Black",0,"Limited",2013,"Private",NA,"Community",0,7,NA,220.729904950746,1
"SYN-SCLC-001863",TRUE,"SCLC","SIM-F051",47,"Male","Other",1,"Limited",2020,"Public","Middle","Community",1,9,40,1182.19475437792,1
"SYN-SCLC-001864",TRUE,"SCLC","SIM-F046",73,"Male","Hispanic",1,"Extensive",2015,"Private","Higher","Academic",0,5,NA,151.682361199331,1
"SYN-SCLC-001865",TRUE,"SCLC","SIM-F048",61,"Male","Other",0,"Extensive",2013,"Private","Middle","Community",0,45,NA,280.867909074983,1
"SYN-SCLC-001866",TRUE,"SCLC","SIM-F020",52,"Male","Black",0,"Extensive",2021,NA,"Lower","Community",1,NA,NA,30.5413936869011,1
"SYN-SCLC-001867",TRUE,"SCLC","SIM-F054",65,"Male","Other",1,"Extensive",2019,"Private","Higher","Integrated",1,16,43,1359.46507416316,0
"SYN-SCLC-001868",TRUE,"SCLC","SIM-F028",66,"Male","Hispanic",0,"Extensive",2021,"Private","Middle","Community",1,29,62,271.451145195884,1
"SYN-SCLC-001869",TRUE,"SCLC","SIM-F004",57,"Male","Black",1,"Extensive",2012,NA,"Middle","Community",1,38,39,1689.37856281642,0
"SYN-SCLC-001870",TRUE,"SCLC","SIM-F053",58,"Female","Other",1,"Extensive",2020,"Private","Lower","Academic",0,42,NA,493.29710733252,1
"SYN-SCLC-001871",TRUE,"SCLC","SIM-F026",51,"Male","Hispanic",1,"Extensive",2013,NA,"Lower","Academic",1,20,30,1374.91292903831,1
"SYN-SCLC-001872",TRUE,"SCLC","SIM-F021",57,"Male","Black",0,"Extensive",2016,"Public","Middle","Community",0,21,NA,266.10762918276,1
"SYN-SCLC-001873",TRUE,"SCLC","SIM-F025",62,"Female","Black",1,"Extensive",2020,"Private","Middle","Integrated",0,11,NA,607.831162524389,1
"SYN-SCLC-001874",TRUE,"SCLC","SIM-F054",52,"Male","Hispanic",2,"Extensive",2010,"Public","Lower","Integrated",1,35,37,175.136713287448,1
"SYN-SCLC-001875",TRUE,"SCLC","SIM-F042",48,"Male","Other",0,"Limited",2017,"Private","Higher","Academic",1,31,71,280.657898527809,1
"SYN-SCLC-001876",TRUE,"SCLC","SIM-F051",54,"Female","Hispanic",0,"Extensive",2022,"Private","Higher","Community",1,35,66,512.285266017235,1
"SYN-SCLC-001877",TRUE,"SCLC","SIM-F030",61,"Male","Other",1,"Extensive",2019,"Public","Lower","Academic",1,NA,NA,22.856287975217,1
"SYN-SCLC-001878",TRUE,"SCLC","SIM-F021",55,"Male","Black",0,"Extensive",2021,"Private","Middle","Community",0,29,NA,284.402168451205,1
"SYN-SCLC-001879",TRUE,"SCLC","SIM-F021",68,"Female","Hispanic",0,"Extensive",2016,"Public",NA,"Community",1,39,60,415.620372079202,1
"SYN-SCLC-001880",TRUE,"SCLC","SIM-F055",74,"Male","Other",2,"Extensive",2017,"Public","Middle","Academic",0,NA,NA,1.5291277611995,1
"SYN-SCLC-001881",TRUE,"SCLC","SIM-F035",48,"Male","Hispanic",0,"Extensive",2015,"Public","Middle",NA,0,21,NA,58.7698630546281,1
"SYN-SCLC-001882",TRUE,"SCLC","SIM-F037",61,"Female","Other",1,"Extensive",2022,"Private","Middle","Community",0,14,NA,1274.49117662209,1
"SYN-SCLC-001883",TRUE,"SCLC","SIM-F036",75,"Male","Other",1,"Extensive",2020,"Public","Lower","Academic",0,11,NA,777.419281813406,1
"SYN-SCLC-001884",TRUE,"SCLC","SIM-F009",50,"Female","Other",1,"Extensive",2021,"Public","Lower","Community",1,38,38,448.786184745408,1
"SYN-SCLC-001885",TRUE,"SCLC","SIM-F016",65,"Female","Other",1,"Extensive",2020,"Private","Lower","Academic",0,19,NA,131.822674368379,1
"SYN-SCLC-001886",TRUE,"SCLC","SIM-F040",79,"Female","Other",1,"Extensive",2018,"Private","Higher","Community",1,100,51,139.019118391723,1
"SYN-SCLC-001887",TRUE,"SCLC","SIM-F016",64,"Female","Other",1,"Extensive",2020,"Private","Middle","Academic",0,28,NA,520.821715152689,1
"SYN-SCLC-001888",TRUE,"SCLC","SIM-F056",78,"Female","Other",1,"Extensive",2012,"Public",NA,"Academic",0,5,NA,32.3202431760728,0
"SYN-SCLC-001889",TRUE,"SCLC","SIM-F001",69,"Female","Black",1,"Extensive",2014,"Public","Lower","Community",NA,41,NA,51.2371639816886,1
"SYN-SCLC-001890",TRUE,"SCLC","SIM-F050",71,"Female","Other",1,"Extensive",2017,"Public","Middle","Academic",0,18,NA,141.53941441788,1
"SYN-SCLC-001891",TRUE,"SCLC","SIM-F050",41,"Male","Other",0,"Extensive",2022,"Private","Lower","Academic",1,24,26,2517.03496573842,0
"SYN-SCLC-001892",TRUE,"SCLC","SIM-F026",43,"Male","Other",1,"Extensive",2010,"Private","Middle","Academic",1,6,21,252.134840380814,1
"SYN-SCLC-001893",TRUE,"SCLC","SIM-F009",54,"Female","Other",0,"Limited",2019,"Public","Higher","Community",0,33,NA,97.3023910247069,1
"SYN-SCLC-001894",TRUE,"SCLC","SIM-F027",78,"Male","Other",0,"Extensive",2015,"Private","Lower","Integrated",0,13,NA,523.728245227038,1
"SYN-SCLC-001895",TRUE,"SCLC","SIM-F043",62,"Male","Black",0,"Extensive",2019,"Public","Middle","Integrated",1,16,49,1811.89819208463,0
"SYN-SCLC-001896",TRUE,"SCLC","SIM-F016",38,"Female","Hispanic",0,"Extensive",2011,"Private","Higher","Academic",1,NA,NA,9.61318881713093,1
"SYN-SCLC-001897",TRUE,"SCLC","SIM-F011",44,"Female","Hispanic",0,"Extensive",2021,"Private","Middle","Integrated",1,26,41,1621.08344559907,0
"SYN-SCLC-001898",TRUE,"SCLC","SIM-F035",52,"Female","Hispanic",0,"Extensive",2021,"Private","Higher","Integrated",0,8,NA,NA,1
"SYN-SCLC-001899",TRUE,"SCLC","SIM-F025",60,"Male","Hispanic",1,"Extensive",2019,"Private","Lower","Integrated",0,43,NA,126.239568847824,1
"SYN-SCLC-001900",TRUE,"SCLC","SIM-F046",65,"Female","Black",1,"Extensive",2015,"Private","Middle","Academic",0,19,NA,167.712694110197,1
"SYN-SCLC-001901",TRUE,"SCLC","SIM-F005",50,"Female","Black",1,"Extensive",2021,"Private","Lower","Community",1,32,71,859.065307693052,1
"SYN-SCLC-001902",TRUE,"SCLC","SIM-F035",70,"Male","Other",0,"Extensive",2017,NA,"Lower","Integrated",1,26,27,74.3615082951354,1
"SYN-SCLC-001903",TRUE,"SCLC","SIM-F005",30,"Female","Hispanic",NA,"Limited",2019,NA,"Lower",NA,1,41,58,967.131297904998,0
"SYN-SCLC-001904",TRUE,"SCLC","SIM-F040",57,"Male","Hispanic",1,"Extensive",2015,"Public","Lower","Community",0,28,NA,510.802964871909,0
"SYN-SCLC-001905",TRUE,"SCLC","SIM-F049",59,"Female","Hispanic",1,"Extensive",2015,"Private","Higher","Academic",1,31,NA,35.6880575974945,1
"SYN-SCLC-001906",TRUE,"SCLC","SIM-F059",66,"Male","Other",1,"Extensive",2022,"Public","Higher","Academic",1,19,27,357.533624281783,1
"SYN-SCLC-001907",TRUE,"SCLC","SIM-F051",87,"Male","Black",1,"Extensive",2018,"Private","Higher","Community",0,6,NA,38.9350863698027,1
"SYN-SCLC-001908",TRUE,"SCLC","SIM-F007",44,"Female","Hispanic",1,"Extensive",2015,"Private","Higher","Academic",1,30,51,319.128962103277,0
"SYN-SCLC-001909",TRUE,"SCLC","SIM-F054",49,"Male","Other",0,"Extensive",2013,"Private","Middle",NA,1,9,38,206.932008136064,0
"SYN-SCLC-001910",TRUE,"SCLC","SIM-F021",66,"Female","Hispanic",0,"Extensive",2015,"Private","Higher","Community",1,5,32,475.046170279384,0
"SYN-SCLC-001911",TRUE,"SCLC","SIM-F012",48,"Female","Hispanic",0,"Extensive",2020,"Private","Middle",NA,1,30,32,440.711296773772,1
"SYN-SCLC-001912",TRUE,"SCLC","SIM-F049",67,"Female","Hispanic",0,"Limited",2017,"Private","Lower","Academic",0,13,NA,1057.15403095163,1
"SYN-SCLC-001913",TRUE,"SCLC","SIM-F039",48,"Female","Hispanic",0,"Extensive",2012,"Private","Lower","Integrated",0,34,NA,283.543489525059,1
"SYN-SCLC-001914",TRUE,"SCLC","SIM-F020",65,"Female","Other",1,"Extensive",2014,"Public","Higher","Community",0,14,NA,289.345871008949,1
"SYN-SCLC-001915",TRUE,"SCLC","SIM-F006",73,"Female","Other",1,"Extensive",2022,"Public","Lower",NA,1,23,33,607.287127913305,1
"SYN-SCLC-001916",TRUE,"SCLC","SIM-F021",74,"Female","Black",1,"Limited",2017,"Public","Higher","Community",0,6,NA,224.166585041312,1
"SYN-SCLC-001917",TRUE,"SCLC","SIM-F035",63,"Male","Other",0,"Extensive",2011,"Public","Middle","Integrated",0,35,NA,48.2636047735103,1
"SYN-SCLC-001918",TRUE,"SCLC","SIM-F058",63,"Male","Hispanic",1,"Extensive",2013,"Private","Higher","Academic",0,NA,NA,12.3008581785197,1
"SYN-SCLC-001919",TRUE,"SCLC","SIM-F043",51,"Male","Other",0,"Limited",2014,"Private","Higher",NA,1,30,67,536.567195728287,1
"SYN-SCLC-001920",TRUE,"SCLC","SIM-F028",70,"Female","Other",0,"Extensive",2021,"Public","Middle","Community",1,21,21,210.102632048748,1
"SYN-SCLC-001921",TRUE,"SCLC","SIM-F053",67,"Female","Hispanic",1,"Extensive",2015,"Private","Higher","Academic",0,37,NA,191.148399624239,1
"SYN-SCLC-001922",TRUE,"SCLC","SIM-F052",74,"Female","Hispanic",2,"Extensive",2013,"Public","Higher","Academic",0,17,NA,112.265702764913,1
"SYN-SCLC-001923",TRUE,"SCLC","SIM-F038",60,"Male","Hispanic",0,"Extensive",2017,"Private","Lower","Community",1,12,46,97.285705111651,1
"SYN-SCLC-001924",TRUE,"SCLC","SIM-F012",68,"Female","Other",1,"Extensive",2018,"Private","Middle","Community",1,38,50,133.258886452929,1
"SYN-SCLC-001925",TRUE,"SCLC","SIM-F029",55,"Female","Hispanic",1,"Extensive",2021,"Public","Lower","Integrated",1,39,76,1121.30746336786,1
"SYN-SCLC-001926",TRUE,"SCLC","SIM-F008",70,"Male","Hispanic",0,"Limited",2014,"Private","Middle","Academic",1,42,70,286.345818437005,1
"SYN-SCLC-001927",TRUE,"SCLC","SIM-F039",80,"Female","Other",0,"Extensive",2022,"Public","Higher","Integrated",0,25,NA,47.4336970825333,1
"SYN-SCLC-001928",TRUE,"SCLC","SIM-F050",39,"Male","Hispanic",0,"Extensive",2011,"Private","Lower","Academic",1,33,66,1586.89045731677,0
"SYN-SCLC-001929",TRUE,"SCLC","SIM-F024",61,"Female","Hispanic",1,"Extensive",2010,NA,"Lower","Integrated",1,NA,NA,3.07566810649309,1
"SYN-SCLC-001930",TRUE,"SCLC","SIM-F016",67,"Female","Other",0,"Extensive",2022,"Public","Lower","Academic",1,20,51,1888.25578271314,1
"SYN-SCLC-001931",TRUE,"SCLC","SIM-F049",71,"Male","Black",1,"Extensive",2015,"Public","Higher","Academic",0,38,NA,1245.11241744802,1
"SYN-SCLC-001932",TRUE,"SCLC","SIM-F025",87,"Male","Other",2,"Extensive",2012,"Public","Higher","Integrated",1,42,77,355.340387666775,1
"SYN-SCLC-001933",TRUE,"SCLC","SIM-F059",81,"Male","Hispanic",1,"Extensive",2010,"Public","Lower","Academic",0,40,NA,303.569771806256,1
"SYN-SCLC-001934",TRUE,"SCLC","SIM-F027",44,"Female","Other",1,"Extensive",2018,"Private","Middle","Integrated",1,43,73,554.04839316274,0
"SYN-SCLC-001935",TRUE,"SCLC","SIM-F009",47,"Male","Other",1,"Extensive",2015,"Private","Lower","Community",0,33,NA,1482.02619513241,1
"SYN-SCLC-001936",TRUE,"SCLC","SIM-F047",76,"Female","Black",1,"Extensive",2014,"Private","Lower","Integrated",0,43,NA,95.7975825947109,1
"SYN-SCLC-001937",TRUE,"SCLC","SIM-F019",43,"Female","Black",0,"Extensive",2020,"Public","Lower","Academic",1,9,22,1199.22643584205,1
"SYN-SCLC-001938",TRUE,"SCLC","SIM-F001",72,"Male","Hispanic",0,"Extensive",2017,"Private","Lower","Community",0,11,NA,240.496764561516,1
"SYN-SCLC-001939",TRUE,"SCLC","SIM-F019",64,"Male","Black",1,"Extensive",2012,"Public","Higher","Academic",1,10,14,273.976251807523,1
"SYN-SCLC-001940",TRUE,"SCLC","SIM-F021",90,"Female","Hispanic",1,"Extensive",2014,"Public","Lower","Community",0,39,NA,77.3804373005628,1
"SYN-SCLC-001941",TRUE,"SCLC","SIM-F043",65,"Female","Other",1,"Limited",2011,"Public","Higher","Integrated",0,28,NA,449.814307501638,1
"SYN-SCLC-001942",TRUE,"SCLC","SIM-F048",69,"Female","Black",2,"Extensive",2017,"Private","Higher","Community",0,24,NA,147.398076898064,1
"SYN-SCLC-001943",TRUE,"SCLC","SIM-F012",69,"Male","Other",0,"Extensive",2016,NA,"Middle",NA,0,21,NA,86.554906918632,1
"SYN-SCLC-001944",TRUE,"SCLC","SIM-F022",74,"Female","Hispanic",0,"Limited",2016,NA,"Higher",NA,0,9,NA,532.911350285823,1
"SYN-SCLC-001945",TRUE,"SCLC","SIM-F029",63,"Male","Other",0,"Extensive",2010,"Public","Lower",NA,1,29,57,193.998225817525,1
"SYN-SCLC-001946",TRUE,"SCLC","SIM-F056",90,"Male","Hispanic",1,"Extensive",2013,"Public","Middle","Academic",0,17,NA,462.001091782047,1
"SYN-SCLC-001947",TRUE,"SCLC","SIM-F050",66,"Female","Hispanic",1,"Extensive",2010,"Public","Middle","Academic",0,28,NA,348.70124758416,1
"SYN-SCLC-001948",TRUE,"SCLC","SIM-F003",55,"Female","Hispanic",1,"Extensive",2015,"Private","Lower","Integrated",0,21,NA,225.517053781704,1
"SYN-SCLC-001949",TRUE,"SCLC","SIM-F059",53,"Female","Other",0,"Extensive",2011,"Private","Middle","Academic",1,20,37,2332.51948608318,0
"SYN-SCLC-001950",TRUE,"SCLC","SIM-F023",72,"Male","Black",0,"Extensive",2017,"Private","Higher","Integrated",1,9,NA,16.0548286015985,1
"SYN-SCLC-001951",TRUE,"SCLC","SIM-F020",60,"Female","Other",0,"Extensive",2022,"Public","Lower","Community",0,41,NA,112.841414262896,1
"SYN-SCLC-001952",TRUE,"SCLC","SIM-F054",57,"Male","Black",0,"Extensive",2012,"Public","Higher","Integrated",1,23,63,1230.46925462531,1
"SYN-SCLC-001953",TRUE,"SCLC","SIM-F011",47,"Female","Other",1,"Extensive",2017,"Private","Higher","Integrated",1,15,41,1315.12351793875,0
"SYN-SCLC-001954",TRUE,"SCLC","SIM-F057",41,"Male","Black",1,"Limited",2020,"Public","Middle","Community",1,35,45,1252.42408078862,0
"SYN-SCLC-001955",TRUE,"SCLC","SIM-F054",48,"Male","Hispanic",1,"Extensive",2016,"Private","Middle","Integrated",1,27,60,108.878506797901,1
"SYN-SCLC-001956",TRUE,"SCLC","SIM-F033",65,"Female","Black",1,"Extensive",2015,"Public","Middle","Community",0,NA,NA,4.7105445546365,1
"SYN-SCLC-001957",TRUE,"SCLC","SIM-F026",56,"Male","Black",0,"Extensive",2011,"Public","Middle","Academic",1,43,68,328.674076694771,1
"SYN-SCLC-001958",TRUE,"SCLC","SIM-F040",80,"Male","Other",2,"Extensive",2018,"Private",NA,"Community",0,33,NA,67.3877690076897,1
"SYN-SCLC-001959",TRUE,"SCLC","SIM-F025",32,"Male","Black",1,"Extensive",2016,"Private","Higher",NA,1,28,48,1207.52658608456,1
"SYN-SCLC-001960",TRUE,"SCLC","SIM-F058",67,"Male","Hispanic",1,"Extensive",2020,"Public","Higher","Academic",1,28,28,308.318652203538,1
"SYN-SCLC-001961",TRUE,"SCLC","SIM-F041",51,"Male","Other",0,"Extensive",2016,"Private","Middle","Academic",1,38,52,NA,1
"SYN-SCLC-001962",TRUE,"SCLC","SIM-F031",47,"Female","Black",0,"Limited",2016,"Private","Lower","Academic",1,5,13,324.458502646015,1
"SYN-SCLC-001963",TRUE,"SCLC","SIM-F008",65,"Female","Hispanic",0,"Extensive",2016,"Public",NA,"Academic",1,41,52,1591.59735384397,0
"SYN-SCLC-001964",TRUE,"SCLC","SIM-F039",65,"Male","Other",0,"Extensive",2018,"Private","Lower","Integrated",1,29,39,56.5212956391848,1
"SYN-SCLC-001965",TRUE,"SCLC","SIM-F030",65,"Male","Other",2,"Extensive",2016,"Public","Lower","Academic",0,13,NA,552.543880505433,1
"SYN-SCLC-001966",TRUE,"SCLC","SIM-F037",60,"Female","Hispanic",0,"Extensive",2012,"Private","Lower","Community",1,10,23,2265.85128313396,0
"SYN-SCLC-001967",TRUE,"SCLC","SIM-F057",86,"Female","Hispanic",1,"Extensive",2020,NA,"Middle","Community",1,8,21,345.205354763275,1
"SYN-SCLC-001968",TRUE,"SCLC","SIM-F025",62,"Female","Other",0,"Extensive",2012,"Private","Middle","Integrated",1,38,55,978.170529481329,1
"SYN-SCLC-001969",TRUE,"SCLC","SIM-F013",71,"Female","Other",0,"Extensive",2014,"Private","Middle","Integrated",1,7,23,169.737012870094,1
"SYN-SCLC-001970",TRUE,"SCLC","SIM-F041",53,"Male","Other",0,"Extensive",2014,"Private","Middle","Academic",0,34,NA,650.106373983702,1
"SYN-SCLC-001971",TRUE,"SCLC","SIM-F019",51,"Female","Other",1,"Extensive",2017,"Private","Middle","Academic",1,42,54,128.13334586496,1
"SYN-SCLC-001972",TRUE,"SCLC","SIM-F044",57,"Female","Black",0,"Extensive",2011,"Private","Middle","Academic",0,25,NA,89.988806197077,1
"SYN-SCLC-001973",TRUE,"SCLC","SIM-F015",62,"Male","Other",1,"Extensive",2017,"Private","Lower","Academic",1,30,54,165.790629863775,1
"SYN-SCLC-001974",TRUE,"SCLC","SIM-F033",59,"Female","Hispanic",0,"Extensive",2016,"Private","Middle","Community",1,41,73,146.433686929642,1
"SYN-SCLC-001975",TRUE,"SCLC","SIM-F044",61,"Female","Black",1,"Extensive",2014,"Private","Lower","Academic",0,12,NA,414.393034190563,1
"SYN-SCLC-001976",TRUE,"SCLC","SIM-F010",34,"Female","Other",0,"Extensive",2011,"Private",NA,"Integrated",0,11,NA,1714.23452888811,1
"SYN-SCLC-001977",TRUE,"SCLC","SIM-F023",55,"Male","Black",2,"Extensive",2014,"Public","Lower","Integrated",0,34,NA,529.240622155378,1
"SYN-SCLC-001978",TRUE,"SCLC","SIM-F038",90,"Male","Other",NA,"Extensive",2019,"Private","Lower","Community",1,41,78,1297.49735200492,1
"SYN-SCLC-001979",TRUE,"SCLC","SIM-F022",65,"Female","Other",0,"Extensive",2016,"Public","Middle","Integrated",0,38,NA,689.974374831479,1
"SYN-SCLC-001980",TRUE,"SCLC","SIM-F023",73,"Male","Other",0,"Limited",2010,"Public",NA,"Integrated",0,40,NA,221.49441563885,1
"SYN-SCLC-001981",TRUE,"SCLC","SIM-F023",77,"Male","Hispanic",0,"Extensive",2013,"Private","Lower","Integrated",0,8,NA,462.1645594784,1
"SYN-SCLC-001982",TRUE,"SCLC","SIM-F022",65,"Female","Black",0,"Extensive",2015,"Public","Middle","Integrated",0,37,NA,282.972299531371,1
"SYN-SCLC-001983",TRUE,"SCLC","SIM-F053",77,"Female","Black",1,"Extensive",2010,"Public","Middle","Academic",0,24,NA,220.57289524317,1
"SYN-SCLC-001984",TRUE,"SCLC","SIM-F044",88,"Male","Other",2,"Extensive",2010,"Private","Lower","Academic",1,27,53,117.7147606733,1
"SYN-SCLC-001985",TRUE,"SCLC","SIM-F031",53,"Male","Other",0,"Extensive",2011,"Public","Lower","Academic",1,12,35,1363.52641079548,1
"SYN-SCLC-001986",TRUE,"SCLC","SIM-F035",66,"Male","Black",0,"Extensive",2019,"Public","Lower","Integrated",0,6,NA,256.478194009155,1
"SYN-SCLC-001987",TRUE,"SCLC","SIM-F025",48,"Female","Hispanic",0,"Extensive",2020,"Private","Middle","Integrated",1,26,60,1225.98421044764,0
"SYN-SCLC-001988",TRUE,"SCLC","SIM-F058",70,"Male","Hispanic",1,"Extensive",2013,"Private","Lower","Academic",1,12,39,44.6785807159159,1
"SYN-SCLC-001989",TRUE,"SCLC","SIM-F014",62,"Male","Other",1,"Limited",2012,"Private","Middle","Integrated",0,22,NA,281.902964562178,0
"SYN-SCLC-001990",TRUE,"SCLC","SIM-F002",77,"Male","Hispanic",0,"Limited",2020,"Public","Middle",NA,1,12,27,41.1836284293899,1
"SYN-SCLC-001991",TRUE,"SCLC","SIM-F004",78,"Female","Other",0,"Extensive",2011,"Public","Higher","Community",1,28,31,173.954052966994,1
"SYN-SCLC-001992",TRUE,"SCLC","SIM-F014",48,"Female","Other",1,"Extensive",2017,"Private","Higher","Integrated",0,35,NA,1525.43739286449,1
"SYN-SCLC-001993",TRUE,"SCLC","SIM-F043",50,"Male","Hispanic",1,"Limited",2016,"Private","Higher","Integrated",0,45,NA,324.476275921811,1
"SYN-SCLC-001994",TRUE,"SCLC","SIM-F044",45,"Male","Black",0,"Extensive",2010,"Private","Higher","Academic",1,43,81,1209.06886625104,0
"SYN-SCLC-001995",TRUE,"SCLC","SIM-F049",66,"Female","Black",1,"Extensive",2015,"Public","Lower","Academic",0,39,NA,500.45500904019,1
"SYN-SCLC-001996",TRUE,"SCLC","SIM-F005",88,"Female","Other",0,"Extensive",2016,"Public","Lower","Community",0,22,NA,355.293540299835,1
"SYN-SCLC-001997",TRUE,"SCLC","SIM-F011",46,"Male","Black",0,"Extensive",2020,"Private","Lower","Integrated",1,26,46,2559.23873715452,0
"SYN-SCLC-001998",TRUE,"SCLC","SIM-F005",57,"Male","Black",1,"Extensive",2013,"Private","Higher","Community",1,27,62,1222.73828468914,1
"SYN-SCLC-001999",TRUE,"SCLC","SIM-F013",69,"Female","Hispanic",1,"Extensive",2020,"Public",NA,"Integrated",0,9,NA,74.9795579910278,0
"SYN-SCLC-002000",TRUE,"SCLC","SIM-F004",57,"Female","Black",1,"Extensive",2019,"Public","Lower","Community",1,44,72,929.280023575942,1
"SYN-SCLC-002001",TRUE,"SCLC","SIM-F058",67,"Female","Other",1,"Extensive",2020,"Private","Lower","Academic",1,22,26,1915.85441066991,1
"SYN-SCLC-002002",TRUE,"SCLC","SIM-F001",43,"Male","Black",1,"Extensive",2015,"Private","Higher","Community",1,45,70,453.452112861643,1
"SYN-SCLC-002003",TRUE,"SCLC","SIM-F025",51,"Female","Hispanic",0,"Limited",2010,"Public",NA,NA,1,43,65,501.125186885964,1
"SYN-SCLC-002004",TRUE,"SCLC","SIM-F002",72,"Female","Other",1,"Extensive",2011,"Public","Higher","Academic",0,37,NA,127.203122865609,0
"SYN-SCLC-002005",TRUE,"SCLC","SIM-F055",65,"Male","Black",0,"Extensive",2020,"Private","Lower","Academic",0,25,NA,231.19168845563,1
"SYN-SCLC-002006",TRUE,"SCLC","SIM-F012",61,"Female","Hispanic",0,"Extensive",2019,"Private","Middle","Community",1,NA,NA,19.4004095952441,1
"SYN-SCLC-002007",TRUE,"SCLC","SIM-F052",85,"Male","Other",0,"Extensive",2016,"Public","Higher","Academic",0,21,NA,708.626509512678,1
"SYN-SCLC-002008",TRUE,"SCLC","SIM-F058",71,"Female","Other",0,"Extensive",2018,"Private","Higher","Academic",1,26,58,264.417664724914,1
"SYN-SCLC-002009",TRUE,"SCLC","SIM-F028",60,"Female","Black",1,"Extensive",2014,NA,"Middle","Community",1,13,45,619.837510569581,1
"SYN-SCLC-002010",TRUE,"SCLC","SIM-F026",63,"Male","Other",1,"Extensive",2021,"Public","Higher","Academic",0,32,NA,550.384146738523,1
"SYN-SCLC-002011",TRUE,"SCLC","SIM-F010",64,"Male","Black",1,"Extensive",2018,"Public","Lower","Integrated",1,30,42,468.204529614124,1
"SYN-SCLC-002012",TRUE,"SCLC","SIM-F039",56,"Female","Hispanic",0,"Extensive",2021,"Private","Higher",NA,1,18,58,2768.32586992765,0
"SYN-SCLC-002013",TRUE,"SCLC","SIM-F047",29,"Male","Other",0,"Limited",2016,"Private",NA,NA,1,21,49,494.073926399386,1
"SYN-SCLC-002014",TRUE,"SCLC","SIM-F032",70,"Female","Other",2,"Extensive",2017,"Public","Higher","Academic",1,38,NA,58.315946148092,1
"SYN-SCLC-002015",TRUE,"SCLC","SIM-F004",53,"Male","Other",0,"Extensive",2015,"Public","Lower","Community",1,NA,NA,17.6434090218506,NA
"SYN-SCLC-002016",TRUE,"SCLC","SIM-F023",69,"Female","Other",0,"Extensive",2020,"Public","Lower","Integrated",1,14,NA,23.7105366401374,0
"SYN-SCLC-002017",TRUE,"SCLC","SIM-F021",78,"Male","Hispanic",1,"Extensive",2016,"Private","Middle","Community",1,38,57,271.284118563246,1
"SYN-SCLC-002018",TRUE,"SCLC","SIM-F037",54,"Male","Hispanic",2,"Extensive",2012,"Private","Lower","Community",1,43,74,220.278161778873,NA
"SYN-SCLC-002019",TRUE,"SCLC","SIM-F006",61,"Male","Black",0,"Extensive",2010,"Private","Lower","Integrated",0,23,NA,120.876115018129,0
"SYN-SCLC-002020",TRUE,"SCLC","SIM-F029",60,"Male","Other",1,"Extensive",2020,"Private","Lower","Integrated",1,12,13,533.739522298932,1
"SYN-SCLC-002021",TRUE,"SCLC","SIM-F034",39,"Female","Other",0,"Extensive",2017,"Public",NA,"Community",NA,34,63,1389.11456264702,1
"SYN-SCLC-002022",TRUE,"SCLC","SIM-F039",52,"Male","Other",1,"Limited",2016,"Private","Middle",NA,0,7,NA,1289.24599556135,1
"SYN-SCLC-002023",TRUE,"SCLC","SIM-F012",70,"Female","Black",1,"Extensive",2018,"Public","Higher","Community",0,45,NA,141.57124313977,1
"SYN-SCLC-002024",TRUE,"SCLC","SIM-F005",66,"Female","Black",0,"Extensive",2019,"Public","Middle","Community",1,41,62,139.636184424162,0
"SYN-SCLC-002025",TRUE,"SCLC","SIM-F001",44,"Female","Hispanic",1,"Limited",2016,"Private","Lower","Community",0,39,NA,110.73603188619,0
"SYN-SCLC-002026",TRUE,"SCLC","SIM-F018",41,"Female","Black",0,"Extensive",2011,"Private","Middle","Integrated",0,100,NA,155.312244148134,1
"SYN-SCLC-002027",TRUE,"SCLC","SIM-F001",26,"Male","Other",0,"Extensive",2019,"Public","Higher","Community",1,33,53,1435.43093427084,0
"SYN-SCLC-002028",TRUE,"SCLC","SIM-F049",51,"Female","Black",1,"Extensive",2016,"Private","Middle","Academic",1,35,49,2071.7650027154,0
"SYN-SCLC-002029",TRUE,"SCLC","SIM-F001",64,"Male","Hispanic",2,"Extensive",2017,NA,"Lower","Community",0,41,NA,1286.58620030557,1
"SYN-SCLC-002030",TRUE,"SCLC","SIM-F049",90,"Female","Other",0,"Extensive",2022,"Public","Lower",NA,1,20,58,199.221060838381,1
"SYN-SCLC-002031",TRUE,"SCLC","SIM-F060",65,"Male","Hispanic",NA,"Limited",2013,"Public",NA,NA,0,8,NA,482.039360415733,1
"SYN-SCLC-002032",TRUE,"SCLC","SIM-F040",52,"Female","Other",0,"Extensive",2018,"Public","Middle","Community",1,23,56,1193.96783274366,0
"SYN-SCLC-002033",TRUE,"SCLC","SIM-F013",63,"Male","Black",0,"Extensive",2011,"Private","Higher","Integrated",1,25,65,733.454785729693,0
"SYN-SCLC-002034",TRUE,"SCLC","SIM-F001",70,"Male","Other",0,"Extensive",2011,"Public","Lower","Community",0,16,NA,105.282101652467,1
"SYN-SCLC-002035",TRUE,"SCLC","SIM-F008",37,"Female","Hispanic",1,"Extensive",2011,"Private","Higher","Academic",1,9,11,168.856272925323,1
"SYN-SCLC-002036",TRUE,"SCLC","SIM-F032",69,"Female","Black",1,"Extensive",2014,"Public","Middle","Academic",0,14,NA,171.318485387683,1
"SYN-SCLC-002037",TRUE,"SCLC","SIM-F044",55,"Female","Black",0,"Extensive",2011,"Private","Lower","Academic",0,19,NA,66.7693231296969,1
"SYN-SCLC-002038",TRUE,"SCLC","SIM-F048",53,"Male","Other",0,"Extensive",2014,"Private","Higher","Community",0,16,NA,1474.53978851316,0
"SYN-SCLC-002039",TRUE,"SCLC","SIM-F057",48,"Female","Black",1,"Extensive",2022,"Private","Lower","Community",0,40,NA,315.981570147682,1
"SYN-SCLC-002040",TRUE,"SCLC","SIM-F040",75,"Male","Hispanic",1,"Extensive",2020,"Public","Lower","Community",1,45,74,550.869874395031,1
"SYN-SCLC-002041",TRUE,"SCLC","SIM-F002",38,"Male","Black",0,"Extensive",2010,"Private","Higher","Academic",1,14,37,290.759020332927,1
"SYN-SCLC-002042",TRUE,"SCLC","SIM-F030",67,"Male","Hispanic",0,"Extensive",2021,"Private","Middle",NA,0,44,NA,132.563511273391,1
"SYN-SCLC-002043",TRUE,"SCLC","SIM-F059",77,"Female","Hispanic",1,"Extensive",2020,"Private","Lower","Academic",1,33,68,354.239751169652,1
"SYN-SCLC-002044",TRUE,"SCLC","SIM-F004",69,"Female","Other",1,"Extensive",2018,"Public","Lower","Community",0,10,NA,1148.53479327634,0
"SYN-SCLC-002045",TRUE,"SCLC","SIM-F056",64,"Female","Other",0,"Extensive",2020,"Private","Lower","Academic",0,11,NA,123.12301678216,1
"SYN-SCLC-002046",TRUE,"SCLC","SIM-F012",75,"Male","Hispanic",0,"Extensive",2022,"Private","Middle","Community",1,14,15,627.859990355948,1
"SYN-SCLC-002047",TRUE,"SCLC","SIM-F034",53,"Female","Other",0,"Extensive",2021,"Private","Lower","Community",1,26,41,147.644996458942,1
"SYN-SCLC-002048",TRUE,"SCLC","SIM-F053",83,"Female","Other",0,"Extensive",2010,"Private","Middle","Academic",1,23,38,273.407893435323,1
"SYN-SCLC-002049",TRUE,"SCLC","SIM-F010",61,"Male","Black",2,"Extensive",2017,"Public","Higher","Integrated",1,44,62,229.195900361574,1
"SYN-SCLC-002050",TRUE,"SCLC","SIM-F057",69,"Male","Hispanic",0,"Extensive",2019,"Private","Lower",NA,0,28,NA,158.541134347671,1
"SYN-SCLC-002051",TRUE,"SCLC","SIM-F003",44,"Female","Black",1,"Limited",2010,"Private",NA,"Integrated",0,40,NA,1435.76527511701,0
"SYN-SCLC-002052",TRUE,"SCLC","SIM-F023",56,"Female","Hispanic",1,"Extensive",2012,"Public","Higher","Integrated",0,8,NA,1207.04981413286,1
"SYN-SCLC-002053",TRUE,"SCLC","SIM-F025",63,"Female","Black",1,"Extensive",2021,"Private","Middle","Integrated",1,35,44,1601.04526227196,1
"SYN-SCLC-002054",TRUE,"SCLC","SIM-F014",60,"Male","Hispanic",0,"Extensive",2012,"Private","Middle","Integrated",0,27,NA,746.843967289659,1
"SYN-SCLC-002055",TRUE,"SCLC","SIM-F040",71,"Male","Other",0,"Limited",2019,"Public","Middle","Community",1,21,39,906.287008256727,1
"SYN-SCLC-002056",TRUE,"SCLC","SIM-F035",83,"Male","Other",2,"Extensive",2019,"Private",NA,"Integrated",0,23,NA,366.010291507331,1
"SYN-SCLC-002057",TRUE,"SCLC","SIM-F018",43,"Male","Other",0,"Extensive",2022,"Public","Middle","Integrated",0,21,NA,792.46713559683,1
"SYN-SCLC-002058",TRUE,"SCLC","SIM-F041",67,"Female","Black",0,"Limited",2013,"Private","Higher","Academic",0,35,NA,712.350666107648,1
"SYN-SCLC-002059",TRUE,"SCLC","SIM-F006",63,"Female","Other",0,"Extensive",2020,"Private","Lower","Integrated",0,22,NA,252.053369273177,1
"SYN-SCLC-002060",TRUE,"SCLC","SIM-F025",50,"Female","Black",0,"Extensive",2010,NA,"Middle","Integrated",1,11,24,413.237706932097,1
"SYN-SCLC-002061",TRUE,"SCLC","SIM-F047",33,"Male","Hispanic",0,"Extensive",2016,"Public","Middle","Integrated",1,9,28,1911.12153472179,1
"SYN-SCLC-002062",TRUE,"SCLC","SIM-F045",61,"Female","Other",0,"Extensive",2019,"Private","Higher","Community",1,30,35,155.333416591036,1
"SYN-SCLC-002063",TRUE,"SCLC","SIM-F026",56,"Male","Hispanic",1,"Extensive",2021,"Public","Lower","Academic",0,37,NA,648.171734731787,1
"SYN-SCLC-002064",TRUE,"SCLC","SIM-F021",74,"Female","Other",0,"Extensive",2016,"Public","Middle","Community",0,5,NA,302.73804771174,1
"SYN-SCLC-002065",TRUE,"SCLC","SIM-F001",24,"Female","Hispanic",0,"Extensive",2020,"Private","Middle","Community",1,28,30,1366.35870839774,1
"SYN-SCLC-002066",TRUE,"SCLC","SIM-F009",71,"Male","Other",1,"Extensive",2019,"Public","Lower","Community",1,11,26,914.073527779363,1
"SYN-SCLC-002067",TRUE,"SCLC","SIM-F045",70,"Male","Other",0,"Extensive",2015,"Public","Higher","Community",1,24,55,2132.14498784029,1
"SYN-SCLC-002068",TRUE,"SCLC","SIM-F042",87,"Female","Black",0,"Extensive",2013,"Public","Middle","Academic",0,27,NA,346.463236600934,1
"SYN-SCLC-002069",TRUE,"SCLC","SIM-F038",71,"Male","Hispanic",0,"Extensive",2020,"Public","Middle","Community",1,45,63,761.853196985513,1
"SYN-SCLC-002070",TRUE,"SCLC","SIM-F018",70,"Female","Hispanic",1,"Limited",2015,"Public",NA,"Integrated",0,6,NA,565.808967455386,1
"SYN-SCLC-002071",TRUE,"SCLC","SIM-F055",58,"Female","Hispanic",0,"Extensive",2012,"Private","Lower","Academic",1,25,47,61.625236648535,1
"SYN-SCLC-002072",TRUE,"SCLC","SIM-F026",86,"Female","Black",0,"Extensive",2015,"Public","Middle","Academic",1,21,NA,45.8858421631157,0
"SYN-SCLC-002073",TRUE,"SCLC","SIM-F016",69,"Male","Other",0,"Extensive",2021,NA,"Lower","Academic",0,23,NA,191.709996184505,1
"SYN-SCLC-002074",TRUE,"SCLC","SIM-F030",64,"Female","Hispanic",1,"Extensive",2017,"Private","Higher","Academic",1,19,46,665.131849337271,1
"SYN-SCLC-002075",TRUE,"SCLC","SIM-F018",52,"Male","Hispanic",0,"Extensive",2015,"Public","Lower",NA,0,38,NA,63.6344760283828,0
"SYN-SCLC-002076",TRUE,"SCLC","SIM-F017",74,"Female","Other",1,"Extensive",2014,"Private","Higher","Academic",0,NA,NA,7.36120323185786,1
"SYN-SCLC-002077",TRUE,"SCLC","SIM-F015",77,"Male","Black",0,"Extensive",2012,"Public",NA,NA,0,39,NA,43.0572986633443,1
"SYN-SCLC-002078",TRUE,"SCLC","SIM-F060",53,"Male","Other",0,"Extensive",2021,"Private","Lower","Academic",1,33,58,1634.90160702386,1
"SYN-SCLC-002079",TRUE,"SCLC","SIM-F052",47,"Male","Hispanic",0,"Extensive",2020,"Public","Higher",NA,1,23,63,145.581850049291,1
"SYN-SCLC-002080",TRUE,"SCLC","SIM-F011",45,"Female","Other",0,"Extensive",2012,"Private","Lower","Integrated",1,27,53,574.418269112107,1
"SYN-SCLC-002081",TRUE,"SCLC","SIM-F049",59,"Male","Black",0,"Extensive",2012,"Private","Lower","Academic",1,9,45,1042.01773434412,1
"SYN-SCLC-002082",TRUE,"SCLC","SIM-F026",59,"Male","Other",0,"Extensive",2019,"Private","Middle","Academic",0,30,NA,1486.31002290873,0
"SYN-SCLC-002083",TRUE,"SCLC","SIM-F045",73,"Male","Black",0,"Limited",2016,"Public","Middle","Community",0,28,NA,579.215855537306,1
"SYN-SCLC-002084",TRUE,"SCLC","SIM-F056",75,"Female","Hispanic",1,"Extensive",2010,"Public","Higher",NA,0,NA,NA,14.8765878829624,1
"SYN-SCLC-002085",TRUE,"SCLC","SIM-F018",53,"Male","Black",2,"Extensive",2020,"Private","Middle","Integrated",1,14,37,1094.78055469804,1
"SYN-SCLC-002086",TRUE,"SCLC","SIM-F019",49,"Female","Other",0,"Extensive",2013,"Private","Lower","Academic",1,5,24,1202.60086118272,1
"SYN-SCLC-002087",TRUE,"SCLC","SIM-F001",63,"Male","Hispanic",1,"Extensive",2021,"Private","Middle","Community",0,18,NA,725.715602889741,1
"SYN-SCLC-002088",TRUE,"SCLC","SIM-F016",68,"Male","Hispanic",0,"Extensive",2012,"Public","Lower","Academic",0,10,NA,347.440168323243,1
"SYN-SCLC-002089",TRUE,"SCLC","SIM-F046",64,"Female","Hispanic",1,"Extensive",2015,"Public","Middle","Academic",1,12,47,321.35096656714,1
"SYN-SCLC-002090",TRUE,"SCLC","SIM-F007",62,"Female","Other",0,"Extensive",2011,"Private","Higher","Academic",0,27,NA,827.261846520635,1
"SYN-SCLC-002091",TRUE,"SCLC","SIM-F044",63,"Male","Other",1,"Extensive",2014,"Private",NA,"Academic",1,34,40,407.585520311728,1
"SYN-SCLC-002092",TRUE,"SCLC","SIM-F041",39,"Male","Hispanic",0,"Extensive",2016,"Private","Higher","Academic",1,39,55,213.062889831662,NA
"SYN-SCLC-002093",TRUE,"SCLC","SIM-F027",78,"Female","Other",0,"Extensive",2014,"Public","Higher",NA,0,35,NA,142.222403883934,0
"SYN-SCLC-002094",TRUE,"SCLC","SIM-F047",68,"Female","Black",1,"Extensive",2010,"Private","Lower","Integrated",1,12,43,100.747666166811,1
"SYN-SCLC-002095",TRUE,"SCLC","SIM-F040",77,"Male","Hispanic",0,"Extensive",2013,"Public","Middle","Community",0,29,NA,844.34716640059,1
"SYN-SCLC-002096",TRUE,"SCLC","SIM-F047",60,"Female","Other",0,"Extensive",2018,"Public","Higher","Integrated",0,40,NA,613.947743016218,1
"SYN-SCLC-002097",TRUE,"SCLC","SIM-F024",75,"Female","Other",0,"Extensive",2022,"Public","Higher","Integrated",1,11,28,610.892085997258,1
"SYN-SCLC-002098",TRUE,"SCLC","SIM-F036",57,"Male","Other",1,"Extensive",2014,"Public",NA,"Academic",1,20,30,104.497459566559,1
"SYN-SCLC-002099",TRUE,"SCLC","SIM-F046",70,"Female","Other",1,"Extensive",2018,"Public","Middle",NA,1,6,12,23.1482770946771,1
"SYN-SCLC-002100",TRUE,"SCLC","SIM-F052",73,"Female","Other",0,"Extensive",2022,NA,"Higher","Academic",1,31,31,365.407537836038,1
"SYN-SCLC-002101",TRUE,"SCLC","SIM-F033",58,"Male","Black",1,"Extensive",2015,"Public","Middle","Community",1,5,NA,84.7387431224633,0
"SYN-SCLC-002102",TRUE,"SCLC","SIM-F004",36,"Male","Black",2,"Limited",2019,"Public","Lower","Community",1,100,42,1622.97216629027,0
"SYN-SCLC-002103",TRUE,"SCLC","SIM-F016",89,"Male","Hispanic",1,"Extensive",2022,"Public","Lower","Academic",0,36,NA,121.274262156376,NA
"SYN-SCLC-002104",TRUE,"SCLC","SIM-F036",43,"Male","Other",0,"Extensive",2012,"Public","Middle","Academic",1,21,24,1112.02222308341,1
"SYN-SCLC-002105",TRUE,"SCLC","SIM-F037",50,"Male","Black",0,"Limited",2018,"Private","Middle","Community",0,16,NA,2456.99387813636,1
"SYN-SCLC-002106",TRUE,"SCLC","SIM-F032",70,"Female","Hispanic",0,"Extensive",2021,"Public","Middle","Academic",0,8,NA,214.108371914527,1
"SYN-SCLC-002107",TRUE,"SCLC","SIM-F041",69,"Male","Black",1,"Extensive",2011,"Public","Higher","Academic",0,42,NA,1001.79270139252,1
"SYN-SCLC-002108",TRUE,"SCLC","SIM-F003",72,"Female","Hispanic",0,"Extensive",2022,"Private","Lower","Integrated",1,44,NA,46.7955283230326,1
"SYN-SCLC-002109",TRUE,"SCLC","SIM-F003",68,"Male","Other",1,"Extensive",2017,"Public",NA,"Integrated",0,9,NA,417.659485401473,1
"SYN-SCLC-002110",TRUE,"SCLC","SIM-F014",72,"Male","Other",0,"Extensive",2019,"Private","Middle","Integrated",0,30,NA,1625.11525871776,1
"SYN-SCLC-002111",TRUE,"SCLC","SIM-F023",71,"Female","Hispanic",1,"Extensive",2022,NA,"Middle","Integrated",0,5,NA,649.716774048464,1
"SYN-SCLC-002112",TRUE,"SCLC","SIM-F024",46,"Female","Other",0,"Limited",2017,"Private","Lower","Integrated",1,42,47,1213.07699448895,0
"SYN-SCLC-002113",TRUE,"SCLC","SIM-F010",82,"Male","Other",1,"Extensive",2013,"Public","Lower","Integrated",0,6,NA,27.6244365966498,1
"SYN-SCLC-002114",TRUE,"SCLC","SIM-F038",81,"Male","Black",2,"Extensive",2019,"Private","Middle","Community",0,43,NA,121.487917215598,1
"SYN-SCLC-002115",TRUE,"SCLC","SIM-F053",61,"Female","Other",1,"Extensive",2020,"Private",NA,"Academic",0,23,NA,504.486479841654,1
"SYN-SCLC-002116",TRUE,"SCLC","SIM-F019",76,"Female","Black",0,"Extensive",2016,"Private","Lower","Academic",1,22,58,928.524727376613,1
"SYN-SCLC-002117",TRUE,"SCLC","SIM-F045",47,"Male","Black",0,"Limited",2020,NA,"Higher","Community",1,38,69,116.687744725496,0
"SYN-SCLC-002118",TRUE,"SCLC","SIM-F037",57,"Male","Hispanic",1,"Limited",2016,"Private","Higher","Community",0,29,NA,596.831835804307,1
"SYN-SCLC-002119",TRUE,"SCLC","SIM-F017",63,"Female","Hispanic",0,"Extensive",2012,"Private","Middle","Academic",0,25,NA,635.574691718167,1
"SYN-SCLC-002120",TRUE,"SCLC","SIM-F024",70,"Male","Black",0,"Extensive",2018,"Public","Middle","Integrated",0,16,NA,1599.28268315542,1
"SYN-SCLC-002121",TRUE,"SCLC","SIM-F058",76,"Female","Other",1,"Extensive",2015,"Private","Middle","Academic",0,6,NA,163.742770055538,1
"SYN-SCLC-002122",TRUE,"SCLC","SIM-F029",52,"Male","Other",0,"Extensive",2021,"Private",NA,"Integrated",1,6,21,505.515461547195,0
"SYN-SCLC-002123",TRUE,"SCLC","SIM-F028",57,"Male","Black",2,"Extensive",2012,"Private","Higher","Community",0,40,NA,292.211592256118,1
"SYN-SCLC-002124",TRUE,"SCLC","SIM-F019",61,"Female","Other",1,"Extensive",2012,"Private","Lower","Academic",1,33,66,269.909672308713,0
"SYN-SCLC-002125",TRUE,"SCLC","SIM-F044",77,"Male","Black",0,"Extensive",2010,"Public","Higher","Academic",0,43,NA,612.34902410386,1
"SYN-SCLC-002126",TRUE,"SCLC","SIM-F056",65,"Female","Hispanic",0,"Limited",2013,"Private","Lower","Academic",1,12,25,1907.47867768827,1
"SYN-SCLC-002127",TRUE,"SCLC","SIM-F019",58,"Female","Black",0,"Extensive",2014,"Private","Middle","Academic",0,29,NA,649.381190137887,0
"SYN-SCLC-002128",TRUE,"SCLC","SIM-F006",61,"Female","Hispanic",0,"Extensive",2016,"Public","Lower","Integrated",0,28,NA,364.654342049314,1
"SYN-SCLC-002129",TRUE,"SCLC","SIM-F027",50,"Female","Black",1,"Extensive",2018,"Private","Middle","Integrated",0,29,NA,135.986147509076,1
"SYN-SCLC-002130",TRUE,"SCLC","SIM-F023",87,"Female","Black",1,"Extensive",2017,"Public","Lower","Integrated",1,100,56,556.705428714187,1
"SYN-SCLC-002131",TRUE,"SCLC","SIM-F007",70,"Female","Hispanic",0,"Extensive",2018,"Public","Higher","Academic",1,41,55,559.438939010244,1
"SYN-SCLC-002132",TRUE,"SCLC","SIM-F019",87,"Female","Black",1,"Extensive",2017,"Private","Lower","Academic",1,32,NA,38.5586978357065,1
"SYN-SCLC-002133",TRUE,"SCLC","SIM-F007",53,"Male","Black",0,"Extensive",2015,"Private","Higher","Academic",1,15,17,NA,1
"SYN-SCLC-002134",TRUE,"SCLC","SIM-F041",31,"Male","Black",1,"Limited",2015,"Private","Higher","Academic",1,22,29,187.101552206137,0
"SYN-SCLC-002135",TRUE,"SCLC","SIM-F047",57,"Male","Other",1,"Extensive",2014,"Public","Middle","Integrated",0,38,NA,93.057364450097,1
"SYN-SCLC-002136",TRUE,"SCLC","SIM-F031",70,"Female","Other",0,"Extensive",2017,"Private","Higher","Academic",0,NA,NA,NA,1
"SYN-SCLC-002137",TRUE,"SCLC","SIM-F015",77,"Female","Black",1,"Extensive",2010,"Public","Higher","Academic",1,NA,NA,19.7121455516988,1
"SYN-SCLC-002138",TRUE,"SCLC","SIM-F023",62,"Male","Black",2,"Extensive",2010,"Private","Lower","Integrated",0,NA,NA,17.5387754723342,1
"SYN-SCLC-002139",TRUE,"SCLC","SIM-F016",89,"Male","Other",0,"Extensive",2017,"Private","Higher","Academic",0,19,NA,689.089694018331,1
"SYN-SCLC-002140",TRUE,"SCLC","SIM-F054",65,"Female","Black",1,"Extensive",2016,"Public","Higher","Integrated",1,8,24,435.084189314814,1
"SYN-SCLC-002141",TRUE,"SCLC","SIM-F052",74,"Female","Other",0,"Extensive",2014,"Public","Lower","Academic",0,5,NA,359.723331329858,1
"SYN-SCLC-002142",TRUE,"SCLC","SIM-F007",47,"Female","Other",0,"Extensive",2015,NA,"Higher","Academic",1,20,47,452.89915109522,1
"SYN-SCLC-002143",TRUE,"SCLC","SIM-F021",76,"Female","Other",0,"Extensive",2022,"Private","Middle","Community",1,16,18,391.665620761448,1
"SYN-SCLC-002144",TRUE,"SCLC","SIM-F048",52,"Male","Other",0,"Extensive",2017,"Private","Middle","Community",1,100,38,266.045445759878,1
"SYN-SCLC-002145",TRUE,"SCLC","SIM-F017",70,"Male","Hispanic",1,"Extensive",2020,"Public","Higher","Academic",0,45,NA,329.304341096431,0
"SYN-SCLC-002146",TRUE,"SCLC","SIM-F029",71,"Male","Other",1,"Extensive",2010,"Public","Middle","Integrated",0,33,NA,157.324544903717,1
"SYN-SCLC-002147",TRUE,"SCLC","SIM-F050",45,"Female","Black",0,"Extensive",2020,"Private","Lower","Academic",1,27,37,233.915035953879,0
"SYN-SCLC-002148",TRUE,"SCLC","SIM-F052",47,"Male","Other",0,"Extensive",2022,"Private","Higher","Academic",1,26,60,389.738563174271,1
"SYN-SCLC-002149",TRUE,"SCLC","SIM-F023",65,"Female","Hispanic",0,"Extensive",2019,"Private","Lower","Integrated",1,20,49,2394.97810433037,0
"SYN-SCLC-002150",TRUE,"SCLC","SIM-F030",68,"Female","Hispanic",0,"Extensive",2022,"Public","Lower","Academic",0,34,NA,376.510284727186,1
"SYN-SCLC-002151",TRUE,"SCLC","SIM-F019",40,"Female","Other",1,"Extensive",2018,"Private","Lower","Academic",1,39,72,306.012903376385,0
"SYN-SCLC-002152",TRUE,"SCLC","SIM-F048",63,"Male","Hispanic",1,"Extensive",2010,"Private","Higher","Community",1,23,59,296.353741366433,1
"SYN-SCLC-002153",TRUE,"SCLC","SIM-F028",64,"Male","Other",0,"Extensive",2018,NA,"Middle","Community",0,7,NA,801.886485610373,1
"SYN-SCLC-002154",TRUE,"SCLC","SIM-F040",74,"Male","Hispanic",0,"Extensive",2022,"Private","Lower","Community",1,100,77,313.050450794211,1
"SYN-SCLC-002155",TRUE,"SCLC","SIM-F004",86,"Female","Other",0,"Extensive",2019,"Private","Higher","Community",0,32,NA,136.725486162239,1
"SYN-SCLC-002156",TRUE,"SCLC","SIM-F053",74,"Female","Black",0,"Extensive",2018,"Private","Higher","Academic",1,5,25,795.509640173732,1
"SYN-SCLC-002157",TRUE,"SCLC","SIM-F002",59,"Female","Black",1,"Extensive",2018,"Public","Lower","Academic",1,43,NA,50.6445868711958,1
"SYN-SCLC-002158",TRUE,"SCLC","SIM-F044",86,"Male","Other",0,"Extensive",2012,"Public","Higher","Academic",NA,21,39,174.352940247803,1
"SYN-SCLC-002159",TRUE,"SCLC","SIM-F039",71,"Male","Black",0,"Extensive",2020,"Public","Lower","Integrated",0,9,NA,505.329508383991,1
"SYN-SCLC-002160",TRUE,"SCLC","SIM-F047",83,"Male","Black",0,"Extensive",2012,NA,"Lower","Integrated",0,31,NA,518.961990660195,1
"SYN-SCLC-002161",TRUE,"SCLC","SIM-F017",77,"Male","Black",1,"Extensive",2022,"Public","Lower","Academic",0,7,NA,307.567567171628,1
"SYN-SCLC-002162",TRUE,"SCLC","SIM-F041",59,"Female","Hispanic",0,"Extensive",2016,"Public","Lower","Academic",0,42,NA,323.733919330709,1
"SYN-SCLC-002163",TRUE,"SCLC","SIM-F019",53,"Male","Other",1,"Extensive",2014,"Public","Higher","Academic",0,20,NA,789.056839560282,1
"SYN-SCLC-002164",TRUE,"SCLC","SIM-F044",62,"Female","Other",0,"Extensive",2017,"Private","Higher","Academic",0,43,NA,152.452266802389,1
"SYN-SCLC-002165",TRUE,"SCLC","SIM-F047",86,"Male","Other",2,"Extensive",2014,"Public","Higher","Integrated",1,16,45,376.771813208176,1
"SYN-SCLC-002166",TRUE,"SCLC","SIM-F017",70,"Male","Black",0,"Extensive",2018,"Public","Higher","Academic",0,25,NA,99.1323905656014,1
"SYN-SCLC-002167",TRUE,"SCLC","SIM-F003",40,"Male","Other",1,"Extensive",2015,"Private","Lower","Integrated",1,41,79,156.74570893203,1
"SYN-SCLC-002168",TRUE,"SCLC","SIM-F019",67,"Female","Hispanic",2,"Extensive",2013,"Public","Higher","Academic",0,23,NA,1586.57806861446,1
"SYN-SCLC-002169",TRUE,"SCLC","SIM-F016",52,"Male","Other",0,"Extensive",2011,"Public","Lower","Academic",0,37,NA,79.0734730243793,1
"SYN-SCLC-002170",TRUE,"SCLC","SIM-F014",44,"Male","Black",0,"Limited",2021,"Public","Middle","Integrated",1,32,45,1123.53466956689,1
"SYN-SCLC-002171",TRUE,"SCLC","SIM-F043",66,"Male","Hispanic",1,"Extensive",2011,"Private","Higher","Integrated",1,5,20,1033.0198025495,1
"SYN-SCLC-002172",TRUE,"SCLC","SIM-F035",52,"Female","Other",0,"Limited",2011,"Public","Middle","Integrated",0,41,NA,144.114885250759,1
"SYN-SCLC-002173",TRUE,"SCLC","SIM-F038",59,"Female","Other",0,"Extensive",2019,"Private","Middle","Community",1,34,40,2339.60467783269,0
"SYN-SCLC-002174",TRUE,"SCLC","SIM-F028",56,"Female","Other",0,"Extensive",2016,"Public","Lower","Community",0,40,NA,594.002303889771,1
"SYN-SCLC-002175",TRUE,"SCLC","SIM-F060",90,"Female","Black",1,"Extensive",2015,"Public","Middle","Academic",1,14,41,64.7394531223873,1
"SYN-SCLC-002176",TRUE,"SCLC","SIM-F049",64,"Female","Hispanic",0,"Extensive",2016,NA,"Higher","Academic",1,11,49,180.787813786833,1
"SYN-SCLC-002177",TRUE,"SCLC","SIM-F036",68,"Female","Black",0,"Limited",2017,"Public","Lower","Academic",1,44,75,1451.23832124169,0
"SYN-SCLC-002178",TRUE,"SCLC","SIM-F007",65,"Male","Hispanic",1,"Extensive",2021,"Private",NA,"Academic",1,16,42,596.251154000875,1
"SYN-SCLC-002179",TRUE,"SCLC","SIM-F056",67,"Female","Hispanic",2,"Extensive",2015,"Private","Lower","Academic",0,29,NA,47.8206090581797,1
"SYN-SCLC-002180",TRUE,"SCLC","SIM-F036",52,"Female","Other",0,"Extensive",2013,"Private","Lower","Academic",1,18,28,398.419888559729,0
"SYN-SCLC-002181",TRUE,"SCLC","SIM-F018",90,"Male","Other",1,"Extensive",2011,"Public","Lower","Integrated",0,19,NA,122.430038933158,1
"SYN-SCLC-002182",TRUE,"SCLC","SIM-F031",62,"Female","Hispanic",0,"Extensive",2011,"Public","Lower","Academic",0,12,NA,470.356468588453,1
"SYN-SCLC-002183",TRUE,"SCLC","SIM-F036",54,"Female","Hispanic",0,"Extensive",2015,"Private","Higher","Academic",1,24,28,530.650039909564,1
"SYN-SCLC-002184",TRUE,"SCLC","SIM-F014",73,"Female","Hispanic",0,"Extensive",2017,"Public","Lower","Integrated",0,34,NA,156.436437901349,1
"SYN-SCLC-002185",TRUE,"SCLC","SIM-F049",58,"Female","Other",0,"Extensive",2016,"Public","Middle","Academic",1,31,67,457.558850708217,1
"SYN-SCLC-002186",TRUE,"SCLC","SIM-F059",49,"Female","Black",0,"Extensive",2016,"Private","Lower",NA,1,5,21,1752.45679006563,0
"SYN-SCLC-002187",TRUE,"SCLC","SIM-F058",76,"Female","Hispanic",0,"Extensive",2014,"Public","Middle","Academic",1,33,37,555.290104540296,1
"SYN-SCLC-002188",TRUE,"SCLC","SIM-F041",45,"Male","Hispanic",0,"Extensive",2012,"Public","Higher","Academic",1,23,59,273.139574798624,1
"SYN-SCLC-002189",TRUE,"SCLC","SIM-F007",64,"Male","Hispanic",1,"Extensive",2011,"Public","Middle","Academic",1,15,NA,116.695449449102,1
"SYN-SCLC-002190",TRUE,"SCLC","SIM-F018",71,"Male","Black",0,"Limited",2011,"Private","Middle","Integrated",0,6,NA,601.496224302131,1
"SYN-SCLC-002191",TRUE,"SCLC","SIM-F022",65,"Female","Black",2,"Extensive",2010,"Private","Lower","Integrated",0,43,NA,117.98437987615,1
"SYN-SCLC-002192",TRUE,"SCLC","SIM-F008",57,"Male","Black",NA,"Extensive",2020,"Private","Lower","Academic",0,9,NA,1545.23109181267,1
"SYN-SCLC-002193",TRUE,"SCLC","SIM-F036",61,"Female","Other",0,"Extensive",2013,"Public",NA,"Academic",1,17,45,297.175578772378,1
"SYN-SCLC-002194",TRUE,"SCLC","SIM-F046",70,"Male","Black",0,"Limited",2019,"Private",NA,"Academic",1,26,44,433.251488689114,1
"SYN-SCLC-002195",TRUE,"SCLC","SIM-F013",33,"Female","Black",0,"Limited",2011,"Public","Lower","Integrated",1,6,31,1961.47118997993,0
"SYN-SCLC-002196",TRUE,"SCLC","SIM-F048",48,"Female","Hispanic",1,"Limited",2014,"Private","Higher","Community",0,19,NA,569.908685870404,1
"SYN-SCLC-002197",TRUE,"SCLC","SIM-F010",60,"Male","Other",0,"Extensive",2013,"Private","Middle","Integrated",1,34,38,59.2774171402771,1
"SYN-SCLC-002198",TRUE,"SCLC","SIM-F022",74,"Male","Hispanic",1,"Extensive",2017,"Public","Lower","Integrated",0,16,NA,63.7774807768997,1
"SYN-SCLC-002199",TRUE,"SCLC","SIM-F039",64,"Female","Hispanic",1,"Extensive",2019,"Public","Middle","Integrated",1,12,51,274.032096160194,1
"SYN-SCLC-002200",TRUE,"SCLC","SIM-F011",78,"Male","Black",0,"Extensive",2013,"Private","Middle","Integrated",0,16,NA,211.13198225462,1
"SYN-SCLC-002201",TRUE,"SCLC","SIM-F022",53,"Male","Black",1,"Extensive",2021,"Public","Lower",NA,0,40,NA,259.680892980612,1
"SYN-SCLC-002202",TRUE,"SCLC","SIM-F056",51,"Female","Other",0,"Extensive",2021,"Private","Lower","Academic",1,32,44,382.193668853563,1
"SYN-SCLC-002203",TRUE,"SCLC","SIM-F001",64,"Male","Other",1,"Extensive",2014,"Private","Higher","Community",0,17,NA,639.766510267462,1
"SYN-SCLC-002204",TRUE,"SCLC","SIM-F014",54,"Female","Hispanic",0,"Extensive",2014,"Public","Higher","Integrated",0,25,NA,1422.3752080719,0
"SYN-SCLC-002205",TRUE,"SCLC","SIM-F023",59,"Female","Black",0,"Extensive",2017,"Private","Lower","Integrated",1,30,34,715.232687599835,1
"SYN-SCLC-002206",TRUE,"SCLC","SIM-F015",69,"Male","Other",0,"Limited",2016,"Public","Lower","Academic",0,29,NA,38.1160229622765,1
"SYN-SCLC-002207",TRUE,"SCLC","SIM-F016",80,"Male","Black",1,"Extensive",2018,"Private","Higher","Academic",0,12,NA,428.958307993728,1
"SYN-SCLC-002208",TRUE,"SCLC","SIM-F053",63,"Female","Black",0,"Extensive",2021,"Private","Middle","Academic",1,9,NA,10.91432839339,1
"SYN-SCLC-002209",TRUE,"SCLC","SIM-F005",58,"Male","Black",1,"Extensive",2019,"Private","Higher","Community",0,44,NA,677.801521277759,1
"SYN-SCLC-002210",TRUE,"SCLC","SIM-F038",56,"Male","Black",0,"Limited",2014,"Public",NA,"Community",1,23,50,1139.56673962788,1
"SYN-SCLC-002211",TRUE,"SCLC","SIM-F006",35,"Male","Other",0,"Extensive",2021,"Private","Lower","Integrated",1,29,43,44.4573646704888,1
"SYN-SCLC-002212",TRUE,"SCLC","SIM-F058",50,"Female","Black",1,"Extensive",2012,"Public","Higher","Academic",0,12,NA,21.8679121523817,1
"SYN-SCLC-002213",TRUE,"SCLC","SIM-F023",67,"Female","Black",1,"Extensive",2014,"Public","Lower","Integrated",NA,43,45,1157.21118267013,1
"SYN-SCLC-002214",TRUE,"SCLC","SIM-F011",72,"Female","Hispanic",1,"Extensive",2011,NA,"Lower","Integrated",0,20,NA,29.144084365518,1
"SYN-SCLC-002215",TRUE,"SCLC","SIM-F035",60,"Male","Hispanic",2,"Extensive",2014,"Private","Higher","Integrated",0,43,NA,515.927295911853,0
"SYN-SCLC-002216",TRUE,"SCLC","SIM-F021",57,"Female","Hispanic",1,"Extensive",2011,NA,"Lower","Community",0,43,NA,698.138866776726,1
"SYN-SCLC-002217",TRUE,"SCLC","SIM-F027",80,"Male","Black",1,"Extensive",2018,"Public","Middle","Integrated",0,27,NA,265.118986551236,1
"SYN-SCLC-002218",TRUE,"SCLC","SIM-F032",66,"Male","Other",1,"Extensive",2021,"Public","Higher","Academic",1,35,75,1237.79336141781,1
"SYN-SCLC-002219",TRUE,"SCLC","SIM-F002",61,"Male","Black",1,"Extensive",2012,"Public","Lower","Academic",0,26,NA,103.475438766181,0
"SYN-SCLC-002220",TRUE,"SCLC","SIM-F022",52,"Male","Hispanic",1,"Extensive",2019,"Private",NA,"Integrated",1,25,38,124.101289913171,1
"SYN-SCLC-002221",TRUE,"SCLC","SIM-F056",66,"Female","Hispanic",0,"Extensive",2012,"Private","Higher","Academic",1,22,46,193.35974018607,1
"SYN-SCLC-002222",TRUE,"SCLC","SIM-F032",58,"Male","Hispanic",0,"Extensive",2022,"Private","Higher","Academic",1,34,64,321.028653465617,0
"SYN-SCLC-002223",TRUE,"SCLC","SIM-F046",58,"Female","Black",0,"Extensive",2015,"Public","Lower","Academic",0,6,NA,1251.56230200186,1
"SYN-SCLC-002224",TRUE,"SCLC","SIM-F014",60,"Female","Black",1,"Limited",2013,"Private","Middle","Integrated",1,30,30,601.226818369467,1
"SYN-SCLC-002225",TRUE,"SCLC","SIM-F045",42,"Male","Other",0,"Extensive",2013,"Private","Lower","Community",1,43,80,2767.06289873059,1
"SYN-SCLC-002226",TRUE,"SCLC","SIM-F046",52,"Male","Other",0,"Extensive",2018,"Private","Middle","Academic",0,35,NA,491.659171000829,1
"SYN-SCLC-002227",TRUE,"SCLC","SIM-F057",45,"Male","Black",0,"Extensive",2020,"Private","Middle","Community",1,45,59,1141.42663344741,0
"SYN-SCLC-002228",TRUE,"SCLC","SIM-F047",53,"Female","Other",0,"Extensive",2011,NA,"Higher","Integrated",0,15,NA,56.2077931285725,1
"SYN-SCLC-002229",TRUE,"SCLC","SIM-F036",80,"Male","Other",1,"Extensive",2015,"Public","Higher","Academic",0,NA,NA,25.3409643429301,1
"SYN-SCLC-002230",TRUE,"SCLC","SIM-F027",57,"Female","Black",1,"Extensive",2014,"Public","Higher","Integrated",0,33,NA,287.415388489528,1
"SYN-SCLC-002231",TRUE,"SCLC","SIM-F041",65,"Female","Hispanic",1,"Extensive",2014,"Private","Middle","Academic",0,12,NA,510.920951406904,1
"SYN-SCLC-002232",TRUE,"SCLC","SIM-F021",67,"Female","Hispanic",0,"Extensive",2018,"Private","Lower","Community",0,27,NA,1235.37317519144,1
"SYN-SCLC-002233",TRUE,"SCLC","SIM-F023",61,"Male","Hispanic",1,"Extensive",2013,"Private","Higher","Integrated",0,39,NA,904.706928738677,1
"SYN-SCLC-002234",TRUE,"SCLC","SIM-F048",90,"Female","Black",2,"Extensive",2020,"Public","Middle","Community",0,39,NA,170.974142994527,1
"SYN-SCLC-002235",TRUE,"SCLC","SIM-F028",68,"Male","Black",0,"Extensive",2011,"Private","Lower","Community",1,33,46,326.847725119825,1
"SYN-SCLC-002236",TRUE,"SCLC","SIM-F010",71,"Male","Other",0,"Limited",2017,"Public","Lower","Integrated",1,22,33,479.536728143821,1
"SYN-SCLC-002237",TRUE,"SCLC","SIM-F022",90,"Female","Black",1,"Extensive",2017,"Private","Higher","Integrated",0,29,NA,268.449690562918,1
"SYN-SCLC-002238",TRUE,"SCLC","SIM-F046",45,"Female","Other",0,"Extensive",2012,"Private","Middle","Academic",0,43,NA,1553.81718447818,1
"SYN-SCLC-002239",TRUE,"SCLC","SIM-F023",32,"Male","Black",0,"Extensive",2010,"Private","Higher","Integrated",0,6,NA,704.439541337745,1
"SYN-SCLC-002240",TRUE,"SCLC","SIM-F050",81,"Male","Black",1,"Extensive",2018,"Public","Higher","Academic",1,17,35,116.39429153261,1
"SYN-SCLC-002241",TRUE,"SCLC","SIM-F030",63,"Female","Other",0,"Extensive",2010,"Private","Middle","Academic",0,21,NA,303.547292417442,1
"SYN-SCLC-002242",TRUE,"SCLC","SIM-F011",64,"Female","Black",1,"Extensive",2022,"Private",NA,"Integrated",0,28,NA,1505.02505523559,1
"SYN-SCLC-002243",TRUE,"SCLC","SIM-F014",67,"Male","Hispanic",0,"Extensive",2015,"Public","Higher","Integrated",1,10,28,1286.75232422972,1
"SYN-SCLC-002244",TRUE,"SCLC","SIM-F031",54,"Female","Other",0,"Limited",2012,"Private","Lower","Academic",1,15,33,592.968610864939,1
"SYN-SCLC-002245",TRUE,"SCLC","SIM-F051",90,"Male","Black",1,"Extensive",2017,"Public","Middle","Community",0,5,NA,58.2998674662764,1
"SYN-SCLC-002246",TRUE,"SCLC","SIM-F038",72,"Female","Black",1,"Extensive",2019,"Public","Lower","Community",0,35,NA,181.569257967094,1
"SYN-SCLC-002247",TRUE,"SCLC","SIM-F016",86,"Female","Black",2,"Extensive",2014,"Private","Higher","Academic",0,24,NA,663.185507979107,1
"SYN-SCLC-002248",TRUE,"SCLC","SIM-F014",50,"Female","Other",1,"Extensive",2017,"Private","Higher","Integrated",0,9,NA,105.024872251064,1
"SYN-SCLC-002249",TRUE,"SCLC","SIM-F042",59,"Female","Hispanic",0,"Extensive",2012,"Private","Middle","Academic",0,37,NA,602.652013005755,1
"SYN-SCLC-002250",TRUE,"SCLC","SIM-F031",71,"Male","Other",1,"Extensive",2022,"Public","Higher",NA,0,18,NA,249.825527860348,1
"SYN-SCLC-002251",TRUE,"SCLC","SIM-F013",67,"Female","Black",1,"Extensive",2017,"Public","Lower","Integrated",1,36,64,137.950931128517,1
"SYN-SCLC-002252",TRUE,"SCLC","SIM-F005",52,"Female","Black",0,"Limited",2021,"Public","Lower","Community",1,39,70,551.42329999873,1
"SYN-SCLC-002253",TRUE,"SCLC","SIM-F040",76,"Male","Other",NA,"Extensive",2020,"Public","Middle","Community",0,23,NA,64.9838877440588,1
"SYN-SCLC-002254",TRUE,"SCLC","SIM-F002",59,"Male","Black",1,"Extensive",2015,"Public","Middle","Academic",0,17,NA,1455.77883538851,1
"SYN-SCLC-002255",TRUE,"SCLC","SIM-F030",65,"Male","Black",0,"Extensive",2016,"Private","Lower","Academic",0,42,NA,625.565460178912,1
"SYN-SCLC-002256",TRUE,"SCLC","SIM-F017",62,"Female","Black",1,"Limited",2014,"Private","Lower","Academic",NA,38,47,1753.39744739234,0
"SYN-SCLC-002257",TRUE,"SCLC","SIM-F003",90,"Female","Black",2,"Extensive",2010,"Public","Higher","Integrated",0,19,NA,106.787338812999,1
"SYN-SCLC-002258",TRUE,"SCLC","SIM-F047",48,"Male","Black",0,"Extensive",2020,"Private","Middle","Integrated",1,25,59,1307.28044494404,0
"SYN-SCLC-002259",TRUE,"SCLC","SIM-F042",87,"Female","Other",0,"Extensive",2019,"Public","Higher","Academic",0,6,NA,606.053908287235,1
"SYN-SCLC-002260",TRUE,"SCLC","SIM-F054",73,"Male","Black",1,"Extensive",2010,"Public","Middle","Integrated",1,30,34,212.485566521841,1
"SYN-SCLC-002261",TRUE,"SCLC","SIM-F003",73,"Male","Hispanic",0,"Extensive",2020,"Public","Middle","Integrated",0,13,NA,133.742315263714,1
"SYN-SCLC-002262",TRUE,"SCLC","SIM-F017",54,"Male","Other",1,"Extensive",2015,"Private","Higher","Academic",0,39,NA,275.522719038208,1
"SYN-SCLC-002263",TRUE,"SCLC","SIM-F049",77,"Male","Other",0,"Limited",2011,"Public","Middle","Academic",0,34,NA,181.380697386718,1
"SYN-SCLC-002264",TRUE,"SCLC","SIM-F045",68,"Female","Other",1,"Extensive",2018,"Private",NA,"Community",0,36,NA,245.542136369187,1
"SYN-SCLC-002265",TRUE,"SCLC","SIM-F009",61,"Male","Hispanic",1,"Extensive",2020,"Public","Middle","Community",1,23,32,516.111857448306,1
"SYN-SCLC-002266",TRUE,"SCLC","SIM-F056",79,"Male","Other",1,"Extensive",2016,"Public","Higher","Academic",1,8,36,59.6081195750874,1
"SYN-SCLC-002267",TRUE,"SCLC","SIM-F047",59,"Male","Hispanic",0,"Extensive",2020,"Private","Lower","Integrated",0,14,NA,569.231882130052,1
"SYN-SCLC-002268",TRUE,"SCLC","SIM-F034",49,"Female","Black",0,"Extensive",2016,"Private","Higher","Community",1,5,17,909.923287238071,1
"SYN-SCLC-002269",TRUE,"SCLC","SIM-F049",45,"Female","Black",0,"Extensive",2012,"Private",NA,"Academic",1,20,31,1392.72202979152,1
"SYN-SCLC-002270",TRUE,"SCLC","SIM-F041",60,"Female","Other",1,"Extensive",2010,"Private",NA,"Academic",1,40,55,1133.49130277749,1
"SYN-SCLC-002271",TRUE,"SCLC","SIM-F024",80,"Female","Black",0,"Extensive",2018,"Private","Lower","Integrated",0,27,NA,470.14165919139,1
"SYN-SCLC-002272",TRUE,"SCLC","SIM-F015",87,"Female","Hispanic",2,"Extensive",2019,"Public","Middle",NA,1,22,47,274.852903615905,1
"SYN-SCLC-002273",TRUE,"SCLC","SIM-F032",74,"Female","Hispanic",1,"Extensive",2017,"Private","Lower","Academic",1,31,40,225.894666896958,1
"SYN-SCLC-002274",TRUE,"SCLC","SIM-F047",75,"Female","Black",2,"Limited",2019,"Public",NA,"Integrated",1,41,71,364.401696347224,1
"SYN-SCLC-002275",TRUE,"SCLC","SIM-F048",85,"Male","Black",2,"Extensive",2012,"Public","Lower","Community",0,26,NA,30.5942834947266,1
"SYN-SCLC-002276",TRUE,"SCLC","SIM-F034",68,"Male","Black",0,"Extensive",2017,"Private","Lower","Community",0,31,NA,840.348986705811,1
"SYN-SCLC-002277",TRUE,"SCLC","SIM-F031",75,"Female","Hispanic",1,"Extensive",2013,"Public","Higher","Academic",0,44,NA,345.936177606803,1
"SYN-SCLC-002278",TRUE,"SCLC","SIM-F018",59,"Female","Other",0,"Extensive",2014,"Private","Higher","Integrated",1,15,31,1044.72572441789,1
"SYN-SCLC-002279",TRUE,"SCLC","SIM-F007",69,"Female","Black",1,"Extensive",2018,"Private","Higher","Academic",1,39,77,281.891398741553,1
"SYN-SCLC-002280",TRUE,"SCLC","SIM-F059",77,"Female","Hispanic",1,"Extensive",2011,"Public","Middle","Academic",0,NA,NA,4.79189909347277,1
"SYN-SCLC-002281",TRUE,"SCLC","SIM-F029",46,"Male","Other",0,"Extensive",2019,"Private","Higher","Integrated",1,8,19,1525.47205849754,1
"SYN-SCLC-002282",TRUE,"SCLC","SIM-F057",86,"Male","Black",1,"Extensive",2011,"Private","Middle","Community",1,36,NA,532.42014841814,1
"SYN-SCLC-002283",TRUE,"SCLC","SIM-F005",69,"Male","Hispanic",1,"Extensive",2021,"Private","Middle","Community",1,NA,NA,13.6343701164809,1
"SYN-SCLC-002284",TRUE,"SCLC","SIM-F007",76,"Female","Other",0,"Extensive",2020,"Public","Middle","Academic",0,5,NA,939.602302511929,1
"SYN-SCLC-002285",TRUE,"SCLC","SIM-F012",71,"Female","Black",1,"Limited",2019,"Private","Middle","Community",0,NA,NA,23.407546538184,1
"SYN-SCLC-002286",TRUE,"SCLC","SIM-F020",81,"Male","Other",1,"Extensive",2020,"Public","Middle","Community",1,15,35,535.057501675687,1
"SYN-SCLC-002287",TRUE,"SCLC","SIM-F024",90,"Female","Other",0,"Extensive",2016,"Private","Higher","Integrated",0,7,NA,129.980756927583,1
"SYN-SCLC-002288",TRUE,"SCLC","SIM-F042",77,"Female","Other",2,"Extensive",2022,"Public","Middle","Academic",0,26,NA,361.853266132702,1
"SYN-SCLC-002289",TRUE,"SCLC","SIM-F038",63,"Female","Black",1,"Limited",2019,"Public","Lower","Community",1,15,42,231.613957461808,1
"SYN-SCLC-002290",TRUE,"SCLC","SIM-F037",62,"Female","Black",0,"Extensive",2011,"Private","Higher",NA,0,45,NA,471.822929683557,1
"SYN-SCLC-002291",TRUE,"SCLC","SIM-F017",59,"Male","Black",0,"Extensive",2016,"Private","Lower","Academic",1,33,37,351.445181159511,1
"SYN-SCLC-002292",TRUE,"SCLC","SIM-F055",67,"Female","Hispanic",0,"Extensive",2022,"Public","Lower","Academic",1,8,16,1316.42836533413,1
"SYN-SCLC-002293",TRUE,"SCLC","SIM-F026",51,"Female","Other",1,"Extensive",2019,"Private","Middle","Academic",1,17,29,635.253257607367,1
"SYN-SCLC-002294",TRUE,"SCLC","SIM-F002",63,"Female","Other",0,"Extensive",2013,"Private","Lower","Academic",1,5,7,271.823158444129,1
"SYN-SCLC-002295",TRUE,"SCLC","SIM-F037",70,"Female","Black",0,"Extensive",2021,"Private","Higher","Community",1,15,30,58.1911953716564,1
"SYN-SCLC-002296",TRUE,"SCLC","SIM-F016",64,"Male","Black",0,"Extensive",2017,"Private","Lower","Academic",0,15,NA,170.14543917629,1
"SYN-SCLC-002297",TRUE,"SCLC","SIM-F028",73,"Male","Black",0,"Extensive",2011,"Private","Middle","Community",0,31,NA,95.6837054892692,1
"SYN-SCLC-002298",TRUE,"SCLC","SIM-F054",60,"Male","Hispanic",1,"Extensive",2013,"Private","Middle","Integrated",1,6,19,351.522835652455,1
"SYN-SCLC-002299",TRUE,"SCLC","SIM-F017",55,"Female","Hispanic",0,"Extensive",2018,"Private","Lower",NA,0,28,NA,646.377607155293,1
"SYN-SCLC-002300",TRUE,"SCLC","SIM-F012",58,"Female","Black",1,"Extensive",2016,"Public","Middle","Community",1,16,46,62.1852992858962,1
"SYN-SCLC-002301",TRUE,"SCLC","SIM-F023",76,"Female","Hispanic",1,"Limited",2011,"Private","Middle","Integrated",0,29,NA,47.8832279601688,1
"SYN-SCLC-002302",TRUE,"SCLC","SIM-F028",49,"Male","Black",1,"Extensive",2010,"Public","Higher","Community",1,15,54,63.0135870567931,1
"SYN-SCLC-002303",TRUE,"SCLC","SIM-F011",52,"Male","Other",1,"Extensive",2018,"Private",NA,"Integrated",1,25,30,375.770068165343,1
"SYN-SCLC-002304",TRUE,"SCLC","SIM-F030",66,"Male","Other",0,"Extensive",2012,"Public","Higher","Academic",1,8,42,531.847402394133,1
"SYN-SCLC-002305",TRUE,"SCLC","SIM-F043",71,"Female","Black",1,"Extensive",2012,"Private","Higher","Integrated",0,39,NA,134.5303680621,1
"SYN-SCLC-002306",TRUE,"SCLC","SIM-F050",56,"Female","Black",0,"Extensive",2022,"Private","Higher","Academic",1,45,85,1395.60442808084,0
"SYN-SCLC-002307",TRUE,"SCLC","SIM-F024",54,"Male","Other",0,"Extensive",2015,"Public","Higher","Integrated",1,25,44,99.689324950206,1
"SYN-SCLC-002308",TRUE,"SCLC","SIM-F001",60,"Female","Other",1,"Extensive",2018,"Public","Higher","Community",0,7,NA,1443.18680425532,1
"SYN-SCLC-002309",TRUE,"SCLC","SIM-F047",57,"Male","Other",1,"Limited",2016,"Private","Higher","Integrated",1,22,58,908.537752564654,0
"SYN-SCLC-002310",TRUE,"SCLC","SIM-F031",60,"Male","Other",2,"Extensive",2011,"Private","Lower","Academic",1,30,60,285.312735345215,0
"SYN-SCLC-002311",TRUE,"SCLC","SIM-F059",63,"Male","Black",0,"Extensive",2011,"Private","Lower","Academic",0,35,NA,1783.66452727001,0
"SYN-SCLC-002312",TRUE,"SCLC","SIM-F031",90,"Female","Other",0,"Limited",2020,"Public","Lower","Academic",1,7,28,72.5471554464079,1
"SYN-SCLC-002313",TRUE,"SCLC","SIM-F020",63,"Male","Black",1,"Extensive",2019,"Private","Middle","Community",1,44,45,988.759265023857,1
"SYN-SCLC-002314",TRUE,"SCLC","SIM-F050",69,"Female","Black",0,"Extensive",2013,"Private","Higher","Academic",0,17,NA,51.6540470582729,1
"SYN-SCLC-002315",TRUE,"SCLC","SIM-F026",64,"Male","Other",1,"Extensive",2015,"Public","Middle","Academic",1,43,65,173.30105435329,1
"SYN-SCLC-002316",TRUE,"SCLC","SIM-F034",66,"Male","Hispanic",1,"Extensive",2022,"Private","Lower","Community",0,20,NA,117.699721232057,0
"SYN-SCLC-002317",TRUE,"SCLC","SIM-F006",71,"Female","Black",1,"Extensive",2015,"Public","Lower","Integrated",0,9,NA,38.577762795477,1
"SYN-SCLC-002318",TRUE,"SCLC","SIM-F023",55,"Male","Hispanic",0,"Extensive",2015,"Public","Middle","Integrated",1,24,59,219.351344875377,1
"SYN-SCLC-002319",TRUE,"SCLC","SIM-F052",90,"Female","Other",0,"Extensive",2022,"Private","Higher","Academic",0,19,NA,289.776485572658,1
"SYN-SCLC-002320",TRUE,"SCLC","SIM-F042",77,"Male","Hispanic",1,"Extensive",2019,"Public","Higher","Academic",0,20,NA,200.633452898557,1
"SYN-SCLC-002321",TRUE,"SCLC","SIM-F049",56,"Male","Black",1,"Extensive",2011,"Private","Lower","Academic",0,34,NA,354.052027391973,1
"SYN-SCLC-002322",TRUE,"SCLC","SIM-F016",78,"Male","Other",1,"Limited",2020,"Public","Lower","Academic",0,27,NA,847.844383716286,1
"SYN-SCLC-002323",TRUE,"SCLC","SIM-F043",59,"Female","Hispanic",1,"Extensive",2015,"Public","Higher","Integrated",0,8,NA,32.2958584264955,1
"SYN-SCLC-002324",TRUE,"SCLC","SIM-F016",64,"Male","Other",0,"Extensive",2020,"Private","Middle","Academic",1,33,56,196.209707835448,1
"SYN-SCLC-002325",TRUE,"SCLC","SIM-F038",65,"Female","Hispanic",2,"Extensive",2011,NA,NA,"Community",0,45,NA,156.927037808372,1
"SYN-SCLC-002326",TRUE,"SCLC","SIM-F060",54,"Female","Black",0,"Extensive",2011,"Private","Higher","Academic",0,32,NA,375.406179473318,1
"SYN-SCLC-002327",TRUE,"SCLC","SIM-F046",68,"Female","Other",1,"Limited",2011,"Public","Lower",NA,0,30,NA,314.51180467454,1
"SYN-SCLC-002328",TRUE,"SCLC","SIM-F005",80,"Female","Black",0,"Limited",2013,"Public","Higher",NA,0,37,NA,179.294633631504,1
"SYN-SCLC-002329",TRUE,"SCLC","SIM-F040",60,"Female","Black",1,"Extensive",2016,"Public","Lower","Community",0,10,NA,181.000644393501,1
"SYN-SCLC-002330",TRUE,"SCLC","SIM-F053",59,"Female","Hispanic",1,"Extensive",2019,"Private","Middle","Academic",1,12,NA,30.9978927596328,1
"SYN-SCLC-002331",TRUE,"SCLC","SIM-F009",68,"Male","Black",1,"Extensive",2018,"Private","Lower","Community",0,14,NA,36.6473278401763,1
"SYN-SCLC-002332",TRUE,"SCLC","SIM-F033",44,"Female","Hispanic",1,"Limited",2018,NA,"Middle","Community",1,24,40,673.26248901481,1
"SYN-SCLC-002333",TRUE,"SCLC","SIM-F028",48,"Female","Black",0,"Extensive",2011,"Public","Middle","Community",1,17,NA,749.453015938256,1
"SYN-SCLC-002334",TRUE,"SCLC","SIM-F053",85,"Female","Hispanic",1,"Extensive",2010,"Public","Higher","Academic",0,28,NA,66.4013600852314,1
"SYN-SCLC-002335",TRUE,"SCLC","SIM-F053",65,"Female","Other",1,"Extensive",2018,NA,"Higher","Academic",0,100,NA,522.472210828259,1
"SYN-SCLC-002336",TRUE,"SCLC","SIM-F057",66,"Male","Black",1,"Limited",2011,"Private","Higher","Community",1,9,34,91.2917611962992,1
"SYN-SCLC-002337",TRUE,"SCLC","SIM-F042",47,"Male","Other",0,"Extensive",2019,"Private",NA,NA,0,35,NA,940.887998166505,1
"SYN-SCLC-002338",TRUE,"SCLC","SIM-F007",85,"Male","Hispanic",0,"Extensive",2017,NA,"Lower","Academic",0,10,NA,462.650475577946,1
"SYN-SCLC-002339",TRUE,"SCLC","SIM-F016",37,"Male","Other",0,"Extensive",2021,"Public",NA,"Academic",1,30,49,775.769554929757,0
"SYN-SCLC-002340",TRUE,"SCLC","SIM-F020",59,"Female","Other",1,"Limited",2020,"Private","Higher","Community",0,12,NA,1720.13911807677,0
"SYN-SCLC-002341",TRUE,"SCLC","SIM-F060",72,"Male","Black",1,"Extensive",2012,"Private","Middle","Academic",1,10,29,1894.34034364298,0
"SYN-SCLC-002342",TRUE,"SCLC","SIM-F048",60,"Female","Black",0,"Limited",2018,"Private","Higher","Community",1,17,50,298.318212991613,1
"SYN-SCLC-002343",TRUE,"SCLC","SIM-F043",78,"Male","Black",0,"Extensive",2021,"Public","Higher","Integrated",0,7,NA,396.096431349777,1
"SYN-SCLC-002344",TRUE,"SCLC","SIM-F010",66,"Female","Other",0,"Extensive",2016,"Private","Middle","Integrated",0,35,NA,248.61241632568,1
"SYN-SCLC-002345",TRUE,"SCLC","SIM-F008",65,"Female","Other",1,"Extensive",2016,"Private","Lower","Academic",0,11,NA,679.836597028558,1
"SYN-SCLC-002346",TRUE,"SCLC","SIM-F032",65,"Male","Other",1,"Extensive",2012,"Private","Lower","Academic",1,45,50,766.345917926745,0
"SYN-SCLC-002347",TRUE,"SCLC","SIM-F002",81,"Female","Black",2,"Extensive",2015,"Public","Lower","Academic",0,16,NA,358.193840614501,1
"SYN-SCLC-002348",TRUE,"SCLC","SIM-F044",66,"Female","Hispanic",1,"Extensive",2020,"Public","Lower",NA,1,32,47,69.2020952301071,1
"SYN-SCLC-002349",TRUE,"SCLC","SIM-F009",51,"Male","Other",1,"Extensive",2015,"Public",NA,"Community",1,9,18,874.685653710514,1
"SYN-SCLC-002350",TRUE,"SCLC","SIM-F019",62,"Female","Other",0,"Extensive",2022,"Private","Middle","Academic",1,17,24,458.155175660824,1
"SYN-SCLC-002351",TRUE,"SCLC","SIM-F019",70,"Female","Black",1,"Extensive",2020,"Public","Middle","Academic",0,12,NA,815.100982543973,1
"SYN-SCLC-002352",TRUE,"SCLC","SIM-F033",69,"Female","Hispanic",1,"Extensive",2010,"Private","Middle","Community",1,40,77,104.694854861507,1
"SYN-SCLC-002353",TRUE,"SCLC","SIM-F053",66,"Male","Black",2,"Limited",2020,"Private","Middle","Academic",1,25,47,879.93674666058,1
"SYN-SCLC-002354",TRUE,"SCLC","SIM-F046",54,"Male","Other",1,"Extensive",2017,"Public","Lower","Academic",1,9,23,940.97459086506,1
"SYN-SCLC-002355",TRUE,"SCLC","SIM-F023",74,"Male","Hispanic",0,"Limited",2021,"Private","Lower",NA,1,24,25,418.379883006867,1
"SYN-SCLC-002356",TRUE,"SCLC","SIM-F001",55,"Female","Hispanic",0,"Extensive",2011,"Public","Higher","Community",1,32,51,795.259514216492,1
"SYN-SCLC-002357",TRUE,"SCLC","SIM-F052",55,"Female","Hispanic",0,"Extensive",2013,"Private","Lower","Academic",1,31,63,844.786633645175,1
"SYN-SCLC-002358",TRUE,"SCLC","SIM-F007",78,"Male","Hispanic",1,"Extensive",2015,"Private","Middle","Academic",0,8,NA,185.785063484671,1
"SYN-SCLC-002359",TRUE,"SCLC","SIM-F060",78,"Female","Hispanic",2,"Extensive",2018,"Private","Higher","Academic",0,45,NA,232.877597970506,1
"SYN-SCLC-002360",TRUE,"SCLC","SIM-F033",59,"Male","Hispanic",1,"Extensive",2014,"Private","Middle","Community",1,42,52,1588.49613252196,1
"SYN-SCLC-002361",TRUE,"SCLC","SIM-F004",67,"Female","Other",0,"Extensive",2010,"Private","Middle",NA,1,43,65,499.938692521145,1
"SYN-SCLC-002362",TRUE,"SCLC","SIM-F048",39,"Female","Other",0,"Extensive",2018,"Private","Middle",NA,1,32,43,947.623141907686,1
"SYN-SCLC-002363",TRUE,"SCLC","SIM-F044",55,"Female","Hispanic",0,"Extensive",2010,"Private","Lower","Academic",1,20,47,398.517855244059,1
"SYN-SCLC-002364",TRUE,"SCLC","SIM-F004",50,"Male","Other",0,"Extensive",2010,"Private","Lower",NA,1,8,36,476.037628946571,1
"SYN-SCLC-002365",TRUE,"SCLC","SIM-F043",75,"Male","Hispanic",0,"Extensive",2017,"Public","Higher","Integrated",0,15,NA,100.618567902529,1
"SYN-SCLC-002366",TRUE,"SCLC","SIM-F060",76,"Male","Other",1,"Extensive",2012,"Public","Higher","Academic",0,45,NA,52.9908079943027,1
"SYN-SCLC-002367",TRUE,"SCLC","SIM-F037",69,"Female","Other",2,"Extensive",2015,"Private","Lower","Community",1,12,30,203.328046062729,1
"SYN-SCLC-002368",TRUE,"SCLC","SIM-F007",58,"Male","Other",0,"Extensive",2015,"Private","Higher","Academic",0,11,NA,NA,1
"SYN-SCLC-002369",TRUE,"SCLC","SIM-F032",89,"Female","Other",1,"Extensive",2020,"Public","Middle","Academic",0,29,NA,156.246501674621,1
"SYN-SCLC-002370",TRUE,"SCLC","SIM-F019",60,"Male","Other",0,"Extensive",2014,NA,"Middle","Academic",1,24,50,790.226719550044,1
"SYN-SCLC-002371",TRUE,"SCLC","SIM-F025",54,"Male","Hispanic",0,"Extensive",2015,"Private","Lower","Integrated",0,29,NA,792.33536254876,1
"SYN-SCLC-002372",TRUE,"SCLC","SIM-F029",73,"Female","Hispanic",0,"Extensive",2016,"Private","Lower","Integrated",1,34,74,602.124510948616,1
"SYN-SCLC-002373",TRUE,"SCLC","SIM-F042",35,"Female","Other",0,"Extensive",2014,"Private","Higher",NA,1,31,32,304.521925088619,1
"SYN-SCLC-002374",TRUE,"SCLC","SIM-F017",69,"Female","Hispanic",0,"Extensive",2018,"Public","Middle","Academic",1,22,31,555.49732995616,1
"SYN-SCLC-002375",TRUE,"SCLC","SIM-F020",67,"Male","Hispanic",0,"Limited",2022,"Public","Higher",NA,0,20,NA,469.170158623654,1
"SYN-SCLC-002376",TRUE,"SCLC","SIM-F015",77,"Male","Other",1,"Extensive",2010,"Private","Lower","Academic",0,NA,NA,16.062212910973,1
"SYN-SCLC-002377",TRUE,"SCLC","SIM-F033",66,"Female","Black",1,"Extensive",2022,NA,"Higher","Community",1,34,48,63.1159106186324,1
"SYN-SCLC-002378",TRUE,"SCLC","SIM-F017",72,"Male","Hispanic",1,"Extensive",2020,"Public","Higher","Academic",1,37,52,331.023047632407,1
"SYN-SCLC-002379",TRUE,"SCLC","SIM-F043",63,"Male","Black",1,"Extensive",2011,"Public","Lower",NA,1,15,33,807.207791272412,1
"SYN-SCLC-002380",TRUE,"SCLC","SIM-F015",43,"Male","Hispanic",0,"Extensive",2016,"Private","Lower","Academic",1,100,32,162.761831661352,1
"SYN-SCLC-002381",TRUE,"SCLC","SIM-F001",73,"Female","Other",1,"Limited",2011,"Private","Middle","Community",0,24,NA,51.0586421742084,1
"SYN-SCLC-002382",TRUE,"SCLC","SIM-F036",48,"Male","Black",0,"Extensive",2016,"Public","Middle","Academic",1,38,NA,48.9101905426063,1
"SYN-SCLC-002383",TRUE,"SCLC","SIM-F030",72,"Female","Black",1,"Extensive",2019,"Public","Middle","Academic",0,22,NA,456.787737400896,1
"SYN-SCLC-002384",TRUE,"SCLC","SIM-F014",68,"Male","Hispanic",1,"Extensive",2018,"Public","Higher","Integrated",0,10,NA,468.587696241871,1
"SYN-SCLC-002385",TRUE,"SCLC","SIM-F040",68,"Male","Other",2,"Limited",2010,"Private","Middle","Community",0,23,NA,70.1521064054485,1
"SYN-SCLC-002386",TRUE,"SCLC","SIM-F052",71,"Male","Hispanic",0,"Extensive",2014,"Private","Lower","Academic",0,8,NA,375.859284466661,1
"SYN-SCLC-002387",TRUE,"SCLC","SIM-F052",54,"Female","Black",1,"Extensive",2012,"Private","Lower","Academic",0,28,NA,675.435646253438,1
"SYN-SCLC-002388",TRUE,"SCLC","SIM-F053",39,"Female","Hispanic",0,"Extensive",2011,NA,"Lower","Academic",1,25,58,803.167908015737,1
"SYN-SCLC-002389",TRUE,"SCLC","SIM-F020",53,"Female","Black",0,"Extensive",2016,"Private",NA,"Community",1,11,32,355.233706007109,1
"SYN-SCLC-002390",TRUE,"SCLC","SIM-F056",37,"Male","Other",0,"Limited",2012,NA,"Lower","Academic",1,32,43,103.707577191809,1
"SYN-SCLC-002391",TRUE,"SCLC","SIM-F020",85,"Female","Other",0,"Extensive",2010,"Private","Lower","Community",0,22,NA,243.882713102112,1
"SYN-SCLC-002392",TRUE,"SCLC","SIM-F029",53,"Male","Black",1,"Extensive",2015,"Private","Lower","Integrated",1,29,65,577.909255396851,1
"SYN-SCLC-002393",TRUE,"SCLC","SIM-F004",71,"Male","Hispanic",1,"Limited",2021,"Public","Higher","Community",1,35,65,143.769854083657,0
"SYN-SCLC-002394",TRUE,"SCLC","SIM-F021",90,"Male","Other",1,"Extensive",2011,"Public","Higher","Community",0,13,NA,156.408437621409,1
"SYN-SCLC-002395",TRUE,"SCLC","SIM-F053",59,"Female","Other",0,"Extensive",2013,"Public","Middle","Academic",0,22,NA,48.3874322397588,1
"SYN-SCLC-002396",TRUE,"SCLC","SIM-F040",69,"Male","Other",1,"Extensive",2021,"Public","Middle","Community",1,42,47,450.38830612031,1
"SYN-SCLC-002397",TRUE,"SCLC","SIM-F005",74,"Male","Other",0,"Limited",2012,"Private","Lower","Community",0,16,NA,691.783382578367,1
"SYN-SCLC-002398",TRUE,"SCLC","SIM-F060",51,"Male","Other",0,"Extensive",2022,"Private","Higher","Academic",0,8,NA,865.893112345359,1
"SYN-SCLC-002399",TRUE,"SCLC","SIM-F043",50,"Female","Other",0,"Extensive",2015,"Private","Higher","Integrated",0,29,NA,229.780251680515,1
"SYN-SCLC-002400",TRUE,"SCLC","SIM-F046",48,"Female","Hispanic",0,"Extensive",2015,"Private",NA,"Academic",1,31,39,406.896395922079,1
"SYN-SCLC-002401",TRUE,"SCLC","SIM-F015",84,"Female","Hispanic",2,"Limited",2020,"Private","Middle","Academic",0,20,NA,59.2435181989404,1
"SYN-SCLC-002402",TRUE,"SCLC","SIM-F015",79,"Male","Black",1,"Limited",2018,"Public","Higher",NA,0,8,NA,1459.38196326437,1
"SYN-SCLC-002403",TRUE,"SCLC","SIM-F048",50,"Female","Hispanic",0,"Extensive",2015,"Private","Lower","Community",0,7,NA,794.353894986014,0
"SYN-SCLC-002404",TRUE,"SCLC","SIM-F058",39,"Male","Black",0,"Extensive",2018,"Public","Middle","Academic",1,10,23,147.669796545829,1
"SYN-SCLC-002405",TRUE,"SCLC","SIM-F059",69,"Male","Other",1,"Limited",2016,"Public","Middle","Academic",0,16,NA,28.7455765117696,1
"SYN-SCLC-002406",TRUE,"SCLC","SIM-F030",48,"Male","Hispanic",1,"Extensive",2011,"Private",NA,"Academic",1,35,66,1039.64849633883,1
"SYN-SCLC-002407",TRUE,"SCLC","SIM-F003",62,"Female","Hispanic",0,"Extensive",2015,"Private","Higher","Integrated",0,39,NA,248.491796083172,1
"SYN-SCLC-002408",TRUE,"SCLC","SIM-F015",58,"Female","Hispanic",1,"Limited",2010,"Public","Lower","Academic",1,44,56,828.013778266315,1
"SYN-SCLC-002409",TRUE,"SCLC","SIM-F008",70,"Female","Black",1,"Extensive",2020,"Public","Lower","Academic",1,NA,NA,36.4522509780239,1
"SYN-SCLC-002410",TRUE,"SCLC","SIM-F050",68,"Male","Other",1,"Extensive",2017,"Public","Middle","Academic",0,7,NA,1152.32788864998,1
"SYN-SCLC-002411",TRUE,"SCLC","SIM-F013",55,"Female","Black",1,"Extensive",2016,"Public","Higher","Integrated",1,19,48,263.336520977318,0
"SYN-SCLC-002412",TRUE,"SCLC","SIM-F053",57,"Male","Other",1,"Extensive",2016,"Public","Higher","Academic",1,31,68,842.793966171251,1
"SYN-SCLC-002413",TRUE,"SCLC","SIM-F043",62,"Male","Other",1,"Extensive",2013,"Public","Middle","Integrated",0,25,NA,167.934686750514,1
"SYN-SCLC-002414",TRUE,"SCLC","SIM-F026",64,"Female","Hispanic",0,"Limited",2010,"Private","Middle","Academic",1,21,NA,21.3621952160282,1
"SYN-SCLC-002415",TRUE,"SCLC","SIM-F044",68,"Male","Black",2,"Extensive",2020,"Public","Middle","Academic",0,24,NA,263.612740914745,1
"SYN-SCLC-002416",TRUE,"SCLC","SIM-F053",65,"Male","Other",2,"Extensive",2022,"Private","Middle","Academic",1,5,26,87.2181214950979,0
"SYN-SCLC-002417",TRUE,"SCLC","SIM-F043",80,"Female","Other",2,"Extensive",2014,"Private","Higher","Integrated",0,20,NA,324.485356222417,1
"SYN-SCLC-002418",TRUE,"SCLC","SIM-F043",67,"Male","Other",1,"Extensive",2018,"Public","Higher","Integrated",0,34,NA,125.080838433638,1
"SYN-SCLC-002419",TRUE,"SCLC","SIM-F016",46,"Female","Hispanic",0,"Limited",2012,"Private","Middle","Academic",1,16,50,91.7434116913781,1
"SYN-SCLC-002420",TRUE,"SCLC","SIM-F015",50,"Male","Black",1,"Extensive",2020,"Public","Lower","Academic",1,NA,NA,1.85476218424132,1
"SYN-SCLC-002421",TRUE,"SCLC","SIM-F021",69,"Male","Other",0,"Extensive",2017,"Private","Middle","Community",0,39,NA,311.236752305625,1
"SYN-SCLC-002422",TRUE,"SCLC","SIM-F031",61,"Male","Black",1,"Extensive",2015,"Private","Lower","Academic",0,8,NA,339.550676924282,1
"SYN-SCLC-002423",TRUE,"SCLC","SIM-F015",70,"Female","Other",0,"Extensive",2013,"Private","Lower","Academic",0,31,NA,129.574489644528,1
"SYN-SCLC-002424",TRUE,"SCLC","SIM-F005",56,"Male","Other",1,"Extensive",2010,"Public","Higher","Community",1,32,42,115.299700363195,1
"SYN-SCLC-002425",TRUE,"SCLC","SIM-F011",43,"Female","Black",0,"Extensive",2012,"Public","Lower","Integrated",1,8,12,676.179628531109,1
"SYN-SCLC-002426",TRUE,"SCLC","SIM-F034",65,"Male","Hispanic",0,"Extensive",2013,"Private","Higher","Community",1,17,22,273.808068729075,NA
"SYN-SCLC-002427",TRUE,"SCLC","SIM-F035",65,"Female","Other",1,"Extensive",2022,"Private","Middle","Integrated",0,23,NA,426.145535739611,1
"SYN-SCLC-002428",TRUE,"SCLC","SIM-F025",70,"Female","Hispanic",0,"Extensive",2021,"Public","Middle","Integrated",1,15,36,172.34693128049,1
"SYN-SCLC-002429",TRUE,"SCLC","SIM-F023",56,"Female","Black",0,"Extensive",2011,"Private","Middle","Integrated",1,29,57,873.079999374135,1
"SYN-SCLC-002430",TRUE,"SCLC","SIM-F044",62,"Female","Other",1,"Extensive",2014,"Private","Higher","Academic",1,41,80,573.72927201338,1
"SYN-SCLC-002431",TRUE,"SCLC","SIM-F018",76,"Female","Hispanic",0,"Extensive",2021,"Private","Lower","Integrated",1,39,70,1208.45845108787,1
"SYN-SCLC-002432",TRUE,"SCLC","SIM-F046",69,"Male","Other",1,"Extensive",2012,"Public","Lower","Academic",0,27,NA,739.544851463599,1
"SYN-SCLC-002433",TRUE,"SCLC","SIM-F019",50,"Male","Black",1,"Extensive",2011,"Private","Middle","Academic",1,38,59,130.384659111316,1
"SYN-SCLC-002434",TRUE,"SCLC","SIM-F057",46,"Male","Black",0,"Extensive",2011,"Private","Middle","Community",1,21,29,556.656113657565,1
"SYN-SCLC-002435",TRUE,"SCLC","SIM-F024",71,"Female","Hispanic",0,"Extensive",2016,"Private","Lower","Integrated",1,21,33,969.818369198313,1
"SYN-SCLC-002436",TRUE,"SCLC","SIM-F003",65,"Female","Hispanic",0,"Extensive",2020,"Public","Middle","Integrated",1,16,36,656.012474013677,1
"SYN-SCLC-002437",TRUE,"SCLC","SIM-F034",52,"Female","Other",1,"Extensive",2020,"Private","Middle","Community",1,43,45,416.378176964387,1
"SYN-SCLC-002438",TRUE,"SCLC","SIM-F010",61,"Male","Black",1,"Extensive",2018,"Public","Lower","Integrated",1,NA,NA,32.5123024190029,1
"SYN-SCLC-002439",TRUE,"SCLC","SIM-F055",57,"Male","Hispanic",0,"Extensive",2020,"Private",NA,"Academic",1,37,57,163.339397921394,1
"SYN-SCLC-002440",TRUE,"SCLC","SIM-F045",47,"Male","Black",1,"Extensive",2021,"Private","Lower","Community",0,10,NA,527.128210560185,1
"SYN-SCLC-002441",TRUE,"SCLC","SIM-F039",40,"Male","Other",0,"Extensive",2021,"Public","Lower","Integrated",0,6,NA,642.111491375816,1
"SYN-SCLC-002442",TRUE,"SCLC","SIM-F012",56,"Female","Black",1,"Extensive",2014,"Private","Middle","Community",0,15,NA,35.3215097749573,1
"SYN-SCLC-002443",TRUE,"SCLC","SIM-F034",56,"Male","Hispanic",1,"Extensive",2022,"Public","Middle","Community",1,30,39,766.167704975491,1
"SYN-SCLC-002444",TRUE,"SCLC","SIM-F003",68,"Female","Other",1,"Extensive",2016,"Public","Higher","Integrated",1,7,14,216.016894807763,1
"SYN-SCLC-002445",TRUE,"SCLC","SIM-F039",80,"Female","Hispanic",0,"Extensive",2021,"Public","Higher","Integrated",1,42,77,1178.89970870522,1
"SYN-SCLC-002446",TRUE,"SCLC","SIM-F054",62,"Male","Black",0,"Extensive",2020,"Public","Lower","Integrated",0,29,NA,716.439382057025,1
"SYN-SCLC-002447",TRUE,"SCLC","SIM-F031",75,"Male","Black",0,"Extensive",2020,"Public","Lower","Academic",0,18,NA,180.672967348585,1
"SYN-SCLC-002448",TRUE,"SCLC","SIM-F055",72,"Female","Other",0,"Extensive",2015,"Private","Lower",NA,1,42,71,268.783719591,1
"SYN-SCLC-002449",TRUE,"SCLC","SIM-F018",54,"Female","Other",1,"Extensive",2016,"Private","Higher","Integrated",1,15,36,99.2604457023596,1
"SYN-SCLC-002450",TRUE,"SCLC","SIM-F006",49,"Male","Other",1,"Extensive",2021,"Private","Lower","Integrated",1,17,55,899.90694357628,1
"SYN-SCLC-002451",TRUE,"SCLC","SIM-F006",79,"Male","Other",1,"Extensive",2015,"Public","Middle","Integrated",0,23,NA,394.23411082696,1
"SYN-SCLC-002452",TRUE,"SCLC","SIM-F052",63,"Female","Hispanic",1,"Extensive",2013,NA,"Higher","Academic",0,26,NA,525.037754093998,1
"SYN-SCLC-002453",TRUE,"SCLC","SIM-F033",54,"Female","Black",0,"Extensive",2015,"Private","Higher","Community",0,26,NA,253.810590816925,1
"SYN-SCLC-002454",TRUE,"SCLC","SIM-F035",66,"Male","Other",0,"Extensive",2013,"Private","Lower","Integrated",0,38,NA,91.5662854658045,1
"SYN-SCLC-002455",TRUE,"SCLC","SIM-F041",71,"Male","Black",0,"Extensive",2010,"Public","Middle","Academic",1,9,36,282.605723342199,1
"SYN-SCLC-002456",TRUE,"SCLC","SIM-F053",43,"Female","Black",0,"Extensive",2016,"Private","Lower","Academic",1,41,61,377.785827917886,1
"SYN-SCLC-002457",TRUE,"SCLC","SIM-F011",71,"Male","Black",1,"Extensive",2021,"Private","Higher","Integrated",0,45,NA,834.180835176602,1
"SYN-SCLC-002458",TRUE,"SCLC","SIM-F020",73,"Female","Hispanic",0,"Extensive",2022,"Private","Middle","Community",1,7,28,404.778553311633,1
"SYN-SCLC-002459",TRUE,"SCLC","SIM-F013",62,"Male","Other",1,"Extensive",2020,"Public","Middle","Integrated",0,38,NA,212.583084753533,1
"SYN-SCLC-002460",TRUE,"SCLC","SIM-F046",59,"Female","Hispanic",0,"Extensive",2022,"Private","Middle","Academic",1,35,45,1408.96520133791,1
"SYN-SCLC-002461",TRUE,"SCLC","SIM-F060",57,"Male","Hispanic",2,"Extensive",2016,"Private","Lower",NA,1,43,44,141.619579731338,1
"SYN-SCLC-002462",TRUE,"SCLC","SIM-F007",70,"Female","Other",0,"Extensive",2011,"Public","Higher","Academic",1,19,32,932.953446507454,0
"SYN-SCLC-002463",TRUE,"SCLC","SIM-F060",59,"Male","Other",0,"Extensive",2014,"Public","Lower","Academic",0,25,NA,48.9336070273847,0
"SYN-SCLC-002464",TRUE,"SCLC","SIM-F033",62,"Male","Black",0,"Extensive",2017,"Public","Higher","Community",0,10,NA,245.145047799005,1
"SYN-SCLC-002465",TRUE,"SCLC","SIM-F049",53,"Male","Other",1,"Extensive",2015,"Private","Lower","Academic",0,39,NA,543.171457784608,1
"SYN-SCLC-002466",TRUE,"SCLC","SIM-F015",54,"Male","Other",0,"Extensive",2017,"Private","Higher","Academic",1,9,18,18.2995898670338,1
"SYN-SCLC-002467",TRUE,"SCLC","SIM-F058",60,"Male","Other",1,"Extensive",2010,"Public","Middle","Academic",0,11,NA,462.105207539809,1
"SYN-SCLC-002468",TRUE,"SCLC","SIM-F023",67,"Female","Hispanic",1,"Extensive",2021,"Private","Middle","Integrated",1,NA,NA,0.277571732509312,1
"SYN-SCLC-002469",TRUE,"SCLC","SIM-F018",47,"Male","Other",0,"Extensive",2017,"Private",NA,"Integrated",1,14,52,311.861046496617,1
"SYN-SCLC-002470",TRUE,"SCLC","SIM-F055",46,"Female","Other",1,"Extensive",2012,"Private","Higher","Academic",0,37,NA,444.947839324514,1
"SYN-SCLC-002471",TRUE,"SCLC","SIM-F037",41,"Male","Black",0,"Limited",2013,NA,NA,"Community",1,40,45,135.099772699177,0
"SYN-SCLC-002472",TRUE,"SCLC","SIM-F052",47,"Male","Black",0,"Limited",2021,"Public","Lower","Academic",1,9,37,1585.30311419396,0
"SYN-SCLC-002473",TRUE,"SCLC","SIM-F020",53,"Male","Hispanic",0,"Extensive",2014,"Private","Lower","Community",0,20,NA,154.144799087953,1
"SYN-SCLC-002474",TRUE,"SCLC","SIM-F034",62,"Female","Other",2,"Extensive",2016,"Private","Higher","Community",1,15,15,202.686968672752,1
"SYN-SCLC-002475",TRUE,"SCLC","SIM-F015",61,"Male","Hispanic",1,"Limited",2019,"Public","Middle","Academic",0,44,NA,204.533396740405,1
"SYN-SCLC-002476",TRUE,"SCLC","SIM-F020",75,"Male","Other",0,"Extensive",2011,"Public","Lower","Community",1,9,29,519.988521305444,1
"SYN-SCLC-002477",TRUE,"SCLC","SIM-F050",72,"Female","Other",1,"Extensive",2012,"Private","Higher","Academic",1,17,35,940.470994202387,1
"SYN-SCLC-002478",TRUE,"SCLC","SIM-F048",61,"Female","Other",2,"Extensive",2022,"Private","Higher","Community",1,18,29,291.159355882555,0
"SYN-SCLC-002479",TRUE,"SCLC","SIM-F001",60,"Male","Hispanic",0,"Extensive",2013,"Public","Higher","Community",1,100,20,1223.32796878784,1
"SYN-SCLC-002480",TRUE,"SCLC","SIM-F020",37,"Male","Hispanic",1,"Extensive",2016,"Private",NA,"Community",1,45,63,1214.99409718973,1
"SYN-SCLC-002481",TRUE,"SCLC","SIM-F034",51,"Female","Hispanic",1,"Extensive",2013,"Private",NA,"Community",1,33,47,2044.53191887238,0
"SYN-SCLC-002482",TRUE,"SCLC","SIM-F017",86,"Female","Other",1,"Extensive",2011,"Public","Middle","Academic",0,24,NA,150.772443109162,1
"SYN-SCLC-002483",TRUE,"SCLC","SIM-F034",49,"Female","Other",1,"Extensive",2018,"Private","Middle","Community",0,33,NA,634.71897779105,1
"SYN-SCLC-002484",TRUE,"SCLC","SIM-F050",48,"Female","Other",0,"Extensive",2013,"Private","Middle","Academic",0,13,NA,599.090498497373,1
"SYN-SCLC-002485",TRUE,"SCLC","SIM-F052",89,"Male","Other",2,"Extensive",2021,"Public","Middle","Academic",0,29,NA,104.667583814402,1
"SYN-SCLC-002486",TRUE,"SCLC","SIM-F028",69,"Female","Other",1,"Limited",2013,"Public","Lower",NA,0,10,NA,1871.96178844229,1
"SYN-SCLC-002487",TRUE,"SCLC","SIM-F003",54,"Female","Other",0,"Extensive",2011,"Private","Lower","Integrated",0,25,NA,671.830574905317,1
"SYN-SCLC-002488",TRUE,"SCLC","SIM-F014",37,"Male","Black",0,"Extensive",2017,"Private","Middle","Integrated",1,23,52,1606.0541639455,1
"SYN-SCLC-002489",TRUE,"SCLC","SIM-F049",26,"Female","Other",1,"Extensive",2019,"Private","Higher","Academic",1,15,46,2350.21122985869,0
"SYN-SCLC-002490",TRUE,"SCLC","SIM-F011",67,"Female","Other",0,"Limited",2022,"Public","Higher",NA,1,44,70,2648.16956341152,1
"SYN-SCLC-002491",TRUE,"SCLC","SIM-F001",41,"Female","Black",1,"Extensive",2022,"Private","Lower","Community",1,40,65,1222.58326324795,0
"SYN-SCLC-002492",TRUE,"SCLC","SIM-F030",76,"Female","Black",2,"Extensive",2014,"Public","Middle","Academic",0,37,NA,131.00959305831,1
"SYN-SCLC-002493",TRUE,"SCLC","SIM-F038",82,"Female","Black",1,"Limited",2017,"Public","Lower","Community",0,27,NA,1140.58478405564,1
"SYN-SCLC-002494",TRUE,"SCLC","SIM-F017",69,"Female","Hispanic",0,"Extensive",2019,"Private","Higher","Academic",1,38,77,570.338846954718,1
"SYN-SCLC-002495",TRUE,"SCLC","SIM-F006",39,"Female","Other",0,"Limited",2012,NA,"Middle","Integrated",1,36,43,118.346527554095,0
"SYN-SCLC-002496",TRUE,"SCLC","SIM-F005",80,"Male","Black",1,"Extensive",2022,"Public","Lower","Community",0,45,NA,177.70544502491,1
"SYN-SCLC-002497",TRUE,"SCLC","SIM-F046",47,"Female","Hispanic",0,"Extensive",2014,"Private","Higher","Academic",1,33,50,983.601268156443,1
"SYN-SCLC-002498",TRUE,"SCLC","SIM-F059",73,"Male","Hispanic",1,"Extensive",2014,"Public","Middle","Academic",1,39,78,188.828311390402,1
"SYN-SCLC-002499",TRUE,"SCLC","SIM-F017",90,"Female","Black",2,"Extensive",2022,"Private","Middle","Academic",0,8,NA,212.475943322865,1
"SYN-SCLC-002500",TRUE,"SCLC","SIM-F001",65,"Female","Other",1,"Extensive",2011,"Public","Middle","Community",0,28,NA,149.851263950593,1
